listing_year,inventory_type,group_var,group_level,category_var,category_level,n,p
2021,New,powertrain,Battery Electric (BEV),vehicle_type,CUV,57965,0.6045451701049206
2020,New,powertrain,Battery Electric (BEV),vehicle_type,CUV,12684,0.31710792769819246
2019,New,powertrain,Battery Electric (BEV),vehicle_type,CUV,7726,0.1905725068449224
2018,New,powertrain,Battery Electric (BEV),vehicle_type,CUV,186,0.006008528233621915
2017,New,powertrain,Battery Electric (BEV),vehicle_type,Car,9152,0.9858881826995584
2016,New,powertrain,Battery Electric (BEV),vehicle_type,Car,3032,0.9805950840879689
2018,New,powertrain,Battery Electric (BEV),vehicle_type,Car,30739,0.9929900503941078
2019,New,powertrain,Battery Electric (BEV),vehicle_type,Car,32814,0.8094028267679633
2020,New,powertrain,Battery Electric (BEV),vehicle_type,Car,27315,0.6828920723018076
2021,New,powertrain,Battery Electric (BEV),vehicle_type,Car,37917,0.39545482989507935
2024,New,powertrain,Battery Electric (BEV),vehicle_type,Car,71245,0.13798960695865056
2022,New,powertrain,Battery Electric (BEV),vehicle_type,Car,30259,0.17156740451782637
2023,New,powertrain,Battery Electric (BEV),vehicle_type,Car,65640,0.18609978622906945
2024,New,powertrain,Battery Electric (BEV),vehicle_type,CUV,395155,0.7653489106287539
2022,New,powertrain,Battery Electric (BEV),vehicle_type,CUV,138423,0.7848532613626055
2023,New,powertrain,Battery Electric (BEV),vehicle_type,CUV,266235,0.7548183514121923
2024,New,powertrain,Battery Electric (BEV),vehicle_type,SUV,10860,0.02103399721483536
2023,New,powertrain,Battery Electric (BEV),vehicle_type,SUV,1340,0.0037991120284423074
2016,New,powertrain,Gasoline,vehicle_type,Car,540166,0.37382428599011885
2017,New,powertrain,Gasoline,vehicle_type,Car,785302,0.3632682307869157
2018,New,powertrain,Battery Electric (BEV),vehicle_type,Minivan,31,0.0010014213722703191
2024,New,powertrain,Battery Electric (BEV),vehicle_type,Minivan,933,0.0018070644016060212
2022,New,powertrain,Battery Electric (BEV),vehicle_type,Pickup,7686,0.04357933411956818
2024,New,powertrain,Battery Electric (BEV),vehicle_type,Pickup,38114,0.07382042079615422
2023,New,powertrain,Battery Electric (BEV),vehicle_type,Pickup,19499,0.055282750330295935
2017,New,powertrain,Battery Electric (BEV),vehicle_type,Minivan,131,0.014111817300441667
2016,New,powertrain,Battery Electric (BEV),vehicle_type,Minivan,60,0.019404915912031046
2019,New,powertrain,Battery Electric (BEV),vehicle_type,Minivan,1,2.466638711427937e-5
2020,New,powertrain,Gasoline,vehicle_type,Car,1778835,0.2350409761064434
2019,New,powertrain,Gasoline,vehicle_type,Car,2092768,0.2652629620292217
2021,New,powertrain,Gasoline,vehicle_type,Car,1569356,0.21974740801687456
2018,New,powertrain,Gasoline,vehicle_type,Car,2417289,0.2975848649468474
2016,New,powertrain,Gasoline,vehicle_type,CUV,439688,0.30428803860002923
2017,New,powertrain,Gasoline,vehicle_type,CUV,717920,0.33209838794061713
2019,New,powertrain,Gasoline,vehicle_type,CUV,3038371,0.38512022890434505
2018,New,powertrain,Gasoline,vehicle_type,CUV,3005917,0.37004901130416457
2021,New,powertrain,Gasoline,vehicle_type,CUV,3297711,0.46175848223012206
2020,New,powertrain,Gasoline,vehicle_type,CUV,2985085,0.39442516712382125
2016,New,powertrain,Gasoline,vehicle_type,Minivan,50220,0.03475497466042618
2017,New,powertrain,Gasoline,vehicle_type,Minivan,55600,0.025719676801730436
2019,New,powertrain,Gasoline,vehicle_type,Minivan,179681,0.022774963245028874
2018,New,powertrain,Gasoline,vehicle_type,Minivan,207661,0.025564494208068327
2021,New,powertrain,Gasoline,vehicle_type,Minivan,71242,0.009975585426084444
2020,New,powertrain,Gasoline,vehicle_type,Minivan,140658,0.018585418893365666
2023,New,powertrain,Gasoline,vehicle_type,Minivan,130194,0.013296186718927922
2022,New,powertrain,Gasoline,vehicle_type,Minivan,66576,0.007865183273443063
2024,New,powertrain,Gasoline,vehicle_type,Minivan,148606,0.01458833928279905
2018,New,powertrain,Gasoline,vehicle_type,Pickup,1548687,0.19065399782150097
2020,New,powertrain,Gasoline,vehicle_type,Pickup,1686769,0.22287611398813797
2019,New,powertrain,Gasoline,vehicle_type,Pickup,1638972,0.2077433176553529
2021,New,powertrain,Gasoline,vehicle_type,Pickup,1298781,0.1818604308592597
2021,New,powertrain,Gasoline,vehicle_type,SUV,904546,0.12665809346765924
2020,New,powertrain,Gasoline,vehicle_type,SUV,976844,0.12907232388823167
2018,New,powertrain,Gasoline,vehicle_type,SUV,943470,0.11614763171941878
2019,New,powertrain,Gasoline,vehicle_type,SUV,939617,0.11909852816605147
2024,New,powertrain,Gasoline,vehicle_type,SUV,1074905,0.10552116897552664
2023,New,powertrain,Gasoline,vehicle_type,SUV,1035264,0.10572732573992809
2022,New,powertrain,Gasoline,vehicle_type,SUV,1037933,0.12261976193454967
2023,New,powertrain,Gasoline,vehicle_type,Pickup,1905395,0.19459028598331465
2024,New,powertrain,Gasoline,vehicle_type,Pickup,2038147,0.20008061548133343
2022,New,powertrain,Gasoline,vehicle_type,Pickup,1654349,0.19544217260329935
2023,New,powertrain,Gasoline,vehicle_type,CUV,4699385,0.47992918586209116
2024,New,powertrain,Gasoline,vehicle_type,CUV,4871480,0.47822297248677653
2022,New,powertrain,Gasoline,vehicle_type,CUV,3988219,0.47116188070217224
2023,New,powertrain,Gasoline,vehicle_type,Car,2021592,0.20645701569573818
2024,New,powertrain,Gasoline,vehicle_type,Car,2053491,0.20158690377356434
2022,New,powertrain,Gasoline,vehicle_type,Car,1717570,0.2029110014865357
2016,New,powertrain,Gasoline,vehicle_type,Pickup,251601,0.17412159258339083
2017,New,powertrain,Gasoline,vehicle_type,Pickup,400177,0.18511552344399423
2017,New,powertrain,Gasoline,vehicle_type,SUV,202770,0.09379818102674245
2016,New,powertrain,Gasoline,vehicle_type,SUV,163298,0.11301110816603493
2018,New,powertrain,Hybrid Electric (HEV),vehicle_type,CUV,50458,0.2738294223630799
2019,New,powertrain,Hybrid Electric (HEV),vehicle_type,CUV,77125,0.3583775545291488
2020,New,powertrain,Hybrid Electric (HEV),vehicle_type,CUV,175015,0.5596522139542915
2021,New,powertrain,Hybrid Electric (HEV),vehicle_type,CUV,185319,0.4403298927919708
2022,New,powertrain,Hybrid Electric (HEV),vehicle_type,CUV,102150,0.3777094133394467
2023,New,powertrain,Hybrid Electric (HEV),vehicle_type,CUV,176469,0.42202016965082156
2024,New,powertrain,Hybrid Electric (HEV),vehicle_type,CUV,220265,0.46667104527195374
2023,New,powertrain,Hybrid Electric (HEV),vehicle_type,Car,137609,0.32908767843349207
2024,New,powertrain,Hybrid Electric (HEV),vehicle_type,Car,142341,0.30157502669536773
2022,New,powertrain,Hybrid Electric (HEV),vehicle_type,Car,78479,0.2901836226085799
2016,New,powertrain,Hybrid Electric (HEV),vehicle_type,Minivan,5174,0.14150143579926158
2017,New,powertrain,Hybrid Electric (HEV),vehicle_type,Minivan,6616,0.1104378453269234
2021,New,powertrain,Hybrid Electric (HEV),vehicle_type,Minivan,70839,0.1683180314781022
2020,New,powertrain,Hybrid Electric (HEV),vehicle_type,Minivan,10754,0.03438848046661401
2018,New,powertrain,Hybrid Electric (HEV),vehicle_type,Minivan,14242,0.07728959993053595
2019,New,powertrain,Hybrid Electric (HEV),vehicle_type,Minivan,3786,0.01759244630725909
2024,New,powertrain,Hybrid Electric (HEV),vehicle_type,Minivan,87184,0.18471499516940965
2023,New,powertrain,Hybrid Electric (HEV),vehicle_type,Minivan,72765,0.17401525279024663
2022,New,powertrain,Hybrid Electric (HEV),vehicle_type,Minivan,61289,0.22662195040784483
2021,New,powertrain,Plug-In Hybrid Electric (PHEV),vehicle_type,CUV,2985,0.15174622540796096
2018,New,powertrain,Plug-In Hybrid Electric (PHEV),vehicle_type,CUV,15829,0.31070152710713306
2020,New,powertrain,Plug-In Hybrid Electric (PHEV),vehicle_type,CUV,4648,0.2515832205683356
2019,New,powertrain,Plug-In Hybrid Electric (PHEV),vehicle_type,CUV,13187,0.36112936794829664
2023,New,powertrain,Plug-In Hybrid Electric (PHEV),vehicle_type,CUV,9306,0.5911574132892898
2024,New,powertrain,Plug-In Hybrid Electric (PHEV),vehicle_type,CUV,7324,0.3863072946885384
2022,New,powertrain,Plug-In Hybrid Electric (PHEV),vehicle_type,CUV,6020,0.4034311754456507
2022,Used,powertrain,Battery Electric (BEV),vehicle_type,CUV,34977,0.304645855833885
2024,Used,powertrain,Battery Electric (BEV),vehicle_type,CUV,129007,0.42913645133390993
2023,Used,powertrain,Battery Electric (BEV),vehicle_type,CUV,63157,0.3653269936024248
2023,Used,powertrain,Battery Electric (BEV),vehicle_type,Pickup,3290,0.01903076157752866
2024,Used,powertrain,Battery Electric (BEV),vehicle_type,Pickup,6370,0.021189541613997737
2022,Used,powertrain,Battery Electric (BEV),vehicle_type,Pickup,1032,0.008988607462634567
2016,Used,powertrain,Gasoline,vehicle_type,CUV,2397133,0.26073849619122114
2017,Used,powertrain,Gasoline,vehicle_type,CUV,3117170,0.2757007498350706
2021,Used,powertrain,Gasoline,vehicle_type,CUV,3198295,0.30518751842836245
2020,Used,powertrain,Gasoline,vehicle_type,CUV,2896611,0.2924497841618538
2019,Used,powertrain,Gasoline,vehicle_type,CUV,2765611,0.2870424552535846
2018,Used,powertrain,Gasoline,vehicle_type,CUV,2476926,0.2740439237933769
2017,Used,powertrain,Gasoline,vehicle_type,Car,4668862,0.41294146750946126
2016,Used,powertrain,Gasoline,vehicle_type,Car,3947308,0.4293525440280438
2021,Used,powertrain,Gasoline,vehicle_type,Minivan,326859,0.031189520380695376
2020,Used,powertrain,Gasoline,vehicle_type,Minivan,362258,0.03657456037793989
2018,Used,powertrain,Gasoline,vehicle_type,Minivan,371258,0.04107551015237496
2019,Used,powertrain,Gasoline,vehicle_type,Minivan,368201,0.03821554045989299
2023,Used,powertrain,Gasoline,vehicle_type,Minivan,364966,0.0282641252088836
2024,Used,powertrain,Gasoline,vehicle_type,Minivan,337391,0.025559223300088287
2022,Used,powertrain,Gasoline,vehicle_type,Minivan,370129,0.02862266627743097
2016,Used,powertrain,Gasoline,vehicle_type,Pickup,1380811,0.15019216024488263
2017,Used,powertrain,Gasoline,vehicle_type,Pickup,1737165,0.15364503478707944
2020,Used,powertrain,Gasoline,vehicle_type,Pickup,1640145,0.16559353369994922
2021,Used,powertrain,Gasoline,vehicle_type,Pickup,1798744,0.17163964476319613
2018,Used,powertrain,Gasoline,vehicle_type,Pickup,1379774,0.15265643015095437
2019,Used,powertrain,Gasoline,vehicle_type,Pickup,1513362,0.1570716721069866
2017,Used,powertrain,Gasoline,vehicle_type,SUV,1302679,0.11521655126104766
2016,Used,powertrain,Gasoline,vehicle_type,SUV,1055830,0.11484365966910347
2020,Used,powertrain,Gasoline,vehicle_type,SUV,1297707,0.13102005483488352
2021,Used,powertrain,Gasoline,vehicle_type,SUV,1409892,0.1345346319623427
2019,Used,powertrain,Gasoline,vehicle_type,SUV,1201170,0.12466929947015262
2018,Used,powertrain,Gasoline,vehicle_type,SUV,1108903,0.12268760924882173
2018,Used,powertrain,Gasoline,vehicle_type,Car,3701566,0.40953652665447204
2021,Used,powertrain,Gasoline,vehicle_type,Car,3745980,0.35744868446540334
2019,Used,powertrain,Gasoline,vehicle_type,Car,3786506,0.39300103270938314
2020,Used,powertrain,Gasoline,vehicle_type,Car,3707923,0.3743620669253736
2022,Used,powertrain,Gasoline,vehicle_type,Pickup,2229246,0.1723911509454754
2024,Used,powertrain,Gasoline,vehicle_type,Pickup,2278283,0.17259246375213044
2023,Used,powertrain,Gasoline,vehicle_type,Pickup,2151594,0.16662626714456333
2023,Used,powertrain,Gasoline,vehicle_type,CUV,4649460,0.3600689368151991
2024,Used,powertrain,Gasoline,vehicle_type,CUV,5030193,0.3810647768599073
2022,Used,powertrain,Gasoline,vehicle_type,CUV,4390998,0.3395628831538918
2022,Used,powertrain,Gasoline,vehicle_type,SUV,1722264,0.13318542376747936
2023,Used,powertrain,Gasoline,vehicle_type,SUV,1710769,0.13248738024768494
2024,Used,powertrain,Gasoline,vehicle_type,SUV,1776135,0.13455199183173916
2017,Used,powertrain,Diesel,vehicle_type,Minivan,280,0.001044195577831728
2016,Used,powertrain,Diesel,vehicle_type,Minivan,281,0.0013755696865561315
2019,Used,powertrain,Diesel,vehicle_type,Minivan,57,1.7020717497894807e-4
2020,Used,powertrain,Diesel,vehicle_type,Minivan,12,3.596820410756891e-5
2018,Used,powertrain,Diesel,vehicle_type,Minivan,92,3.2800444945166215e-4
2023,Used,powertrain,Diesel,vehicle_type,Minivan,142,3.2683348984514536e-4
2022,Used,powertrain,Diesel,vehicle_type,Minivan,130,3.0218713752071724e-4
2024,Used,powertrain,Diesel,vehicle_type,Minivan,181,4.0760900162818404e-4
2023,Used,powertrain,Gasoline,vehicle_type,Car,4035905,0.31255329058366904
2024,Used,powertrain,Gasoline,vehicle_type,Car,3778360,0.2862315442561348
2022,Used,powertrain,Gasoline,vehicle_type,Car,4218688,0.32623787585572245
2021,Used,powertrain,Diesel,vehicle_type,Pickup,292522,0.8781385463322086
2019,Used,powertrain,Diesel,vehicle_type,Pickup,238491,0.712155778384286
2018,Used,powertrain,Diesel,vehicle_type,Pickup,215418,0.7680224183910669
2020,Used,powertrain,Diesel,vehicle_type,Pickup,262871,0.7879164818300622
2024,Used,powertrain,Diesel,vehicle_type,Pickup,399530,0.89973494154977
2022,Used,powertrain,Diesel,vehicle_type,Pickup,382389,0.888869517918535
2023,Used,powertrain,Diesel,vehicle_type,Pickup,385566,0.8874357841241783
2018,Used,powertrain,Hybrid Electric (HEV),vehicle_type,Car,146993,0.806745149694026
2019,Used,powertrain,Hybrid Electric (HEV),vehicle_type,Car,157964,0.7921052235699995
2020,Used,powertrain,Hybrid Electric (HEV),vehicle_type,Car,163606,0.7675231397863587
2021,Used,powertrain,Hybrid Electric (HEV),vehicle_type,Car,160673,0.6768969570327804
2022,Used,powertrain,Hybrid Electric (HEV),vehicle_type,Car,156470,0.5755641794338894
2023,Used,powertrain,Hybrid Electric (HEV),vehicle_type,Car,177785,0.5461552403685169
2024,Used,powertrain,Hybrid Electric (HEV),vehicle_type,Car,173467,0.49720394972555426
2017,Used,powertrain,Hybrid Electric (HEV),vehicle_type,CUV,21375,0.0975043449304583
2016,Used,powertrain,Hybrid Electric (HEV),vehicle_type,CUV,17619,0.0939800294437688
2016,Used,powertrain,Hybrid Electric (HEV),vehicle_type,Minivan,17471,0.09319059506283471
2017,Used,powertrain,Hybrid Electric (HEV),vehicle_type,Minivan,20769,0.09474001122155268
2018,Used,powertrain,Hybrid Electric (HEV),vehicle_type,Minivan,13848,0.07600230509590845
2020,Used,powertrain,Hybrid Electric (HEV),vehicle_type,Minivan,9403,0.04411219688404539
2021,Used,powertrain,Hybrid Electric (HEV),vehicle_type,Minivan,11287,0.04755083899615364
2019,Used,powertrain,Hybrid Electric (HEV),vehicle_type,Minivan,11924,0.05979250136644219
2023,Used,powertrain,Hybrid Electric (HEV),vehicle_type,Minivan,38361,0.11784493166339499
2024,Used,powertrain,Hybrid Electric (HEV),vehicle_type,Minivan,46386,0.1329549851670321
2022,Used,powertrain,Hybrid Electric (HEV),vehicle_type,Minivan,22669,0.08338636405436722
2016,Used,powertrain,Hybrid Electric (HEV),vehicle_type,SUV,2089,0.011142759606562974
2017,Used,powertrain,Hybrid Electric (HEV),vehicle_type,SUV,1919,0.008753723411534478
2016,Used,powertrain,Plug-In Hybrid Electric (PHEV),vehicle_type,Car,16868,0.970931905830887
2017,Used,powertrain,Plug-In Hybrid Electric (PHEV),vehicle_type,Car,22386,0.9567893319656366
2024,Used,powertrain,Hybrid Electric (HEV),vehicle_type,SUV,14382,0.04122275248290984
2022,Used,powertrain,Hybrid Electric (HEV),vehicle_type,SUV,6696,0.024630777436501074
2023,Used,powertrain,Hybrid Electric (HEV),vehicle_type,SUV,9057,0.027823089754578045
2019,Used,powertrain,Plug-In Hybrid Electric (PHEV),vehicle_type,Car,27796,0.8618113043747868
2020,Used,powertrain,Plug-In Hybrid Electric (PHEV),vehicle_type,Car,25128,0.7575976845151954
2021,Used,powertrain,Plug-In Hybrid Electric (PHEV),vehicle_type,Car,27519,0.6680828336287054
2018,Used,powertrain,Plug-In Hybrid Electric (PHEV),vehicle_type,Car,19042,0.9188824011967379
2023,Used,powertrain,Plug-In Hybrid Electric (PHEV),vehicle_type,Car,27937,0.585239651416122
2022,Used,powertrain,Plug-In Hybrid Electric (PHEV),vehicle_type,Car,24804,0.6349580176121237
2024,Used,powertrain,Plug-In Hybrid Electric (PHEV),vehicle_type,Car,24761,0.46183832581042267
2016,Used,powertrain,Hybrid Electric (HEV),vehicle_type,Pickup,303,0.0016162068744799334
2017,Used,powertrain,Hybrid Electric (HEV),vehicle_type,Pickup,290,0.0013228659663079723
2021,Used,powertrain,Hybrid Electric (HEV),vehicle_type,Pickup,14276,0.06014315385036673
2020,Used,powertrain,Hybrid Electric (HEV),vehicle_type,Pickup,4101,0.019238978987713512
2019,Used,powertrain,Hybrid Electric (HEV),vehicle_type,Pickup,1172,0.0058769550152189065
2018,Used,powertrain,Hybrid Electric (HEV),vehicle_type,Pickup,407,0.0022337477017644962
2023,Used,powertrain,Hybrid Electric (HEV),vehicle_type,Pickup,20994,0.0644935349793101
2022,Used,powertrain,Hybrid Electric (HEV),vehicle_type,Pickup,29498,0.10850637288260286
2024,Used,powertrain,Hybrid Electric (HEV),vehicle_type,Pickup,18120,0.05193688464680339
2019,Used,powertrain,Hybrid Electric (HEV),vehicle_type,SUV,1686,0.008454390917797847
2018,Used,powertrain,Hybrid Electric (HEV),vehicle_type,SUV,1274,0.0069921242556461125
2021,Used,powertrain,Hybrid Electric (HEV),vehicle_type,SUV,1594,0.006715339537509427
2020,Used,powertrain,Hybrid Electric (HEV),vehicle_type,SUV,1281,0.006009542083214097
2017,Used,powertrain,Plug-In Hybrid Electric (PHEV),vehicle_type,CUV,1011,0.04321066803436338
2016,Used,powertrain,Plug-In Hybrid Electric (PHEV),vehicle_type,CUV,505,0.02906809416911299
2019,Used,powertrain,Plug-In Hybrid Electric (PHEV),vehicle_type,CUV,4346,0.13474715530338263
2021,Used,powertrain,Plug-In Hybrid Electric (PHEV),vehicle_type,CUV,11163,0.271005802238353
2020,Used,powertrain,Plug-In Hybrid Electric (PHEV),vehicle_type,CUV,6998,0.2109864930053063
2018,Used,powertrain,Plug-In Hybrid Electric (PHEV),vehicle_type,CUV,1681,0.08111759880326208
2024,Used,powertrain,Plug-In Hybrid Electric (PHEV),vehicle_type,CUV,19113,0.35649270712873504
2023,Used,powertrain,Plug-In Hybrid Electric (PHEV),vehicle_type,CUV,12288,0.2574157868275515
2022,Used,powertrain,Plug-In Hybrid Electric (PHEV),vehicle_type,CUV,9764,0.2499488019660045
2017,New,powertrain,Hybrid Electric (HEV),vehicle_type,CUV,17439,0.2911012068706495
2016,New,powertrain,Hybrid Electric (HEV),vehicle_type,CUV,4554,0.12454533023383016
2017,New,powertrain,Hybrid Electric (HEV),vehicle_type,Pickup,56,9.347822458143455e-4
2018,New,powertrain,Hybrid Electric (HEV),vehicle_type,Pickup,1062,0.005763344693598455
2019,New,powertrain,Hybrid Electric (HEV),vehicle_type,Pickup,34,1.5798816018140757e-4
2021,New,powertrain,Hybrid Electric (HEV),vehicle_type,Pickup,36319,0.08629628573600973
2020,New,powertrain,Hybrid Electric (HEV),vehicle_type,Pickup,5887,0.018825086898545347
2024,New,powertrain,Hybrid Electric (HEV),vehicle_type,Pickup,879,0.001862319700333904
2022,New,powertrain,Hybrid Electric (HEV),vehicle_type,Pickup,83,3.069004533252479e-4
2023,New,powertrain,Hybrid Electric (HEV),vehicle_type,Pickup,84,2.0088340870446942e-4
2017,New,powertrain,Plug-In Hybrid Electric (PHEV),vehicle_type,Car,9495,0.9773546062789501
2016,New,powertrain,Plug-In Hybrid Electric (PHEV),vehicle_type,Car,4128,1
2017,New,powertrain,Plug-In Hybrid Electric (PHEV),vehicle_type,CUV,220,0.022645393721049924
2018,New,powertrain,Plug-In Hybrid Electric (PHEV),vehicle_type,Car,35117,0.6892984728928669
2019,New,powertrain,Plug-In Hybrid Electric (PHEV),vehicle_type,Car,23329,0.6388706320517034
2021,New,powertrain,Plug-In Hybrid Electric (PHEV),vehicle_type,Car,16686,0.848253774592039
2020,New,powertrain,Plug-In Hybrid Electric (PHEV),vehicle_type,Car,13827,0.7484167794316644
2023,New,powertrain,Plug-In Hybrid Electric (PHEV),vehicle_type,Car,6436,0.4088425867107102
2024,New,powertrain,Plug-In Hybrid Electric (PHEV),vehicle_type,Car,11635,0.6136927053114616
2022,New,powertrain,Plug-In Hybrid Electric (PHEV),vehicle_type,Car,8902,0.5965688245543492
2021,New,powertrain,Hybrid Electric (HEV),vehicle_type,SUV,17009,0.04041448068734793
2020,New,powertrain,Hybrid Electric (HEV),vehicle_type,SUV,572,0.0018291064559143773
2019,New,powertrain,Hybrid Electric (HEV),vehicle_type,SUV,15,6.970065890356216e-5
2024,New,powertrain,Hybrid Electric (HEV),vehicle_type,SUV,21323,0.04517661316293496
2023,New,powertrain,Hybrid Electric (HEV),vehicle_type,SUV,31226,0.07467601571673527
2022,New,powertrain,Hybrid Electric (HEV),vehicle_type,SUV,28445,0.10517811319080334
2024,Used,powertrain,Battery Electric (BEV),vehicle_type,SUV,1893,0.006296986228461181
2023,Used,powertrain,Battery Electric (BEV),vehicle_type,SUV,863,0.0049919596478441445
2022,Used,powertrain,Battery Electric (BEV),vehicle_type,SUV,21,1.8290770999547087e-4
2017,Used,powertrain,Gasoline,vehicle_type,Minivan,480477,0.042496196607341025
2016,Used,powertrain,Gasoline,vehicle_type,Minivan,412547,0.044873139866749026
2021,Used,powertrain,Diesel,vehicle_type,Minivan,14,4.202740186601664e-5
2017,Used,powertrain,Diesel,vehicle_type,Pickup,234347,0.8739432181361855
2016,Used,powertrain,Diesel,vehicle_type,Pickup,171573,0.8398954371227586
2017,Used,powertrain,Diesel,vehicle_type,SUV,5770,0.02151788744317525
2016,Used,powertrain,Diesel,vehicle_type,SUV,4796,0.023477694721434902
2021,Used,powertrain,Diesel,vehicle_type,SUV,8294,0.02489823364833872
2018,Used,powertrain,Diesel,vehicle_type,SUV,6637,0.023662668815333496
2020,Used,powertrain,Diesel,vehicle_type,SUV,8426,0.02525567398419797
2019,Used,powertrain,Diesel,vehicle_type,SUV,9198,0.027466063078181828
2024,Used,powertrain,Diesel,vehicle_type,SUV,19899,0.04481221836132174
2023,Used,powertrain,Diesel,vehicle_type,SUV,17871,0.04113268519029995
2022,Used,powertrain,Diesel,vehicle_type,SUV,14473,0.0336427264718257
2017,Used,powertrain,Hybrid Electric (HEV),vehicle_type,Car,174868,0.7976790544701465
2016,Used,powertrain,Hybrid Electric (HEV),vehicle_type,Car,149994,0.8000704090123536
2023,Used,powertrain,Hybrid Electric (HEV),vehicle_type,CUV,79324,0.24368320323419995
2022,Used,powertrain,Hybrid Electric (HEV),vehicle_type,CUV,56522,0.20791230619263945
2024,Used,powertrain,Hybrid Electric (HEV),vehicle_type,CUV,96530,0.2766814279777004
2016,Used,powertrain,Battery Electric (BEV),vehicle_type,Car,11558,0.9742898086487398
2017,Used,powertrain,Battery Electric (BEV),vehicle_type,Car,23335,0.9687396213882431
2019,Used,powertrain,Battery Electric (BEV),vehicle_type,Car,32846,0.9019661687170475
2018,Used,powertrain,Battery Electric (BEV),vehicle_type,Car,20781,0.9625735328176386
2020,Used,powertrain,Battery Electric (BEV),vehicle_type,Car,34161,0.8390479933192514
2021,Used,powertrain,Battery Electric (BEV),vehicle_type,Car,47266,0.7912216679500486
2022,Used,powertrain,Battery Electric (BEV),vehicle_type,Car,78603,0.6846235585130475
2023,Used,powertrain,Battery Electric (BEV),vehicle_type,Car,105354,0.6094124180057613
2024,Used,powertrain,Battery Electric (BEV),vehicle_type,Car,163187,0.5428348080633357
2017,Used,powertrain,Battery Electric (BEV),vehicle_type,CUV,591,0.024535038193291267
2016,Used,powertrain,Battery Electric (BEV),vehicle_type,CUV,183,0.015426114810756132
2021,Used,powertrain,Battery Electric (BEV),vehicle_type,CUV,12189,0.20404097894137735
2020,Used,powertrain,Battery Electric (BEV),vehicle_type,CUV,6188,0.15198703148794027
2019,Used,powertrain,Battery Electric (BEV),vehicle_type,CUV,3203,0.08795584358523725
2018,Used,powertrain,Battery Electric (BEV),vehicle_type,CUV,512,0.02371578118486266
2017,Used,powertrain,Battery Electric (BEV),vehicle_type,Minivan,162,0.006725340418465626
2016,Used,powertrain,Battery Electric (BEV),vehicle_type,Minivan,122,0.010284076540504089
2019,Used,powertrain,Battery Electric (BEV),vehicle_type,Minivan,367,0.01007798769771529
2020,Used,powertrain,Battery Electric (BEV),vehicle_type,Minivan,365,0.00896497519280837
2018,Used,powertrain,Battery Electric (BEV),vehicle_type,Minivan,296,0.013710685997498726
2021,Used,powertrain,Battery Electric (BEV),vehicle_type,Minivan,283,0.004737353108574107
2022,Used,powertrain,Battery Electric (BEV),vehicle_type,Minivan,179,0.001559070480437585
2024,Used,powertrain,Battery Electric (BEV),vehicle_type,Minivan,163,5.422127602953895e-4
2023,Used,powertrain,Battery Electric (BEV),vehicle_type,Minivan,214,0.001237867166441074
2019,Used,powertrain,Hybrid Electric (HEV),vehicle_type,CUV,26677,0.13377092913054162
2020,Used,powertrain,Hybrid Electric (HEV),vehicle_type,CUV,34770,0.16311614225866833
2021,Used,powertrain,Hybrid Electric (HEV),vehicle_type,CUV,49537,0.20869371058318975
2018,Used,powertrain,Hybrid Electric (HEV),vehicle_type,CUV,19683,0.10802667325265497
2017,New,powertrain,Hybrid Electric (HEV),vehicle_type,Car,35796,0.5975261655566128
2016,New,powertrain,Hybrid Electric (HEV),vehicle_type,Car,26837,0.7339532339669083
2018,New,powertrain,Hybrid Electric (HEV),vehicle_type,Car,118506,0.6431176330127857
2021,New,powertrain,Hybrid Electric (HEV),vehicle_type,Car,111378,0.2646413093065693
2019,New,powertrain,Hybrid Electric (HEV),vehicle_type,Car,134246,0.6238023103445072
2020,New,powertrain,Hybrid Electric (HEV),vehicle_type,Car,120493,0.38530511222463476
2016,Used,powertrain,Diesel,vehicle_type,Car,16601,0.0812663073541578
2017,Used,powertrain,Diesel,vehicle_type,Car,18021,0.06720517324323418
2019,Used,powertrain,Diesel,vehicle_type,Car,74393,0.22214425207384006
2018,Used,powertrain,Diesel,vehicle_type,Car,45556,0.1624192467306513
2020,Used,powertrain,Diesel,vehicle_type,Car,50382,0.15101250494562807
2021,Used,powertrain,Diesel,vehicle_type,Car,19174,0.057559528812785934
2023,Used,powertrain,Diesel,vehicle_type,Car,19273,0.04435959049144709
2022,Used,powertrain,Diesel,vehicle_type,Car,21542,0.050074733203625314
2024,Used,powertrain,Diesel,vehicle_type,Car,14723,0.03315595210481632
2017,Used,powertrain,Diesel,vehicle_type,CUV,9731,0.03628952559957337
2016,Used,powertrain,Diesel,vehicle_type,CUV,11028,0.05398499111509259
2019,Used,powertrain,Diesel,vehicle_type,CUV,12747,0.03806369928871317
2021,Used,powertrain,Diesel,vehicle_type,CUV,13112,0.03936166380480073
2018,Used,powertrain,Diesel,vehicle_type,CUV,12781,0.04556766161349667
2020,Used,powertrain,Diesel,vehicle_type,CUV,11937,0.03577937103600417
2022,Used,powertrain,Diesel,vehicle_type,CUV,11663,0.027110835268493273
2023,Used,powertrain,Diesel,vehicle_type,CUV,11620,0.026745106704229502
2024,Used,powertrain,Diesel,vehicle_type,CUV,9720,0.021889278982463806
2024,Used,powertrain,Plug-In Hybrid Electric (PHEV),vehicle_type,Minivan,90,0.0016786660200693848
2021,Used,powertrain,Plug-In Hybrid Electric (PHEV),vehicle_type,SUV,2509,0.06091136413294166
2020,Used,powertrain,Plug-In Hybrid Electric (PHEV),vehicle_type,SUV,1042,0.03141582247949831
2019,Used,powertrain,Plug-In Hybrid Electric (PHEV),vehicle_type,SUV,111,0.0034415403218305274
2023,Used,powertrain,Plug-In Hybrid Electric (PHEV),vehicle_type,SUV,7511,0.15734456175632647
2024,Used,powertrain,Plug-In Hybrid Electric (PHEV),vehicle_type,SUV,9650,0.17999030104077293
2022,Used,powertrain,Plug-In Hybrid Electric (PHEV),vehicle_type,SUV,4496,0.1150931804218718
2021,New,powertrain,Battery Electric (BEV),price_bin,$50k-$60k,27752,0.28943910222982416
2021,New,powertrain,Battery Electric (BEV),price_bin,$60k-$70k,8962,0.09346905571431552
2021,New,powertrain,Battery Electric (BEV),price_bin,$40k-$50k,20862,0.2175799420120565
2020,New,powertrain,Battery Electric (BEV),price_bin,$50k-$60k,5190,0.12975324383109577
2020,New,powertrain,Battery Electric (BEV),price_bin,$40k-$50k,13368,0.3342083552088802
2019,New,powertrain,Battery Electric (BEV),price_bin,$50k-$60k,4743,0.11699267408302706
2019,New,powertrain,Battery Electric (BEV),price_bin,$40k-$50k,18564,0.4579068103894823
2021,New,powertrain,Battery Electric (BEV),price_bin,$70k+,13378,0.13952566696564528
2020,New,powertrain,Battery Electric (BEV),price_bin,$70k+,9958,0.24895622390559763
2019,New,powertrain,Battery Electric (BEV),price_bin,$70k+,4108,0.10132951826545966
2021,New,powertrain,Battery Electric (BEV),price_bin,$30k-$40k,21831,0.2276861141820154
2020,New,powertrain,Battery Electric (BEV),price_bin,$60k-$70k,211,0.0052751318782969575
2021,New,powertrain,Battery Electric (BEV),price_bin,$20k-$30k,3097,0.032300118896143176
2018,New,powertrain,Battery Electric (BEV),price_bin,$70k+,249,0.00804367489339708
2019,New,powertrain,Battery Electric (BEV),price_bin,$60k-$70k,562,0.013862509558225006
2020,New,powertrain,Battery Electric (BEV),price_bin,$30k-$40k,10441,0.2610315257881447
2019,New,powertrain,Battery Electric (BEV),price_bin,$30k-$40k,12339,0.3043585506030932
2017,New,powertrain,Battery Electric (BEV),price_bin,$30k-$40k,953,0.10266077776580847
2016,New,powertrain,Battery Electric (BEV),price_bin,$30k-$40k,682,0.2205692108667529
2017,New,powertrain,Battery Electric (BEV),price_bin,$40k-$50k,5426,0.5845093181083701
2017,New,powertrain,Battery Electric (BEV),price_bin,$50k-$60k,1937,0.20866099321340084
2016,New,powertrain,Battery Electric (BEV),price_bin,$40k-$50k,1705,0.5514230271668823
2016,New,powertrain,Battery Electric (BEV),price_bin,$20k-$30k,221,0.07147477360931435
2017,New,powertrain,Battery Electric (BEV),price_bin,$60k-$70k,709,0.07637617149628353
2016,New,powertrain,Battery Electric (BEV),price_bin,$60k-$70k,201,0.06500646830530402
2016,New,powertrain,Battery Electric (BEV),price_bin,$70k+,31,0.010025873221216041
2017,New,powertrain,Battery Electric (BEV),price_bin,$20k-$30k,157,0.016912636001292686
2016,New,powertrain,Battery Electric (BEV),price_bin,$50k-$60k,243,0.07858990944372575
2017,New,powertrain,Battery Electric (BEV),price_bin,$70k+,99,0.010664655822471183
2018,New,powertrain,Battery Electric (BEV),price_bin,$50k-$60k,4170,0.13470732652797518
2018,New,powertrain,Battery Electric (BEV),price_bin,$60k-$70k,682,0.022031270189947022
2018,New,powertrain,Battery Electric (BEV),price_bin,$40k-$50k,20750,0.6703062411164233
2018,New,powertrain,Battery Electric (BEV),price_bin,$30k-$40k,4846,0.15654477322651505
2020,New,powertrain,Battery Electric (BEV),price_bin,$20k-$30k,831,0.0207755193879847
2018,New,powertrain,Battery Electric (BEV),price_bin,$20k-$30k,259,0.008366714045742345
2019,New,powertrain,Battery Electric (BEV),price_bin,$20k-$30k,225,0.005549937100712859
2024,New,powertrain,Battery Electric (BEV),price_bin,$20k-$30k,9099,0.017623235788009846
2024,New,powertrain,Battery Electric (BEV),price_bin,$30k-$40k,49369,0.09561946671263415
2022,New,powertrain,Battery Electric (BEV),price_bin,$40k-$50k,25598,0.1451397078835163
2022,New,powertrain,Battery Electric (BEV),price_bin,$30k-$40k,30015,0.17018393359339562
2023,New,powertrain,Battery Electric (BEV),price_bin,$30k-$40k,43291,0.12273683494275815
2023,New,powertrain,Battery Electric (BEV),price_bin,$40k-$50k,64011,0.1814813134721049
2023,New,powertrain,Battery Electric (BEV),price_bin,$70k+,85941,0.2436563334599704
2022,New,powertrain,Battery Electric (BEV),price_bin,$70k+,39325,0.22297128730835525
2024,New,powertrain,Battery Electric (BEV),price_bin,$70k+,112480,0.2178548809138749
2024,New,powertrain,Battery Electric (BEV),price_bin,$60k-$70k,63480,0.12295010526682768
2024,New,powertrain,Battery Electric (BEV),price_bin,$50k-$60k,127132,0.24623334566449806
2022,New,powertrain,Battery Electric (BEV),price_bin,$60k-$70k,29067,0.16480880885421392
2023,New,powertrain,Battery Electric (BEV),price_bin,$50k-$60k,93594,0.26535379939554427
2023,New,powertrain,Battery Electric (BEV),price_bin,$60k-$70k,55777,0.15813662060479594
2022,New,powertrain,Battery Electric (BEV),price_bin,$50k-$60k,48214,0.27337158668239137
2024,New,powertrain,Battery Electric (BEV),price_bin,$40k-$50k,154300,0.2988532016803956
2023,New,powertrain,Battery Electric (BEV),price_bin,$20k-$30k,10094,0.028618087175445263
2022,New,powertrain,Battery Electric (BEV),price_bin,$20k-$30k,4146,0.02350766578971242
2024,New,powertrain,Battery Electric (BEV),price_bin,$10k-$20k,447,8.657639737597979e-4
2022,New,powertrain,Battery Electric (BEV),price_bin,$10k-$20k,3,1.7009888415131998e-5
2017,New,powertrain,Battery Electric (BEV),price_bin,$10k-$20k,2,2.1544759237315523e-4
2016,New,powertrain,Gasoline,price_bin,$30k-$40k,432134,0.2990602592574394
2016,New,powertrain,Gasoline,price_bin,$40k-$50k,295128,0.2042446467857877
2017,New,powertrain,Gasoline,price_bin,$30k-$40k,595985,0.2756931938611387
2016,New,powertrain,Gasoline,price_bin,$20k-$30k,302274,0.20919006791130354
2017,New,powertrain,Gasoline,price_bin,$20k-$30k,495553,0.229234946009495
2017,New,powertrain,Gasoline,price_bin,$40k-$50k,428147,0.1980540011444331
2017,New,powertrain,Gasoline,price_bin,$60k-$70k,144972,0.06706174433993642
2016,New,powertrain,Gasoline,price_bin,$50k-$60k,217698,0.1506588704425619
2017,New,powertrain,Gasoline,price_bin,$10k-$20k,43127,0.01994986513360123
2017,New,powertrain,Gasoline,price_bin,$50k-$60k,321912,0.14891137767263754
2016,New,powertrain,Gasoline,price_bin,$10k-$20k,18135,0.01255040751626501
2017,New,powertrain,Gasoline,price_bin,$70k+,132069,0.06109302150229742
2016,New,powertrain,Gasoline,price_bin,$70k+,78511,0.05433388720758104
2016,New,powertrain,Gasoline,price_bin,$60k-$70k,101093,0.06996186087906141
2021,New,powertrain,Gasoline,price_bin,$30k-$40k,2105000,0.29475039052676444
2020,New,powertrain,Gasoline,price_bin,$40k-$50k,1650412,0.21807219188839183
2020,New,powertrain,Gasoline,price_bin,$30k-$40k,2057979,0.2719248232503646
2021,New,powertrain,Gasoline,price_bin,$40k-$50k,1521972,0.2131125137153448
2021,New,powertrain,Gasoline,price_bin,$20k-$30k,1229372,0.17214150931243205
2019,New,powertrain,Gasoline,price_bin,$30k-$40k,2123365,0.2691411992964238
2019,New,powertrain,Gasoline,price_bin,$40k-$50k,1748380,0.22161102308170358
2020,New,powertrain,Gasoline,price_bin,$20k-$30k,1545012,0.20414548205773347
2018,New,powertrain,Gasoline,price_bin,$20k-$30k,1836408,0.2260744274546031
2019,New,powertrain,Gasoline,price_bin,$20k-$30k,1668594,0.2114979715210607
2018,New,powertrain,Gasoline,price_bin,$30k-$40k,2244427,0.2763043664526905
2020,New,powertrain,Gasoline,price_bin,$10k-$20k,61107,0.008074188402486143
2019,New,powertrain,Gasoline,price_bin,$10k-$20k,117273,0.01486461153173831
2018,New,powertrain,Gasoline,price_bin,$40k-$50k,1693006,0.20842065713458435
2018,New,powertrain,Gasoline,price_bin,$10k-$20k,164500,0.020251078908544405
2018,New,powertrain,Gasoline,price_bin,$50k-$60k,1171663,0.14423975603174385
2021,New,powertrain,Gasoline,price_bin,$60k-$70k,535992,0.07505171084048529
2020,New,powertrain,Gasoline,price_bin,$50k-$60k,1218821,0.16104522203522612
2020,New,powertrain,Gasoline,price_bin,$70k+,499259,0.06596807612281455
2020,New,powertrain,Gasoline,price_bin,$60k-$70k,535601,0.07077001624298329
2021,New,powertrain,Gasoline,price_bin,$50k-$60k,1209790,0.16939956054887143
2021,New,powertrain,Gasoline,price_bin,$10k-$20k,29260,0.004097100440291272
2021,New,powertrain,Gasoline,price_bin,$70k+,510250,0.07144721461581072
2019,New,powertrain,Gasoline,price_bin,$60k-$70k,530245,0.06720972382088443
2018,New,powertrain,Gasoline,price_bin,$60k-$70k,513653,0.06323420932893957
2019,New,powertrain,Gasoline,price_bin,$50k-$60k,1181570,0.14976660482426504
2018,New,powertrain,Gasoline,price_bin,$70k+,499353,0.061473781192816865
2019,New,powertrain,Gasoline,price_bin,$70k+,519982,0.06590886592392409
2024,New,powertrain,Gasoline,price_bin,$30k-$40k,3162999,0.3105049766708889
2023,New,powertrain,Gasoline,price_bin,$50k-$60k,1434428,0.14649233085133218
2023,New,powertrain,Gasoline,price_bin,$40k-$50k,2151551,0.21972920281499986
2024,New,powertrain,Gasoline,price_bin,$40k-$50k,2108310,0.2069683700073891
2022,New,powertrain,Gasoline,price_bin,$30k-$40k,2668860,0.31529489652669507
2023,New,powertrain,Gasoline,price_bin,$30k-$40k,3009798,0.3073784981969662
2022,New,powertrain,Gasoline,price_bin,$50k-$60k,1324961,0.15652879558946758
2022,New,powertrain,Gasoline,price_bin,$40k-$50k,1937530,0.22889672776667475
2024,New,powertrain,Gasoline,price_bin,$50k-$60k,1421629,0.13955833671767176
2022,New,powertrain,Gasoline,price_bin,$60k-$70k,640213,0.07563375058640957
2023,New,powertrain,Gasoline,price_bin,$60k-$70k,719597,0.0734895315788775
2024,New,powertrain,Gasoline,price_bin,$60k-$70k,644070,0.06322700080664566
2023,New,powertrain,Gasoline,price_bin,$70k+,825225,0.08427689206205581
2024,New,powertrain,Gasoline,price_bin,$70k+,759871,0.07459494205590485
2022,New,powertrain,Gasoline,price_bin,$70k+,697179,0.08236362366912643
2023,New,powertrain,Gasoline,price_bin,$20k-$30k,1643415,0.16783532802346446
2022,New,powertrain,Gasoline,price_bin,$20k-$30k,1180827,0.13950103294325208
2024,New,powertrain,Gasoline,price_bin,$20k-$30k,2050339,0.20127747854565037
2018,New,powertrain,Gasoline,price_bin,$0-$10k,14,1.723496077322928e-6
2022,New,powertrain,Gasoline,price_bin,$10k-$20k,15077,0.0017811729183745053
2024,New,powertrain,Gasoline,price_bin,$10k-$20k,39342,0.0038621216105936516
2023,New,powertrain,Gasoline,price_bin,$10k-$20k,7793,7.958675753153394e-4
2020,New,powertrain,Hybrid Electric (HEV),price_bin,$30k-$40k,114496,0.3661282740845674
2021,New,powertrain,Hybrid Electric (HEV),price_bin,$30k-$40k,99918,0.23741161040145986
2021,New,powertrain,Hybrid Electric (HEV),price_bin,$20k-$30k,27669,0.0657433280109489
2019,New,powertrain,Hybrid Electric (HEV),price_bin,$30k-$40k,97315,0.4521946414133435
2019,New,powertrain,Hybrid Electric (HEV),price_bin,$40k-$50k,52442,0.2436827969480405
2020,New,powertrain,Hybrid Electric (HEV),price_bin,$20k-$30k,27239,0.08710320061652399
2019,New,powertrain,Hybrid Electric (HEV),price_bin,$20k-$30k,25470,0.11835171881824856
2018,New,powertrain,Hybrid Electric (HEV),price_bin,$30k-$40k,82473,0.44757092929863024
2021,New,powertrain,Hybrid Electric (HEV),price_bin,$40k-$50k,146789,0.3487801284975669
2018,New,powertrain,Hybrid Electric (HEV),price_bin,$50k-$60k,16704,0.09065057416371806
2018,New,powertrain,Hybrid Electric (HEV),price_bin,$40k-$50k,40553,0.22007619337052553
2018,New,powertrain,Hybrid Electric (HEV),price_bin,$20k-$30k,24144,0.1310265482883626
2020,New,powertrain,Hybrid Electric (HEV),price_bin,$40k-$50k,99171,0.31712293066343483
2020,New,powertrain,Hybrid Electric (HEV),price_bin,$70k+,8293,0.02651884587219918
2019,New,powertrain,Hybrid Electric (HEV),price_bin,$70k+,9568,0.044459726959285524
2021,New,powertrain,Hybrid Electric (HEV),price_bin,$70k+,25631,0.06090090860705596
2019,New,powertrain,Hybrid Electric (HEV),price_bin,$50k-$60k,18876,0.08771130916424263
2020,New,powertrain,Hybrid Electric (HEV),price_bin,$50k-$60k,44737,0.14305722992699563
2021,New,powertrain,Hybrid Electric (HEV),price_bin,$50k-$60k,70926,0.16852474908759124
2019,New,powertrain,Hybrid Electric (HEV),price_bin,$10k-$20k,70,3.252697415499568e-4
2018,New,powertrain,Hybrid Electric (HEV),price_bin,$70k+,10043,0.05450213819002757
2020,New,powertrain,Hybrid Electric (HEV),price_bin,$60k-$70k,18770,0.06002155275788962
2018,New,powertrain,Hybrid Electric (HEV),price_bin,$60k-$70k,10251,0.05563092886448
2019,New,powertrain,Hybrid Electric (HEV),price_bin,$60k-$70k,11465,0.05327453695528935
2021,New,powertrain,Hybrid Electric (HEV),price_bin,$60k-$70k,49916,0.11860363442822384
2018,New,powertrain,Hybrid Electric (HEV),price_bin,$10k-$20k,100,5.42687824255975e-4
2022,New,powertrain,Hybrid Electric (HEV),price_bin,$30k-$40k,68282,0.25247923799945277
2022,New,powertrain,Hybrid Electric (HEV),price_bin,$20k-$30k,7803,0.028852340208396502
2023,New,powertrain,Hybrid Electric (HEV),price_bin,$20k-$30k,5143,0.012299325844846264
2024,New,powertrain,Hybrid Electric (HEV),price_bin,$30k-$40k,153696,0.32563263784131935
2023,New,powertrain,Hybrid Electric (HEV),price_bin,$30k-$40k,147154,0.351914251482113
2024,New,powertrain,Hybrid Electric (HEV),price_bin,$20k-$30k,8863,0.018777860641705793
2024,New,powertrain,Hybrid Electric (HEV),price_bin,$40k-$50k,131804,0.27925049577111477
2023,New,powertrain,Hybrid Electric (HEV),price_bin,$50k-$60k,88855,0.2124939914337575
2022,New,powertrain,Hybrid Electric (HEV),price_bin,$50k-$60k,52039,0.19241918904328406
2024,New,powertrain,Hybrid Electric (HEV),price_bin,$50k-$60k,113873,0.2412604450922897
2023,New,powertrain,Hybrid Electric (HEV),price_bin,$40k-$50k,110007,0.2630783469208639
2022,New,powertrain,Hybrid Electric (HEV),price_bin,$60k-$70k,39104,0.14459078707024692
2022,New,powertrain,Hybrid Electric (HEV),price_bin,$40k-$50k,92974,0.3437802740658024
2024,New,powertrain,Hybrid Electric (HEV),price_bin,$70k+,16526,0.03501330531025949
2023,New,powertrain,Hybrid Electric (HEV),price_bin,$60k-$70k,45420,0.10862052884948811
2023,New,powertrain,Hybrid Electric (HEV),price_bin,$70k+,21572,0.05158877253062874
2022,New,powertrain,Hybrid Electric (HEV),price_bin,$70k+,10240,0.03786338122952456
2024,New,powertrain,Hybrid Electric (HEV),price_bin,$60k-$70k,47228,0.10006101798335565
2016,New,powertrain,Hybrid Electric (HEV),price_bin,$30k-$40k,20317,0.5556406399562424
2016,New,powertrain,Hybrid Electric (HEV),price_bin,$60k-$70k,909,0.024859838643511555
2017,New,powertrain,Hybrid Electric (HEV),price_bin,$40k-$50k,14734,0.24594788588979585
2016,New,powertrain,Hybrid Electric (HEV),price_bin,$40k-$50k,9485,0.2594010665937372
2017,New,powertrain,Hybrid Electric (HEV),price_bin,$30k-$40k,31266,0.5219089588862738
2017,New,powertrain,Hybrid Electric (HEV),price_bin,$20k-$30k,7226,0.12062029479025824
2017,New,powertrain,Hybrid Electric (HEV),price_bin,$50k-$60k,3031,0.050595089054701455
2017,New,powertrain,Hybrid Electric (HEV),price_bin,$60k-$70k,1700,0.02837731817650692
2017,New,powertrain,Hybrid Electric (HEV),price_bin,$70k+,1921,0.03206636953945282
2016,New,powertrain,Hybrid Electric (HEV),price_bin,$70k+,519,0.014193901271707917
2016,New,powertrain,Hybrid Electric (HEV),price_bin,$50k-$60k,1450,0.03965540817721865
2021,New,powertrain,Hybrid Electric (HEV),price_bin,$10k-$20k,15,3.564096715328467e-5
2017,New,powertrain,Hybrid Electric (HEV),price_bin,$10k-$20k,29,4.840836630110004e-4
2016,New,powertrain,Hybrid Electric (HEV),price_bin,$20k-$30k,3883,0.10619444824285519
2016,Used,powertrain,Battery Electric (BEV),price_bin,$10k-$20k,8419,0.7096855770041305
2017,Used,powertrain,Battery Electric (BEV),price_bin,$0-$10k,3103,0.12881932912653604
2017,Used,powertrain,Battery Electric (BEV),price_bin,$20k-$30k,4758,0.19752573895715708
2017,Used,powertrain,Battery Electric (BEV),price_bin,$10k-$20k,12862,0.5339588176685487
2017,Used,powertrain,Battery Electric (BEV),price_bin,$70k+,1007,0.041805048156758555
2017,Used,powertrain,Battery Electric (BEV),price_bin,$50k-$60k,453,0.018806044503487215
2017,Used,powertrain,Battery Electric (BEV),price_bin,$30k-$40k,1189,0.04936067751577549
2016,Used,powertrain,Battery Electric (BEV),price_bin,$60k-$70k,260,0.021916884430582484
2016,Used,powertrain,Battery Electric (BEV),price_bin,$70k+,603,0.05083031273708168
2016,Used,powertrain,Battery Electric (BEV),price_bin,$20k-$30k,1063,0.089606339037343
2016,Used,powertrain,Battery Electric (BEV),price_bin,$50k-$60k,161,0.013571609205091461
2016,Used,powertrain,Battery Electric (BEV),price_bin,$0-$10k,524,0.044170951698558544
2017,Used,powertrain,Battery Electric (BEV),price_bin,$60k-$70k,557,0.023123546994354035
2016,Used,powertrain,Battery Electric (BEV),price_bin,$40k-$50k,147,0.012391469274213942
2016,Used,powertrain,Battery Electric (BEV),price_bin,$30k-$40k,686,0.0578268566129984
2017,Used,powertrain,Battery Electric (BEV),price_bin,$40k-$50k,159,0.006600797077382929
2023,Used,powertrain,Battery Electric (BEV),price_bin,$20k-$30k,28440,0.1645090757644119
2023,Used,powertrain,Battery Electric (BEV),price_bin,$10k-$20k,16181,0.09359779729057485
2024,Used,powertrain,Battery Electric (BEV),price_bin,$20k-$30k,121229,0.4032632559377287
2022,Used,powertrain,Battery Electric (BEV),price_bin,$70k+,27878,0.24281433996446364
2022,Used,powertrain,Battery Electric (BEV),price_bin,$40k-$50k,16901,0.14720586698254537
2023,Used,powertrain,Battery Electric (BEV),price_bin,$30k-$40k,50209,0.2904302456067284
2024,Used,powertrain,Battery Electric (BEV),price_bin,$0-$10k,5971,0.019862284611802276
2022,Used,powertrain,Battery Electric (BEV),price_bin,$30k-$40k,9733,0.08477336863742466
2024,Used,powertrain,Battery Electric (BEV),price_bin,$10k-$20k,45889,0.1526478610870867
2023,Used,powertrain,Battery Electric (BEV),price_bin,$50k-$60k,15682,0.09071136871088283
2023,Used,powertrain,Battery Electric (BEV),price_bin,$40k-$50k,35361,0.20454308818935896
2023,Used,powertrain,Battery Electric (BEV),price_bin,$70k+,16542,0.09568597508069274
2023,Used,powertrain,Battery Electric (BEV),price_bin,$60k-$70k,7133,0.041260310739365334
2022,Used,powertrain,Battery Electric (BEV),price_bin,$10k-$20k,7999,0.06967041772637006
2024,Used,powertrain,Battery Electric (BEV),price_bin,$50k-$60k,11841,0.03938859689974054
2024,Used,powertrain,Battery Electric (BEV),price_bin,$40k-$50k,21268,0.07074712261326592
2022,Used,powertrain,Battery Electric (BEV),price_bin,$20k-$30k,8933,0.07780545587569243
2024,Used,powertrain,Battery Electric (BEV),price_bin,$30k-$40k,70009,0.23288204377619587
2024,Used,powertrain,Battery Electric (BEV),price_bin,$70k+,15089,0.0501929346018229
2023,Used,powertrain,Battery Electric (BEV),price_bin,$0-$10k,3330,0.019262138617984936
2022,Used,powertrain,Battery Electric (BEV),price_bin,$50k-$60k,23287,0.20282723060307284
2024,Used,powertrain,Battery Electric (BEV),price_bin,$60k-$70k,9324,0.031015900472357128
2022,Used,powertrain,Battery Electric (BEV),price_bin,$60k-$70k,18888,0.16451242030449778
2022,Used,powertrain,Battery Electric (BEV),price_bin,$0-$10k,1193,0.010390899905933178
2020,Used,powertrain,Battery Electric (BEV),price_bin,$10k-$20k,9919,0.2436262710615513
2021,Used,powertrain,Battery Electric (BEV),price_bin,$0-$10k,2509,0.04200006695905454
2021,Used,powertrain,Battery Electric (BEV),price_bin,$20k-$30k,10451,0.17494726974455121
2020,Used,powertrain,Battery Electric (BEV),price_bin,$0-$10k,3236,0.07948125951761065
2021,Used,powertrain,Battery Electric (BEV),price_bin,$40k-$50k,6853,0.11471760018748535
2019,Used,powertrain,Battery Electric (BEV),price_bin,$20k-$30k,3537,0.09712763620386643
2021,Used,powertrain,Battery Electric (BEV),price_bin,$10k-$20k,9903,0.16577387927282466
2019,Used,powertrain,Battery Electric (BEV),price_bin,$0-$10k,2279,0.06258238137082602
2018,Used,powertrain,Battery Electric (BEV),price_bin,$10k-$20k,9566,0.44309602112186763
2018,Used,powertrain,Battery Electric (BEV),price_bin,$20k-$30k,4074,0.18870721200611423
2021,Used,powertrain,Battery Electric (BEV),price_bin,$30k-$40k,3706,0.062037564029595905
2020,Used,powertrain,Battery Electric (BEV),price_bin,$30k-$40k,1572,0.038610797268752765
2019,Used,powertrain,Battery Electric (BEV),price_bin,$10k-$20k,12441,0.3416355448154657
2021,Used,powertrain,Battery Electric (BEV),price_bin,$50k-$60k,8558,0.14325889718437176
2020,Used,powertrain,Battery Electric (BEV),price_bin,$40k-$50k,3717,0.09129537751142114
2021,Used,powertrain,Battery Electric (BEV),price_bin,$60k-$70k,6849,0.1146506411329472
2020,Used,powertrain,Battery Electric (BEV),price_bin,$60k-$70k,4607,0.11315518003635114
2020,Used,powertrain,Battery Electric (BEV),price_bin,$20k-$30k,6465,0.15879058800412635
2020,Used,powertrain,Battery Electric (BEV),price_bin,$50k-$60k,5061,0.12430613548165251
2021,Used,powertrain,Battery Electric (BEV),price_bin,$70k+,10909,0.18261408148916938
2018,Used,powertrain,Battery Electric (BEV),price_bin,$60k-$70k,1451,0.06721015331881977
2020,Used,powertrain,Battery Electric (BEV),price_bin,$70k+,6137,0.15073439111853418
2018,Used,powertrain,Battery Electric (BEV),price_bin,$50k-$60k,1508,0.0698503867710408
2018,Used,powertrain,Battery Electric (BEV),price_bin,$70k+,2428,0.1124646810875909
2018,Used,powertrain,Battery Electric (BEV),price_bin,$30k-$40k,578,0.026772893603223866
2019,Used,powertrain,Battery Electric (BEV),price_bin,$30k-$40k,1817,0.04989565026362039
2019,Used,powertrain,Battery Electric (BEV),price_bin,$50k-$60k,4848,0.13312829525483305
2018,Used,powertrain,Battery Electric (BEV),price_bin,$0-$10k,1341,0.06211496595488443
2018,Used,powertrain,Battery Electric (BEV),price_bin,$40k-$50k,643,0.029783686136458383
2019,Used,powertrain,Battery Electric (BEV),price_bin,$70k+,5447,0.14957710896309315
2019,Used,powertrain,Battery Electric (BEV),price_bin,$60k-$70k,3199,0.08784600175746925
2019,Used,powertrain,Battery Electric (BEV),price_bin,$40k-$50k,2848,0.07820738137082602
2017,Used,powertrain,Gasoline,price_bin,$20k-$30k,3213393,0.28421127484698205
2016,Used,powertrain,Gasoline,price_bin,$30k-$40k,1552739,0.16889293661947855
2017,Used,powertrain,Gasoline,price_bin,$30k-$40k,1731205,0.15311789752186228
2016,Used,powertrain,Gasoline,price_bin,$20k-$30k,2732818,0.2972512812949054
2016,Used,powertrain,Gasoline,price_bin,$10k-$20k,3088050,0.33589021266792474
2017,Used,powertrain,Gasoline,price_bin,$10k-$20k,4029002,0.3563485060125047
2017,Used,powertrain,Gasoline,price_bin,$40k-$50k,770859,0.06817927938390037
2016,Used,powertrain,Gasoline,price_bin,$40k-$50k,700677,0.07621332120319409
2016,Used,powertrain,Gasoline,price_bin,$50k-$60k,234530,0.025510057018833368
2017,Used,powertrain,Gasoline,price_bin,$50k-$60k,267483,0.02365776126041704
2017,Used,powertrain,Gasoline,price_bin,$0-$10k,1103503,0.09760026066760873
2017,Used,powertrain,Gasoline,price_bin,$60k-$70k,107281,0.009488559219759015
2016,Used,powertrain,Gasoline,price_bin,$70k+,69828,0.007595259717354268
2016,Used,powertrain,Gasoline,price_bin,$60k-$70k,87683,0.009537365495170622
2017,Used,powertrain,Gasoline,price_bin,$70k+,83627,0.007396461086965886
2016,Used,powertrain,Gasoline,price_bin,$0-$10k,727304,0.07910956598313898
2020,Used,powertrain,Gasoline,price_bin,$20k-$30k,2837679,0.2864998479501131
2019,Used,powertrain,Gasoline,price_bin,$20k-$30k,2861172,0.29696072071698054
2019,Used,powertrain,Gasoline,price_bin,$30k-$40k,1540885,0.1599282811875639
2021,Used,powertrain,Gasoline,price_bin,$30k-$40k,1930517,0.18421368026206683
2018,Used,powertrain,Gasoline,price_bin,$20k-$30k,2584533,0.28594942460673745
2019,Used,powertrain,Gasoline,price_bin,$10k-$20k,3356152,0.34833463935608755
2020,Used,powertrain,Gasoline,price_bin,$10k-$20k,3362175,0.33945440138989347
2021,Used,powertrain,Gasoline,price_bin,$20k-$30k,3045230,0.29058175895081667
2018,Used,powertrain,Gasoline,price_bin,$40k-$50k,594728,0.06579994505681132
2020,Used,powertrain,Gasoline,price_bin,$30k-$40k,1531919,0.15466674016754162
2020,Used,powertrain,Gasoline,price_bin,$40k-$50k,724232,0.07312044733763273
2018,Used,powertrain,Gasoline,price_bin,$30k-$40k,1427868,0.15797748878206352
2018,Used,powertrain,Gasoline,price_bin,$10k-$20k,3176027,0.35139156404095534
2021,Used,powertrain,Gasoline,price_bin,$10k-$20k,2813760,0.26849444214901663
2021,Used,powertrain,Gasoline,price_bin,$40k-$50k,1132317,0.10804788654712842
2019,Used,powertrain,Gasoline,price_bin,$40k-$50k,617879,0.06412959205384619
2020,Used,powertrain,Gasoline,price_bin,$0-$10k,1045401,0.10554654967912022
2021,Used,powertrain,Gasoline,price_bin,$0-$10k,770225,0.0734963649011381
2020,Used,powertrain,Gasoline,price_bin,$50k-$60k,251481,0.02539021089501046
2021,Used,powertrain,Gasoline,price_bin,$50k-$60k,457979,0.04370124535175868
2021,Used,powertrain,Gasoline,price_bin,$70k+,147609,0.014085137364655904
2020,Used,powertrain,Gasoline,price_bin,$60k-$70k,82807,0.008360421636557558
2019,Used,powertrain,Gasoline,price_bin,$0-$10k,891820,0.09256189769430764
2018,Used,powertrain,Gasoline,price_bin,$50k-$60k,206428,0.02283892982705951
2019,Used,powertrain,Gasoline,price_bin,$50k-$60k,224308,0.023280902141704335
2021,Used,powertrain,Gasoline,price_bin,$60k-$70k,182133,0.017379484473418787
2020,Used,powertrain,Gasoline,price_bin,$70k+,68950,0.006961380944130854
2018,Used,powertrain,Gasoline,price_bin,$60k-$70k,79579,0.008804518750884418
2019,Used,powertrain,Gasoline,price_bin,$60k-$70k,76244,0.007913356201705269
2018,Used,powertrain,Gasoline,price_bin,$0-$10k,907835,0.10044170296446495
2019,Used,powertrain,Gasoline,price_bin,$70k+,66390,0.006890610647804584
2018,Used,powertrain,Gasoline,price_bin,$70k+,61429,0.006796425971023498
2024,Used,powertrain,Gasoline,price_bin,$0-$10k,1633331,0.12373380366386921
2022,Used,powertrain,Gasoline,price_bin,$30k-$40k,2574288,0.19907379947530512
2022,Used,powertrain,Gasoline,price_bin,$10k-$20k,3176300,0.24562834821644342
2022,Used,powertrain,Gasoline,price_bin,$20k-$30k,4042455,0.3126094967066407
2023,Used,powertrain,Gasoline,price_bin,$20k-$30k,4090535,0.3167840111443824
2023,Used,powertrain,Gasoline,price_bin,$0-$10k,1218719,0.09438146679538754
2024,Used,powertrain,Gasoline,price_bin,$20k-$30k,4094660,0.310193008343256
2022,Used,powertrain,Gasoline,price_bin,$0-$10k,909979,0.07037012835111638
2024,Used,powertrain,Gasoline,price_bin,$10k-$20k,4375982,0.3315046966136232
2023,Used,powertrain,Gasoline,price_bin,$10k-$20k,3834910,0.2969875999539678
2023,Used,powertrain,Gasoline,price_bin,$30k-$40k,2211367,0.17125527794587247
2022,Used,powertrain,Gasoline,price_bin,$40k-$50k,1318916,0.10199387920418054
2024,Used,powertrain,Gasoline,price_bin,$40k-$50k,709718,0.053765040686005426
2023,Used,powertrain,Gasoline,price_bin,$40k-$50k,915057,0.07086491788622885
2022,Used,powertrain,Gasoline,price_bin,$50k-$60k,503995,0.038974737700892985
2024,Used,powertrain,Gasoline,price_bin,$30k-$40k,1902241,0.1441052146903244
2023,Used,powertrain,Gasoline,price_bin,$50k-$60k,337272,0.02611941396582309
2024,Used,powertrain,Gasoline,price_bin,$50k-$60k,256262,0.019413255484963216
2023,Used,powertrain,Gasoline,price_bin,$70k+,155281,0.012025453402674918
2024,Used,powertrain,Gasoline,price_bin,$60k-$70k,116972,0.008861272137839856
2022,Used,powertrain,Gasoline,price_bin,$70k+,200415,0.015498411802348174
2023,Used,powertrain,Gasoline,price_bin,$60k-$70k,149553,0.011581858905662908
2022,Used,powertrain,Gasoline,price_bin,$60k-$70k,204977,0.015851198543072733
2024,Used,powertrain,Gasoline,price_bin,$70k+,111196,0.008423708380118666
2022,Used,powertrain,Diesel,price_bin,$10k-$20k,36943,0.08587461093406044
2023,Used,powertrain,Diesel,price_bin,$20k-$30k,44600,0.10265333554291185
2023,Used,powertrain,Diesel,price_bin,$10k-$20k,42539,0.09790964665156789
2024,Used,powertrain,Diesel,price_bin,$20k-$30k,49605,0.11170963826390093
2022,Used,powertrain,Diesel,price_bin,$20k-$30k,40058,0.09311547965234532
2022,Used,powertrain,Diesel,price_bin,$30k-$40k,43966,0.10219968990950658
2024,Used,powertrain,Diesel,price_bin,$10k-$20k,43573,0.09812567418754067
2024,Used,powertrain,Diesel,price_bin,$0-$10k,13941,0.03139490105910781
2023,Used,powertrain,Diesel,price_bin,$40k-$50k,73488,0.16914323592774677
2023,Used,powertrain,Diesel,price_bin,$30k-$40k,51017,0.11742298698189987
2023,Used,powertrain,Diesel,price_bin,$50k-$60k,80071,0.18429496031965237
2022,Used,powertrain,Diesel,price_bin,$40k-$50k,54644,0.1270208764821698
2022,Used,powertrain,Diesel,price_bin,$70k+,109842,0.25532953507346634
2024,Used,powertrain,Diesel,price_bin,$30k-$40k,70049,0.15774918759697604
2022,Used,powertrain,Diesel,price_bin,$0-$10k,4208,0.009781565189901371
2023,Used,powertrain,Diesel,price_bin,$0-$10k,8093,0.018627207276878603
2022,Used,powertrain,Diesel,price_bin,$50k-$60k,68305,0.15877609560271225
2024,Used,powertrain,Diesel,price_bin,$50k-$60k,80697,0.18172830720657218
2022,Used,powertrain,Diesel,price_bin,$60k-$70k,72231,0.1679021471558379
2024,Used,powertrain,Diesel,price_bin,$70k+,38126,0.08585912042031019
2023,Used,powertrain,Diesel,price_bin,$60k-$70k,67154,0.15456462096521756
2023,Used,powertrain,Diesel,price_bin,$70k+,67510,0.1553840063341251
2024,Used,powertrain,Diesel,price_bin,$40k-$50k,93094,0.2096461458429512
2019,Used,powertrain,Diesel,price_bin,$10k-$20k,84986,0.25377591180282244
2020,Used,powertrain,Diesel,price_bin,$20k-$30k,41683,0.1249385543179829
2018,Used,powertrain,Diesel,price_bin,$20k-$30k,40888,0.14577658618673436
2018,Used,powertrain,Diesel,price_bin,$10k-$20k,46575,0.16605225253490394
2019,Used,powertrain,Diesel,price_bin,$20k-$30k,39999,0.11944064547338497
2018,Used,powertrain,Diesel,price_bin,$0-$10k,3993,0.014236106159353118
2019,Used,powertrain,Diesel,price_bin,$0-$10k,6196,0.018501818529290566
2020,Used,powertrain,Diesel,price_bin,$0-$10k,6291,0.018856331003393
2020,Used,powertrain,Diesel,price_bin,$10k-$20k,65491,0.1962994712673996
2021,Used,powertrain,Diesel,price_bin,$60k-$70k,59210,0.17774589032048896
2020,Used,powertrain,Diesel,price_bin,$50k-$60k,57513,0.17238661023655089
2020,Used,powertrain,Diesel,price_bin,$70k+,26264,0.07872240939009915
2019,Used,powertrain,Diesel,price_bin,$30k-$40k,43634,0.1302950854917793
2021,Used,powertrain,Diesel,price_bin,$70k+,90909,0.2729049340169791
2021,Used,powertrain,Diesel,price_bin,$50k-$60k,52306,0.15702037728599047
2019,Used,powertrain,Diesel,price_bin,$40k-$50k,52303,0.1561815065425249
2018,Used,powertrain,Diesel,price_bin,$50k-$60k,48775,0.17389583719570456
2019,Used,powertrain,Diesel,price_bin,$50k-$60k,55738,0.16643872840309837
2019,Used,powertrain,Diesel,price_bin,$60k-$70k,34448,0.10286485550306672
2020,Used,powertrain,Diesel,price_bin,$60k-$70k,36465,0.10929838023187502
2021,Used,powertrain,Diesel,price_bin,$10k-$20k,26432,0.07934773472303942
2018,Used,powertrain,Diesel,price_bin,$30k-$40k,39271,0.1400115514610459
2019,Used,powertrain,Diesel,price_bin,$70k+,17582,0.05250144825403272
2018,Used,powertrain,Diesel,price_bin,$70k+,17649,0.0629233753083955
2020,Used,powertrain,Diesel,price_bin,$40k-$50k,55324,0.16582541033726186
2018,Used,powertrain,Diesel,price_bin,$40k-$50k,50102,0.1786269448524693
2021,Used,powertrain,Diesel,price_bin,$40k-$50k,38179,0.11461172684590352
2021,Used,powertrain,Diesel,price_bin,$30k-$40k,33232,0.09976104420081894
2020,Used,powertrain,Diesel,price_bin,$30k-$40k,44597,0.13367283321543755
2018,Used,powertrain,Diesel,price_bin,$60k-$70k,33231,0.11847734630139331
2021,Used,powertrain,Diesel,price_bin,$20k-$30k,30314,0.0910013328690306
2021,Used,powertrain,Diesel,price_bin,$0-$10k,2534,0.007606959737749012
2024,Used,powertrain,Diesel,price_bin,$60k-$70k,54968,0.12378702542264099
2017,Used,powertrain,Hybrid Electric (HEV),price_bin,$70k+,533,0.0024313364139384457
2017,Used,powertrain,Hybrid Electric (HEV),price_bin,$60k-$70k,751,0.0034257666920596112
2017,Used,powertrain,Hybrid Electric (HEV),price_bin,$50k-$60k,1596,0.0072803244214742205
2016,Used,powertrain,Hybrid Electric (HEV),price_bin,$20k-$30k,75508,0.40276088672683436
2017,Used,powertrain,Hybrid Electric (HEV),price_bin,$10k-$20k,103118,0.47038376797843273
2017,Used,powertrain,Hybrid Electric (HEV),price_bin,$20k-$30k,73454,0.3350682644454683
2016,Used,powertrain,Hybrid Electric (HEV),price_bin,$10k-$20k,79866,0.42600652883569096
2016,Used,powertrain,Hybrid Electric (HEV),price_bin,$30k-$40k,13820,0.07371610232776463
2016,Used,powertrain,Hybrid Electric (HEV),price_bin,$60k-$70k,431,0.002298960933666176
2016,Used,powertrain,Hybrid Electric (HEV),price_bin,$70k+,388,0.0020695982419082974
2016,Used,powertrain,Hybrid Electric (HEV),price_bin,$0-$10k,11383,0.06071710512278905
2017,Used,powertrain,Hybrid Electric (HEV),price_bin,$0-$10k,21289,0.09711204674734629
2017,Used,powertrain,Hybrid Electric (HEV),price_bin,$40k-$50k,3743,0.017074094178933588
2017,Used,powertrain,Hybrid Electric (HEV),price_bin,$30k-$40k,14737,0.06722439912234686
2016,Used,powertrain,Hybrid Electric (HEV),price_bin,$40k-$50k,4050,0.021602765153939704
2016,Used,powertrain,Hybrid Electric (HEV),price_bin,$50k-$60k,2030,0.010828052657406814
2024,Used,powertrain,Hybrid Electric (HEV),price_bin,$0-$10k,45613,0.1307393553749803
2024,Used,powertrain,Hybrid Electric (HEV),price_bin,$10k-$20k,88348,0.2532295742149992
2022,Used,powertrain,Hybrid Electric (HEV),price_bin,$10k-$20k,68857,0.2532857589523827
2023,Used,powertrain,Hybrid Electric (HEV),price_bin,$10k-$20k,91412,0.28081752022142964
2022,Used,powertrain,Hybrid Electric (HEV),price_bin,$20k-$30k,58943,0.21681778889481526
2024,Used,powertrain,Hybrid Electric (HEV),price_bin,$20k-$30k,93708,0.2685928027860183
2023,Used,powertrain,Hybrid Electric (HEV),price_bin,$30k-$40k,71529,0.21973697549466856
2024,Used,powertrain,Hybrid Electric (HEV),price_bin,$30k-$40k,77215,0.22131934591627614
2022,Used,powertrain,Hybrid Electric (HEV),price_bin,$30k-$40k,52046,0.19144764672343711
2022,Used,powertrain,Hybrid Electric (HEV),price_bin,$70k+,2536,0.009328502326607934
2023,Used,powertrain,Hybrid Electric (HEV),price_bin,$0-$10k,30698,0.09430420771624565
2023,Used,powertrain,Hybrid Electric (HEV),price_bin,$20k-$30k,73061,0.22444327708504214
2022,Used,powertrain,Hybrid Electric (HEV),price_bin,$0-$10k,19043,0.07004837137444593
2022,Used,powertrain,Hybrid Electric (HEV),price_bin,$40k-$50k,45568,0.16761876735759873
2024,Used,powertrain,Hybrid Electric (HEV),price_bin,$50k-$60k,8097,0.02320822047379509
2023,Used,powertrain,Hybrid Electric (HEV),price_bin,$50k-$60k,14492,0.04451940120606658
2024,Used,powertrain,Hybrid Electric (HEV),price_bin,$40k-$50k,31929,0.0915172621350875
2023,Used,powertrain,Hybrid Electric (HEV),price_bin,$40k-$50k,39754,0.12212422547239656
2022,Used,powertrain,Hybrid Electric (HEV),price_bin,$50k-$60k,18103,0.06659064574865277
2022,Used,powertrain,Hybrid Electric (HEV),price_bin,$60k-$70k,6759,0.024862518622059553
2023,Used,powertrain,Hybrid Electric (HEV),price_bin,$70k+,1552,0.004767741558916322
2023,Used,powertrain,Hybrid Electric (HEV),price_bin,$60k-$70k,3023,0.009286651245234562
2024,Used,powertrain,Hybrid Electric (HEV),price_bin,$70k+,1297,0.0037175573613081677
2024,Used,powertrain,Hybrid Electric (HEV),price_bin,$60k-$70k,2678,0.007675881737535291
2019,Used,powertrain,Hybrid Electric (HEV),price_bin,$10k-$20k,89986,0.4512318037538298
2020,Used,powertrain,Hybrid Electric (HEV),price_bin,$10k-$20k,90759,0.4257767602891711
2018,Used,powertrain,Hybrid Electric (HEV),price_bin,$20k-$30k,62679,0.34400263439532397
2018,Used,powertrain,Hybrid Electric (HEV),price_bin,$10k-$20k,82267,0.4515079169067808
2020,Used,powertrain,Hybrid Electric (HEV),price_bin,$20k-$30k,64478,0.302484976144792
2021,Used,powertrain,Hybrid Electric (HEV),price_bin,$10k-$20k,77593,0.3268904270602063
2021,Used,powertrain,Hybrid Electric (HEV),price_bin,$30k-$40k,31832,0.13410457224466754
2019,Used,powertrain,Hybrid Electric (HEV),price_bin,$20k-$30k,64581,0.3238392763121606
2021,Used,powertrain,Hybrid Electric (HEV),price_bin,$20k-$30k,63953,0.2694266684079927
2020,Used,powertrain,Hybrid Electric (HEV),price_bin,$40k-$50k,9021,0.042320124225350794
2018,Used,powertrain,Hybrid Electric (HEV),price_bin,$30k-$40k,11789,0.06470184682088856
2021,Used,powertrain,Hybrid Electric (HEV),price_bin,$50k-$60k,9063,0.03818138157368126
2021,Used,powertrain,Hybrid Electric (HEV),price_bin,$40k-$50k,26050,0.10974566810045204
2020,Used,powertrain,Hybrid Electric (HEV),price_bin,$30k-$40k,15622,0.0732873274191808
2021,Used,powertrain,Hybrid Electric (HEV),price_bin,$0-$10k,23161,0.09757464179940767
2019,Used,powertrain,Hybrid Electric (HEV),price_bin,$40k-$50k,4523,0.022680433049347366
2021,Used,powertrain,Hybrid Electric (HEV),price_bin,$60k-$70k,3455,0.01455551951197934
2020,Used,powertrain,Hybrid Electric (HEV),price_bin,$0-$10k,28295,0.13274004156482658
2018,Used,powertrain,Hybrid Electric (HEV),price_bin,$40k-$50k,3002,0.016475947421859993
2019,Used,powertrain,Hybrid Electric (HEV),price_bin,$0-$10k,20939,0.10499791899630434
2018,Used,powertrain,Hybrid Electric (HEV),price_bin,$0-$10k,19148,0.10509042013117094
2023,New,powertrain,Battery Electric (BEV),price_bin,$10k-$20k,6,1.701094938108496e-5
2024,New,powertrain,Gasoline,price_bin,$0-$10k,69,6.773585255730821e-6
2022,New,powertrain,Hybrid Electric (HEV),price_bin,$10k-$20k,4,1.4790383292783032e-5
2023,New,powertrain,Hybrid Electric (HEV),price_bin,$10k-$20k,2,4.782938302487367e-6
2024,New,powertrain,Hybrid Electric (HEV),price_bin,$10k-$20k,2,4.237359955253479e-6
2017,Used,powertrain,Diesel,price_bin,$50k-$60k,53022,0.19773334974212098
2016,Used,powertrain,Diesel,price_bin,$60k-$70k,27457,0.13440931275363596
2017,Used,powertrain,Diesel,price_bin,$60k-$70k,38310,0.14286833066690535
2017,Used,powertrain,Diesel,price_bin,$20k-$30k,42005,0.1566479830243633
2017,Used,powertrain,Diesel,price_bin,$30k-$40k,42502,0.15850143017501464
2016,Used,powertrain,Diesel,price_bin,$30k-$40k,32643,0.1597961611325687
2016,Used,powertrain,Diesel,price_bin,$40k-$50k,38200,0.1869991531190186
2016,Used,powertrain,Diesel,price_bin,$50k-$60k,42456,0.20783340431468728
2017,Used,powertrain,Diesel,price_bin,$70k+,17866,0.0666271364055059
2017,Used,powertrain,Diesel,price_bin,$10k-$20k,20674,0.0770989263431898
2016,Used,powertrain,Diesel,price_bin,$70k+,12992,0.06359929312362014
2017,Used,powertrain,Diesel,price_bin,$40k-$50k,50866,0.18969304379281668
2016,Used,powertrain,Diesel,price_bin,$20k-$30k,30901,0.15126860812907836
2017,Used,powertrain,Diesel,price_bin,$0-$10k,2904,0.010829799850083349
2016,Used,powertrain,Diesel,price_bin,$10k-$20k,17521,0.0857699518795373
2016,Used,powertrain,Diesel,price_bin,$0-$10k,2109,0.01032411554785367
2019,Used,powertrain,Hybrid Electric (HEV),price_bin,$30k-$40k,13966,0.07003204244244646
2021,Used,powertrain,Hybrid Electric (HEV),price_bin,$70k+,2260,0.009521121301613113
2018,Used,powertrain,Hybrid Electric (HEV),price_bin,$50k-$60k,1576,0.008649597980296918
2019,Used,powertrain,Hybrid Electric (HEV),price_bin,$70k+,785,0.003936356388179899
2018,Used,powertrain,Hybrid Electric (HEV),price_bin,$60k-$70k,1058,0.005806646359869378
2019,Used,powertrain,Hybrid Electric (HEV),price_bin,$50k-$60k,2945,0.01476760453909529
2019,Used,powertrain,Hybrid Electric (HEV),price_bin,$60k-$70k,1698,0.008514564518636266
2020,Used,powertrain,Hybrid Electric (HEV),price_bin,$60k-$70k,929,0.0043582081149928925
2020,Used,powertrain,Hybrid Electric (HEV),price_bin,$50k-$60k,3163,0.0148385492655786
2018,Used,powertrain,Hybrid Electric (HEV),price_bin,$70k+,686,0.003764989983809445
2020,Used,powertrain,Hybrid Electric (HEV),price_bin,$70k+,894,0.004194012976107261
2016,Used,powertrain,Plug-In Hybrid Electric (PHEV),price_bin,$20k-$30k,9505,0.5471133367869683
2017,Used,powertrain,Plug-In Hybrid Electric (PHEV),price_bin,$20k-$30k,10828,0.46279437534726675
2017,Used,powertrain,Plug-In Hybrid Electric (PHEV),price_bin,$50k-$60k,167,0.0071376672222934565
2016,Used,powertrain,Plug-In Hybrid Electric (PHEV),price_bin,$10k-$20k,5271,0.3034018304265239
2017,Used,powertrain,Plug-In Hybrid Electric (PHEV),price_bin,$10k-$20k,8319,0.35555840492370816
2016,Used,powertrain,Plug-In Hybrid Electric (PHEV),price_bin,$30k-$40k,1103,0.06348932251194382
2017,Used,powertrain,Plug-In Hybrid Electric (PHEV),price_bin,$40k-$50k,503,0.021498482711458735
2017,Used,powertrain,Plug-In Hybrid Electric (PHEV),price_bin,$30k-$40k,1970,0.08419882890968927
2016,Used,powertrain,Plug-In Hybrid Electric (PHEV),price_bin,$40k-$50k,374,0.02152765785989754
2017,Used,powertrain,Plug-In Hybrid Electric (PHEV),price_bin,$0-$10k,87,0.0037184254391588664
2017,Used,powertrain,Plug-In Hybrid Electric (PHEV),price_bin,$70k+,1296,0.05539171688678036
2016,Used,powertrain,Plug-In Hybrid Electric (PHEV),price_bin,$70k+,879,0.05059575202901053
2017,Used,powertrain,Plug-In Hybrid Electric (PHEV),price_bin,$60k-$70k,227,0.0097020985596444
2016,Used,powertrain,Plug-In Hybrid Electric (PHEV),price_bin,$50k-$60k,146,0.008403845046911875
2019,Used,powertrain,Plug-In Hybrid Electric (PHEV),price_bin,$10k-$20k,11870,0.36802778036151673
2020,Used,powertrain,Plug-In Hybrid Electric (PHEV),price_bin,$20k-$30k,13162,0.3968282682103232
2021,Used,powertrain,Plug-In Hybrid Electric (PHEV),price_bin,$30k-$40k,3925,0.09528780558859945
2019,Used,powertrain,Plug-In Hybrid Electric (PHEV),price_bin,$30k-$40k,2669,0.08275199206275385
2020,Used,powertrain,Plug-In Hybrid Electric (PHEV),price_bin,$30k-$40k,2336,0.07042932947419199
2021,Used,powertrain,Plug-In Hybrid Electric (PHEV),price_bin,$20k-$30k,18145,0.4405088490204171
2018,Used,powertrain,Plug-In Hybrid Electric (PHEV),price_bin,$10k-$20k,7744,0.373691067895575
2020,Used,powertrain,Plug-In Hybrid Electric (PHEV),price_bin,$70k+,2017,0.06081162566328992
2019,Used,powertrain,Plug-In Hybrid Electric (PHEV),price_bin,$20k-$30k,13220,0.4098843518432394
2019,Used,powertrain,Plug-In Hybrid Electric (PHEV),price_bin,$70k+,1550,0.04805754503457043
2021,Used,powertrain,Plug-In Hybrid Electric (PHEV),price_bin,$70k+,4007,0.09727853171809375
2020,Used,powertrain,Plug-In Hybrid Electric (PHEV),price_bin,$0-$10k,725,0.02185841775205017
2018,Used,powertrain,Plug-In Hybrid Electric (PHEV),price_bin,$20k-$30k,8094,0.3905805144042851
2018,Used,powertrain,Plug-In Hybrid Electric (PHEV),price_bin,$30k-$40k,2181,0.10524537952999083
2021,Used,powertrain,Plug-In Hybrid Electric (PHEV),price_bin,$0-$10k,759,0.01842635527178267
2020,Used,powertrain,Plug-In Hybrid Electric (PHEV),price_bin,$10k-$20k,11751,0.35428726483357453
2021,Used,powertrain,Plug-In Hybrid Electric (PHEV),price_bin,$10k-$20k,10270,0.24932630914520162
2021,Used,powertrain,Plug-In Hybrid Electric (PHEV),price_bin,$40k-$50k,2751,0.06678643392974193
2019,Used,powertrain,Plug-In Hybrid Electric (PHEV),price_bin,$0-$10k,350,0.010851703717483644
2018,Used,powertrain,Plug-In Hybrid Electric (PHEV),price_bin,$70k+,1361,0.06567581913815568
2018,Used,powertrain,Plug-In Hybrid Electric (PHEV),price_bin,$40k-$50k,544,0.026251025430680888
2019,Used,powertrain,Plug-In Hybrid Electric (PHEV),price_bin,$40k-$50k,1276,0.03956221126716895
2021,Used,powertrain,Plug-In Hybrid Electric (PHEV),price_bin,$60k-$70k,255,0.006190672719768881
2018,Used,powertrain,Plug-In Hybrid Electric (PHEV),price_bin,$0-$10k,107,0.005163345075519954
2020,Used,powertrain,Plug-In Hybrid Electric (PHEV),price_bin,$60k-$70k,324,0.009768451519536902
2020,Used,powertrain,Plug-In Hybrid Electric (PHEV),price_bin,$40k-$50k,2121,0.06394717800289436
2019,Used,powertrain,Plug-In Hybrid Electric (PHEV),price_bin,$50k-$60k,776,0.02405977738504945
2018,Used,powertrain,Plug-In Hybrid Electric (PHEV),price_bin,$50k-$60k,291,0.014042368382956135
2018,Used,powertrain,Plug-In Hybrid Electric (PHEV),price_bin,$60k-$70k,401,0.01935048014283646
2021,Used,powertrain,Plug-In Hybrid Electric (PHEV),price_bin,$50k-$60k,1079,0.0261950426063946
2019,Used,powertrain,Plug-In Hybrid Electric (PHEV),price_bin,$60k-$70k,542,0.01680463832821753
2023,Used,powertrain,Plug-In Hybrid Electric (PHEV),price_bin,$10k-$20k,11723,0.24557985587397352
2022,Used,powertrain,Plug-In Hybrid Electric (PHEV),price_bin,$10k-$20k,6376,0.1632193323776367
2024,Used,powertrain,Plug-In Hybrid Electric (PHEV),price_bin,$10k-$20k,14138,0.2636997799082329
2022,Used,powertrain,Plug-In Hybrid Electric (PHEV),price_bin,$20k-$30k,12619,0.323033995494573
2023,Used,powertrain,Plug-In Hybrid Electric (PHEV),price_bin,$0-$10k,1379,0.028888050946874477
2024,Used,powertrain,Plug-In Hybrid Electric (PHEV),price_bin,$0-$10k,3252,0.06065579885850711
2024,Used,powertrain,Plug-In Hybrid Electric (PHEV),price_bin,$20k-$30k,12493,0.23301749543029807
2023,Used,powertrain,Plug-In Hybrid Electric (PHEV),price_bin,$20k-$30k,14451,0.302727501256913
2023,Used,powertrain,Plug-In Hybrid Electric (PHEV),price_bin,$30k-$40k,5732,0.12007709066532596
2024,Used,powertrain,Plug-In Hybrid Electric (PHEV),price_bin,$30k-$40k,7060,0.13168202335210952
2022,Used,powertrain,Plug-In Hybrid Electric (PHEV),price_bin,$0-$10k,321,0.00821728445627688
2022,Used,powertrain,Plug-In Hybrid Electric (PHEV),price_bin,$70k+,6086,0.15579561744828999
2022,Used,powertrain,Plug-In Hybrid Electric (PHEV),price_bin,$60k-$70k,1342,0.03435388081097686
2024,Used,powertrain,Plug-In Hybrid Electric (PHEV),price_bin,$60k-$70k,1475,0.027511470884470476
2022,Used,powertrain,Plug-In Hybrid Electric (PHEV),price_bin,$40k-$50k,3032,0.07761621953716977
2022,Used,powertrain,Plug-In Hybrid Electric (PHEV),price_bin,$30k-$40k,8194,0.20975834527954126
2023,Used,powertrain,Plug-In Hybrid Electric (PHEV),price_bin,$50k-$60k,4739,0.0992751801575331
2023,Used,powertrain,Plug-In Hybrid Electric (PHEV),price_bin,$60k-$70k,4242,0.08886375062845651
2024,Used,powertrain,Plug-In Hybrid Electric (PHEV),price_bin,$50k-$60k,4112,0.07669638527250346
2024,Used,powertrain,Plug-In Hybrid Electric (PHEV),price_bin,$40k-$50k,9313,0.17370462938784645
2023,Used,powertrain,Plug-In Hybrid Electric (PHEV),price_bin,$70k+,2728,0.0571476453829395
2024,Used,powertrain,Plug-In Hybrid Electric (PHEV),price_bin,$70k+,1771,0.03303241690603201
2023,Used,powertrain,Plug-In Hybrid Electric (PHEV),price_bin,$40k-$50k,2742,0.05744092508798391
2016,Used,powertrain,Plug-In Hybrid Electric (PHEV),price_bin,$0-$10k,15,8.634087376964255e-4
2016,Used,powertrain,Plug-In Hybrid Electric (PHEV),price_bin,$60k-$70k,80,0.004604846601047602
2020,Used,powertrain,Plug-In Hybrid Electric (PHEV),price_bin,$50k-$60k,732,0.02206946454413893
2022,Used,powertrain,Plug-In Hybrid Electric (PHEV),price_bin,$50k-$60k,1094,0.028005324595535532
2016,New,powertrain,Battery Electric (BEV),price_bin,$10k-$20k,9,0.0029107373868046574
2020,New,powertrain,Hybrid Electric (HEV),price_bin,$10k-$20k,15,4.796607838936304e-5
2016,New,powertrain,Hybrid Electric (HEV),price_bin,$10k-$20k,2,5.469711472719814e-5
2017,New,powertrain,Plug-In Hybrid Electric (PHEV),price_bin,$30k-$40k,3479,0.35810602161605765
2016,New,powertrain,Plug-In Hybrid Electric (PHEV),price_bin,$40k-$50k,2716,0.6579457364341085
2017,New,powertrain,Plug-In Hybrid Electric (PHEV),price_bin,$40k-$50k,5472,0.5632527020072053
2016,New,powertrain,Plug-In Hybrid Electric (PHEV),price_bin,$50k-$60k,953,0.2308624031007752
2017,New,powertrain,Plug-In Hybrid Electric (PHEV),price_bin,$50k-$60k,685,0.07050952135872363
2016,New,powertrain,Plug-In Hybrid Electric (PHEV),price_bin,$30k-$40k,452,0.10949612403100775
2017,New,powertrain,Plug-In Hybrid Electric (PHEV),price_bin,$20k-$30k,68,0.006999485331960886
2017,New,powertrain,Plug-In Hybrid Electric (PHEV),price_bin,$10k-$20k,1,1.029336078229542e-4
2017,New,powertrain,Plug-In Hybrid Electric (PHEV),price_bin,$60k-$70k,7,7.205352547606794e-4
2016,New,powertrain,Plug-In Hybrid Electric (PHEV),price_bin,$60k-$70k,5,0.0012112403100775194
2016,New,powertrain,Plug-In Hybrid Electric (PHEV),price_bin,$20k-$30k,2,4.8449612403100775e-4
2018,New,powertrain,Plug-In Hybrid Electric (PHEV),price_bin,$40k-$50k,17285,0.3392808071291171
2019,New,powertrain,Plug-In Hybrid Electric (PHEV),price_bin,$40k-$50k,9895,0.27097710592616936
2018,New,powertrain,Plug-In Hybrid Electric (PHEV),price_bin,$50k-$60k,546,0.010717230008244023
2019,New,powertrain,Plug-In Hybrid Electric (PHEV),price_bin,$30k-$40k,21902,0.599791872056085
2018,New,powertrain,Plug-In Hybrid Electric (PHEV),price_bin,$20k-$30k,4708,0.0924115730381188
2018,New,powertrain,Plug-In Hybrid Electric (PHEV),price_bin,$30k-$40k,28395,0.5573548463078554
2019,New,powertrain,Plug-In Hybrid Electric (PHEV),price_bin,$20k-$30k,4567,0.12506846313944572
2021,New,powertrain,Plug-In Hybrid Electric (PHEV),price_bin,$30k-$40k,12224,0.6214223984545778
2020,New,powertrain,Plug-In Hybrid Electric (PHEV),price_bin,$20k-$30k,2682,0.14516914749661705
2020,New,powertrain,Plug-In Hybrid Electric (PHEV),price_bin,$30k-$40k,12008,0.6499594046008119
2021,New,powertrain,Plug-In Hybrid Electric (PHEV),price_bin,$20k-$30k,3151,0.1601850439733618
2021,New,powertrain,Plug-In Hybrid Electric (PHEV),price_bin,$40k-$50k,2615,0.13293681053327233
2020,New,powertrain,Plug-In Hybrid Electric (PHEV),price_bin,$40k-$50k,3775,0.20433017591339647
2019,New,powertrain,Plug-In Hybrid Electric (PHEV),price_bin,$50k-$60k,140,0.0038339358089604556
2020,New,powertrain,Plug-In Hybrid Electric (PHEV),price_bin,$50k-$60k,9,4.871447902571042e-4
2022,New,powertrain,Plug-In Hybrid Electric (PHEV),price_bin,$30k-$40k,8476,0.5680203726042086
2023,New,powertrain,Plug-In Hybrid Electric (PHEV),price_bin,$30k-$40k,4415,0.2804599161478846
2023,New,powertrain,Plug-In Hybrid Electric (PHEV),price_bin,$40k-$50k,6568,0.4172277982467285
2024,New,powertrain,Plug-In Hybrid Electric (PHEV),price_bin,$30k-$40k,9014,0.47544701724774513
2024,New,powertrain,Plug-In Hybrid Electric (PHEV),price_bin,$40k-$50k,8985,0.47391740070678834
2022,New,powertrain,Plug-In Hybrid Electric (PHEV),price_bin,$20k-$30k,36,0.0024125452352231603
2022,New,powertrain,Plug-In Hybrid Electric (PHEV),price_bin,$40k-$50k,2343,0.15701648572577404
2023,New,powertrain,Plug-In Hybrid Electric (PHEV),price_bin,$60k-$70k,88,0.005590141024012197
2023,New,powertrain,Plug-In Hybrid Electric (PHEV),price_bin,$50k-$60k,4658,0.2958963282937365
2021,New,powertrain,Plug-In Hybrid Electric (PHEV),price_bin,$50k-$60k,1593,0.08098215647399726
2021,New,powertrain,Plug-In Hybrid Electric (PHEV),price_bin,$60k-$70k,85,0.004321081795536577
2022,New,powertrain,Plug-In Hybrid Electric (PHEV),price_bin,$50k-$60k,3805,0.2549926283340035
2024,New,powertrain,Plug-In Hybrid Electric (PHEV),price_bin,$50k-$60k,808,0.04261828155493433
2023,New,powertrain,Plug-In Hybrid Electric (PHEV),price_bin,$70k+,6,3.811459789099225e-4
2024,New,powertrain,Plug-In Hybrid Electric (PHEV),price_bin,$70k+,6,3.164723877841658e-4
2021,New,powertrain,Plug-In Hybrid Electric (PHEV),price_bin,$70k+,3,1.5250876925423213e-4
2022,New,powertrain,Plug-In Hybrid Electric (PHEV),price_bin,$60k-$70k,253,0.016954831791984988
2024,New,powertrain,Plug-In Hybrid Electric (PHEV),price_bin,$20k-$30k,146,0.007700828102748036
2022,New,powertrain,Plug-In Hybrid Electric (PHEV),price_bin,$70k+,7,4.6910601796005895e-4
2023,New,powertrain,Gasoline,price_bin,$0-$10k,23,2.3488969886119345e-6
2018,New,powertrain,Plug-In Hybrid Electric (PHEV),price_bin,$70k+,5,9.814313194362658e-5
2019,New,powertrain,Plug-In Hybrid Electric (PHEV),price_bin,$60k-$70k,2,5.477051155657794e-5
2017,New,powertrain,Plug-In Hybrid Electric (PHEV),price_bin,$70k+,3,3.0880082346886257e-4
2023,New,powertrain,Plug-In Hybrid Electric (PHEV),price_bin,$20k-$30k,7,4.4467030872824293e-4
2019,New,powertrain,Plug-In Hybrid Electric (PHEV),price_bin,$70k+,6,1.6431153466973383e-4
2020,New,powertrain,Plug-In Hybrid Electric (PHEV),price_bin,$70k+,1,5.412719891745602e-5
2017,New,powertrain,Gasoline,price_bin,$0-$10k,4,1.8503364605561464e-6
2019,New,powertrain,Plug-In Hybrid Electric (PHEV),price_bin,$10k-$20k,4,1.0954102311315588e-4
2018,New,powertrain,Plug-In Hybrid Electric (PHEV),price_bin,$10k-$20k,6,1.177717583323519e-4
2018,New,powertrain,Plug-In Hybrid Electric (PHEV),price_bin,$60k-$70k,1,1.962862638872532e-5
2022,New,powertrain,Plug-In Hybrid Electric (PHEV),price_bin,$10k-$20k,2,1.3403029084573114e-4
2023,New,vehicle_type,CUV,powertrain,Battery Electric (BEV),266235,0.051682117174085856
2024,New,vehicle_type,CUV,powertrain,Battery Electric (BEV),395155,0.0719218947025094
2022,New,vehicle_type,CUV,powertrain,Battery Electric (BEV),138423,0.032686929195440084
2024,New,vehicle_type,SUV,powertrain,Battery Electric (BEV),10860,0.00980951830387467
2023,New,vehicle_type,SUV,powertrain,Battery Electric (BEV),1340,0.0012548813949786015
2016,New,vehicle_type,Car,powertrain,Gasoline,540166,0.9407885913930365
2017,New,vehicle_type,Car,powertrain,Gasoline,785302,0.935167223383289
2018,New,vehicle_type,Minivan,powertrain,Battery Electric (BEV),31,1.3968116647291537e-4
2024,New,vehicle_type,Minivan,powertrain,Battery Electric (BEV),933,0.003941315377044056
2022,New,vehicle_type,Pickup,powertrain,Battery Electric (BEV),7686,0.004624220422376751
2024,New,vehicle_type,Pickup,powertrain,Battery Electric (BEV),38114,0.018349268706009225
2023,New,vehicle_type,Pickup,powertrain,Battery Electric (BEV),19499,0.010129466414681102
2017,New,vehicle_type,Minivan,powertrain,Battery Electric (BEV),131,0.0021011435995316537
2016,New,vehicle_type,Minivan,powertrain,Battery Electric (BEV),60,0.0010819778555198904
2019,New,vehicle_type,Minivan,powertrain,Battery Electric (BEV),1,5.450541783853315e-6
2021,New,vehicle_type,CUV,powertrain,Battery Electric (BEV),57965,0.01635590494303015
2019,New,vehicle_type,CUV,powertrain,Battery Electric (BEV),7726,0.0024633266898545438
2020,New,vehicle_type,CUV,powertrain,Battery Electric (BEV),12684,0.003991902895168173
2018,New,vehicle_type,CUV,powertrain,Battery Electric (BEV),186,6.053918936072569e-5
2017,New,vehicle_type,Car,powertrain,Battery Electric (BEV),9152,0.010898546582593526
2016,New,vehicle_type,Car,powertrain,Battery Electric (BEV),3032,0.005280730384925535
2018,New,vehicle_type,Car,powertrain,Battery Electric (BEV),30739,0.011815189662256774
2021,New,vehicle_type,Car,powertrain,Battery Electric (BEV),37917,0.02184993462364947
2019,New,vehicle_type,Car,powertrain,Battery Electric (BEV),32814,0.014372204802385468
2020,New,vehicle_type,Car,powertrain,Battery Electric (BEV),27315,0.014076486624374508
2020,New,vehicle_type,Car,powertrain,Gasoline,1778835,0.9167031698506032
2019,New,vehicle_type,Car,powertrain,Gasoline,2092768,0.9166115164222172
2021,New,vehicle_type,Car,powertrain,Gasoline,1569356,0.9043522958364859
2018,New,vehicle_type,Car,powertrain,Gasoline,2417289,0.9291365367606954
2016,New,vehicle_type,CUV,powertrain,Gasoline,439688,0.9897488305923348
2017,New,vehicle_type,CUV,powertrain,Gasoline,717920,0.97599306124835
2019,New,vehicle_type,CUV,powertrain,Gasoline,3038371,0.9687419593554285
2018,New,vehicle_type,CUV,powertrain,Gasoline,3005917,0.9783644003528198
2021,New,vehicle_type,CUV,powertrain,Gasoline,3297711,0.9305106123623722
2020,New,vehicle_type,CUV,powertrain,Gasoline,2985085,0.9394646368513945
2018,New,vehicle_type,Pickup,powertrain,Gasoline,1548687,0.9993147277397824
2021,New,vehicle_type,Pickup,powertrain,Gasoline,1298781,0.9727967942476219
2019,New,vehicle_type,Pickup,powertrain,Gasoline,1638972,0.9999792557196252
2020,New,vehicle_type,Pickup,powertrain,Gasoline,1686769,0.9965220340104546
2021,New,vehicle_type,SUV,powertrain,Gasoline,904546,0.9815431526061928
2020,New,vehicle_type,SUV,powertrain,Gasoline,976844,0.9994147834698839
2018,New,vehicle_type,SUV,powertrain,Gasoline,943470,1
2019,New,vehicle_type,SUV,powertrain,Gasoline,939617,0.9999840363035741
2024,New,vehicle_type,SUV,powertrain,Gasoline,1074905,0.9709300435015102
2023,New,vehicle_type,SUV,powertrain,Gasoline,1035264,0.9695026361874081
2022,New,vehicle_type,SUV,powertrain,Gasoline,1037933,0.9733255937388056
2022,New,vehicle_type,Car,powertrain,Gasoline,1717570,0.9358983440587181
2024,New,vehicle_type,Car,powertrain,Gasoline,2053491,0.9011630254283999
2023,New,vehicle_type,Car,powertrain,Gasoline,2021592,0.9060246665922698
2022,New,vehicle_type,CUV,powertrain,Gasoline,3988219,0.94177002426554
2023,New,vehicle_type,CUV,powertrain,Gasoline,4699385,0.9122548358260238
2024,New,vehicle_type,CUV,powertrain,Gasoline,4871480,0.8866547850979501
2023,New,vehicle_type,Pickup,powertrain,Gasoline,1905395,0.9898268967229755
2022,New,vehicle_type,Pickup,powertrain,Gasoline,1654349,0.9953258432915112
2024,New,vehicle_type,Pickup,powertrain,Gasoline,2038147,0.9812275532703622
2016,New,vehicle_type,Pickup,powertrain,Gasoline,251601,1
2017,New,vehicle_type,Pickup,powertrain,Gasoline,400177,0.9998600815025248
2016,New,vehicle_type,SUV,powertrain,Gasoline,163298,1
2016,New,vehicle_type,Car,powertrain,Hybrid Electric (HEV),26837,0.04674108223622909
2017,New,vehicle_type,Car,powertrain,Hybrid Electric (HEV),35796,0.04262722612221567
2018,New,vehicle_type,Car,powertrain,Hybrid Electric (HEV),118506,0.04555030632471457
2019,New,vehicle_type,Car,powertrain,Hybrid Electric (HEV),134246,0.058798409395411706
2020,New,vehicle_type,Car,powertrain,Hybrid Electric (HEV),120493,0.062094750240921016
2021,New,vehicle_type,Car,powertrain,Hybrid Electric (HEV),111378,0.06418234613795476
2023,New,vehicle_type,Car,powertrain,Hybrid Electric (HEV),137609,0.061672755108397564
2024,New,vehicle_type,Car,powertrain,Hybrid Electric (HEV),142341,0.062465550714614224
2022,New,vehicle_type,Car,powertrain,Hybrid Electric (HEV),78479,0.04276295355844835
2017,New,vehicle_type,CUV,powertrain,Hybrid Electric (HEV),17439,0.023707854628802618
2016,New,vehicle_type,CUV,powertrain,Hybrid Electric (HEV),4554,0.01025116940766519
2020,New,vehicle_type,CUV,powertrain,Hybrid Electric (HEV),175015,0.05508064373997618
2021,New,vehicle_type,CUV,powertrain,Hybrid Electric (HEV),185319,0.05229120931833701
2018,New,vehicle_type,CUV,powertrain,Hybrid Electric (HEV),50458,0.01642304525141665
2019,New,vehicle_type,CUV,powertrain,Hybrid Electric (HEV),77125,0.024590224042846453
2023,New,vehicle_type,CUV,powertrain,Hybrid Electric (HEV),176469,0.03425654604238269
2022,New,vehicle_type,CUV,powertrain,Hybrid Electric (HEV),102150,0.024121495830275345
2024,New,vehicle_type,CUV,powertrain,Hybrid Electric (HEV),220265,0.040090283905425045
2024,Used,vehicle_type,Pickup,powertrain,Battery Electric (BEV),6370,0.00235724861349745
2023,Used,vehicle_type,Pickup,powertrain,Battery Electric (BEV),3290,0.001284431750215894
2022,Used,vehicle_type,Pickup,powertrain,Battery Electric (BEV),1032,3.90588778520645e-4
2016,Used,vehicle_type,CUV,powertrain,Gasoline,2397133,0.987910411346863
2017,Used,vehicle_type,CUV,powertrain,Gasoline,3117170,0.9896161057666361
2020,Used,vehicle_type,CUV,powertrain,Gasoline,2896611,0.9797419519811237
2021,Used,vehicle_type,CUV,powertrain,Gasoline,3198295,0.9738144795718778
2019,Used,vehicle_type,CUV,powertrain,Gasoline,2765611,0.9832989876924565
2018,Used,vehicle_type,CUV,powertrain,Gasoline,2476926,0.9862011329109968
2016,Used,vehicle_type,Car,powertrain,Gasoline,3947308,0.9529199636243283
2017,Used,vehicle_type,Car,powertrain,Gasoline,4668862,0.951378224878308
2016,Used,vehicle_type,Minivan,powertrain,Gasoline,412547,0.9584732157585248
2017,Used,vehicle_type,Minivan,powertrain,Gasoline,480477,0.9577207347993175
2020,Used,vehicle_type,Minivan,powertrain,Gasoline,362258,0.9737123627156365
2021,Used,vehicle_type,Minivan,powertrain,Gasoline,326859,0.9657726707303741
2018,Used,vehicle_type,Minivan,powertrain,Gasoline,371258,0.9630707611532215
2019,Used,vehicle_type,Minivan,powertrain,Gasoline,368201,0.9675521417741211
2024,Used,vehicle_type,Minivan,powertrain,Gasoline,337391,0.878139876265906
2022,Used,vehicle_type,Minivan,powertrain,Gasoline,370129,0.9415477211039234
2023,Used,vehicle_type,Minivan,powertrain,Gasoline,364966,0.9040905859300491
2016,Used,vehicle_type,Pickup,powertrain,Gasoline,1380811,0.8893041546686486
2017,Used,vehicle_type,Pickup,powertrain,Gasoline,1737165,0.8810037721840225
2018,Used,vehicle_type,Pickup,powertrain,Gasoline,1379774,0.8647373180855591
2019,Used,vehicle_type,Pickup,powertrain,Gasoline,1513362,0.8632860341409848
2021,Used,vehicle_type,Pickup,powertrain,Gasoline,1798744,0.854290249256486
2020,Used,vehicle_type,Pickup,powertrain,Gasoline,1640145,0.8600127836939212
2020,Used,vehicle_type,SUV,powertrain,Gasoline,1297707,0.9917849740457455
2021,Used,vehicle_type,SUV,powertrain,Gasoline,1409892,0.9912837686293011
2019,Used,vehicle_type,SUV,powertrain,Gasoline,1201170,0.9909294526735222
2018,Used,vehicle_type,SUV,powertrain,Gasoline,1108903,0.9929164569928386
2020,Used,vehicle_type,Car,powertrain,Gasoline,3707923,0.931358133226163
2019,Used,vehicle_type,Car,powertrain,Gasoline,3786506,0.9281778058857632
2018,Used,vehicle_type,Car,powertrain,Gasoline,3701566,0.9409314534189405
2021,Used,vehicle_type,Car,powertrain,Gasoline,3745980,0.9363517381840578
2022,Used,vehicle_type,SUV,powertrain,Gasoline,1722264,0.9853050716553677
2024,Used,vehicle_type,SUV,powertrain,Gasoline,1776135,0.974849049841407
2023,Used,vehicle_type,SUV,powertrain,Gasoline,1710769,0.9797820363547645
2022,Used,vehicle_type,Pickup,powertrain,Gasoline,2229246,0.8437194497694126
2023,Used,vehicle_type,Pickup,powertrain,Gasoline,2151594,0.8399925979252328
2024,Used,vehicle_type,Pickup,powertrain,Gasoline,2278283,0.8430893944905512
2024,Used,vehicle_type,CUV,powertrain,Gasoline,5030193,0.9518654617231359
2023,Used,vehicle_type,CUV,powertrain,Gasoline,4649460,0.9654497057528174
2022,Used,vehicle_type,CUV,powertrain,Gasoline,4390998,0.9749271968177083
2019,Used,vehicle_type,Car,powertrain,Diesel,74393,0.018235790861881526
2018,Used,vehicle_type,Car,powertrain,Diesel,45556,0.011580253679646197
2020,Used,vehicle_type,Car,powertrain,Diesel,50382,0.012654978398472821
2021,Used,vehicle_type,Car,powertrain,Diesel,19174,0.004792766706693876
2022,Used,vehicle_type,Car,powertrain,Diesel,21542,0.004786997286953399
2024,Used,vehicle_type,Car,powertrain,Diesel,14723,0.0035438698008760624
2023,Used,vehicle_type,Car,powertrain,Diesel,19273,0.004414081269665027
2016,Used,vehicle_type,CUV,powertrain,Diesel,11028,0.004544877575142141
2017,Used,vehicle_type,CUV,powertrain,Diesel,9731,0.003089325999292671
2018,Used,vehicle_type,CUV,powertrain,Diesel,12781,0.005088822467742456
2019,Used,vehicle_type,CUV,powertrain,Diesel,12747,0.0045321313070116305
2020,Used,vehicle_type,CUV,powertrain,Diesel,11937,0.00403753893111594
2021,Used,vehicle_type,CUV,powertrain,Diesel,13112,0.003992331994436555
2023,Used,vehicle_type,CUV,powertrain,Diesel,11620,0.0024128663502530913
2024,Used,vehicle_type,CUV,powertrain,Diesel,9720,0.0018393195425998328
2022,Used,vehicle_type,CUV,powertrain,Diesel,11663,0.0025895197165849157
2022,Used,vehicle_type,Car,powertrain,Gasoline,4218688,0.9374639314131864
2023,Used,vehicle_type,Car,powertrain,Gasoline,4035905,0.9243404071316053
2024,Used,vehicle_type,Car,powertrain,Gasoline,3778360,0.9094624669454648
2019,Used,vehicle_type,Minivan,powertrain,Diesel,57,1.4978360211168602e-4
2018,Used,vehicle_type,Minivan,powertrain,Diesel,92,2.3865481693619096e-4
2021,Used,vehicle_type,Minivan,powertrain,Diesel,14,4.136590208690976e-5
2022,Used,vehicle_type,Minivan,powertrain,Diesel,130,3.30698766493601e-4
2024,Used,vehicle_type,Minivan,powertrain,Diesel,181,4.710953096085224e-4
2023,Used,vehicle_type,Minivan,powertrain,Diesel,142,3.517611591273351e-4
2016,Used,vehicle_type,Minivan,powertrain,Diesel,281,6.528491871911454e-4
2017,Used,vehicle_type,Minivan,powertrain,Diesel,280,5.581158010556362e-4
2020,Used,vehicle_type,Minivan,powertrain,Diesel,12,3.225476967406555e-5
2016,Used,vehicle_type,Pickup,powertrain,Diesel,171573,0.11050069975468334
2017,Used,vehicle_type,Pickup,powertrain,Diesel,234347,0.11884915422542426
2018,Used,vehicle_type,Pickup,powertrain,Diesel,215418,0.13500760529431266
2021,Used,vehicle_type,Pickup,powertrain,Diesel,292522,0.13892954878126393
2019,Used,vehicle_type,Pickup,powertrain,Diesel,238491,0.13604540722465452
2020,Used,vehicle_type,Pickup,powertrain,Diesel,262871,0.13783685007264893
2022,Used,vehicle_type,Pickup,powertrain,Diesel,382389,0.14472563219935167
2023,Used,vehicle_type,Pickup,powertrain,Diesel,385566,0.15052681221998215
2024,Used,vehicle_type,Pickup,powertrain,Diesel,399530,0.1478479652355787
2017,Used,vehicle_type,SUV,powertrain,Gasoline,1302679,0.9941321827150846
2016,Used,vehicle_type,SUV,powertrain,Gasoline,1055830,0.9935213109817778
2017,Used,vehicle_type,Car,powertrain,Hybrid Electric (HEV),174868,0.03563301023418982
2016,Used,vehicle_type,Car,powertrain,Hybrid Electric (HEV),149994,0.03621006443476604
2020,Used,vehicle_type,Car,powertrain,Hybrid Electric (HEV),163606,0.04109464483070431
2021,Used,vehicle_type,Car,powertrain,Hybrid Electric (HEV),160673,0.040162105197904724
2018,Used,vehicle_type,Car,powertrain,Hybrid Electric (HEV),146993,0.0373653575628289
2019,Used,vehicle_type,Car,powertrain,Hybrid Electric (HEV),157964,0.03872136447926893
2016,Used,vehicle_type,CUV,powertrain,Hybrid Electric (HEV),17619,0.00726117138161311
2017,Used,vehicle_type,CUV,powertrain,Hybrid Electric (HEV),21375,0.006785977107684806
2021,Used,vehicle_type,CUV,powertrain,Hybrid Electric (HEV),49537,0.015082988865802595
2019,Used,vehicle_type,CUV,powertrain,Hybrid Electric (HEV),26677,0.00948487227403697
2020,Used,vehicle_type,CUV,powertrain,Hybrid Electric (HEV),34770,0.011760511739541025
2018,Used,vehicle_type,CUV,powertrain,Hybrid Electric (HEV),19683,0.007836890120692806
2024,Used,vehicle_type,CUV,powertrain,Hybrid Electric (HEV),96530,0.01826641105423476
2022,Used,vehicle_type,CUV,powertrain,Hybrid Electric (HEV),56522,0.01254950127932887
2023,Used,vehicle_type,CUV,powertrain,Hybrid Electric (HEV),79324,0.01647144667534219
2016,Used,vehicle_type,Minivan,powertrain,Hybrid Electric (HEV),17471,0.04059049163493417
2017,Used,vehicle_type,Minivan,powertrain,Hybrid Electric (HEV),20769,0.04139823954330181
2021,Used,vehicle_type,Minivan,powertrain,Hybrid Electric (HEV),11287,0.03334978120392503
2018,Used,vehicle_type,Minivan,powertrain,Hybrid Electric (HEV),13848,0.035922738097091005
2019,Used,vehicle_type,Minivan,powertrain,Hybrid Electric (HEV),11924,0.03133367844876744
2020,Used,vehicle_type,Minivan,powertrain,Hybrid Electric (HEV),9403,0.0252742999371032
2016,New,vehicle_type,Minivan,powertrain,Gasoline,50220,0.9056154650701482
2017,New,vehicle_type,Minivan,powertrain,Gasoline,55600,0.8917830849920606
2019,New,vehicle_type,Minivan,powertrain,Gasoline,179681,0.9793587982645475
2018,New,vehicle_type,Minivan,powertrain,Gasoline,207661,0.9356880874494219
2021,New,vehicle_type,Minivan,powertrain,Gasoline,71242,0.5014182051083537
2020,New,vehicle_type,Minivan,powertrain,Gasoline,140658,0.9289752463477136
2017,New,vehicle_type,SUV,powertrain,Gasoline,202770,1
2024,New,vehicle_type,Minivan,powertrain,Hybrid Electric (HEV),87184,0.36829543390376096
2023,New,vehicle_type,Minivan,powertrain,Hybrid Electric (HEV),72765,0.35852068644406015
2022,New,vehicle_type,Minivan,powertrain,Hybrid Electric (HEV),61289,0.47932585148398704
2017,New,vehicle_type,Pickup,powertrain,Hybrid Electric (HEV),56,1.3991849747522068e-4
2021,New,vehicle_type,Pickup,powertrain,Hybrid Electric (HEV),36319,0.0272032057523781
2020,New,vehicle_type,Pickup,powertrain,Hybrid Electric (HEV),5887,0.0034779659895454243
2018,New,vehicle_type,Pickup,powertrain,Hybrid Electric (HEV),1062,6.852722602176223e-4
2019,New,vehicle_type,Pickup,powertrain,Hybrid Electric (HEV),34,2.074428037481254e-5
2024,New,vehicle_type,Pickup,powertrain,Hybrid Electric (HEV),879,4.231780236286432e-4
2022,New,vehicle_type,Pickup,powertrain,Hybrid Electric (HEV),83,4.9936286112057024e-5
2023,New,vehicle_type,Pickup,powertrain,Hybrid Electric (HEV),84,4.3636862343361846e-5
2021,New,vehicle_type,SUV,powertrain,Hybrid Electric (HEV),17009,0.018456847393807208
2020,New,vehicle_type,SUV,powertrain,Hybrid Electric (HEV),572,5.85216530116143e-4
2019,New,vehicle_type,SUV,powertrain,Hybrid Electric (HEV),15,1.5963696425834796e-5
2016,Used,vehicle_type,Car,powertrain,Battery Electric (BEV),11558,0.002790217773624451
2017,Used,vehicle_type,Car,powertrain,Battery Electric (BEV),23335,0.004754994017286293
2019,Used,vehicle_type,Car,powertrain,Battery Electric (BEV),32846,0.008051467028475269
2018,Used,vehicle_type,Car,powertrain,Battery Electric (BEV),20781,0.005282493013362183
2020,Used,vehicle_type,Car,powertrain,Battery Electric (BEV),34161,0.008580578719983925
2021,Used,vehicle_type,Car,powertrain,Battery Electric (BEV),47266,0.011814692352070133
2022,Used,vehicle_type,Car,powertrain,Battery Electric (BEV),78603,0.017466918008838456
2023,Used,vehicle_type,Car,powertrain,Battery Electric (BEV),105354,0.02412915052582832
2024,Used,vehicle_type,Car,powertrain,Battery Electric (BEV),163187,0.039279595272401144
2024,Used,vehicle_type,CUV,powertrain,Battery Electric (BEV),129007,0.024412046937466732
2023,Used,vehicle_type,CUV,powertrain,Battery Electric (BEV),63157,0.013114406203350646
2022,Used,vehicle_type,CUV,powertrain,Battery Electric (BEV),34977,0.00776589480639549
2018,Used,vehicle_type,SUV,powertrain,Diesel,6637,0.005942797995010808
2019,Used,vehicle_type,SUV,powertrain,Diesel,9198,0.007588075880758808
2021,Used,vehicle_type,SUV,powertrain,Diesel,8294,0.005831444945436547
2020,Used,vehicle_type,SUV,powertrain,Diesel,8426,0.006439651008516909
2024,Used,vehicle_type,SUV,powertrain,Diesel,19899,0.010921760588465492
2023,Used,vehicle_type,SUV,powertrain,Diesel,17871,0.010234978989972344
2022,Used,vehicle_type,SUV,powertrain,Diesel,14473,0.00827998512543265
2017,Used,vehicle_type,SUV,powertrain,Diesel,5770,0.004403343182983711
2016,Used,vehicle_type,SUV,powertrain,Diesel,4796,0.004512969140362186
2016,Used,vehicle_type,SUV,powertrain,Hybrid Electric (HEV),2089,0.0019657198778600094
2017,Used,vehicle_type,SUV,powertrain,Hybrid Electric (HEV),1919,0.0014644741019316711
2017,Used,vehicle_type,Car,powertrain,Plug-In Hybrid Electric (PHEV),22386,0.004561615430510862
2019,Used,vehicle_type,SUV,powertrain,Hybrid Electric (HEV),1686,0.001390899753746396
2020,Used,vehicle_type,SUV,powertrain,Hybrid Electric (HEV),1281,9.790164896641537e-4
2018,Used,vehicle_type,SUV,powertrain,Hybrid Electric (HEV),1274,0.0011407450121506356
2021,Used,vehicle_type,SUV,powertrain,Hybrid Electric (HEV),1594,0.001120728628288625
2024,Used,vehicle_type,SUV,powertrain,Hybrid Electric (HEV),14382,0.00789370123037895
2023,Used,vehicle_type,SUV,powertrain,Hybrid Electric (HEV),9057,0.005187074294229731
2022,Used,vehicle_type,SUV,powertrain,Hybrid Electric (HEV),6696,0.003830773191452845
2019,Used,vehicle_type,Car,powertrain,Plug-In Hybrid Electric (PHEV),27796,0.006813571744611172
2020,Used,vehicle_type,Car,powertrain,Plug-In Hybrid Electric (PHEV),25128,0.0063116648246759775
2021,Used,vehicle_type,Car,powertrain,Plug-In Hybrid Electric (PHEV),27519,0.006878697559273431
2018,Used,vehicle_type,Car,powertrain,Plug-In Hybrid Electric (PHEV),19042,0.004840442325222207
2016,Used,vehicle_type,Car,powertrain,Plug-In Hybrid Electric (PHEV),16868,0.004072105330117429
2023,New,vehicle_type,Minivan,powertrain,Gasoline,130194,0.6414793135559399
2022,New,vehicle_type,Minivan,powertrain,Gasoline,66576,0.520674148516013
2024,New,vehicle_type,Minivan,powertrain,Gasoline,148606,0.627763250719195
2017,Used,vehicle_type,Minivan,powertrain,Battery Electric (BEV),162,3.2290985632504665e-4
2016,Used,vehicle_type,Minivan,powertrain,Battery Electric (BEV),122,2.834434193498923e-4
2019,Used,vehicle_type,Minivan,powertrain,Battery Electric (BEV),367,9.643961749998029e-4
2020,Used,vehicle_type,Minivan,powertrain,Battery Electric (BEV),365,9.810825775861606e-4
2018,Used,vehicle_type,Minivan,powertrain,Battery Electric (BEV),296,7.678459327512231e-4
2021,Used,vehicle_type,Minivan,powertrain,Battery Electric (BEV),283,8.361821636139616e-4
2022,Used,vehicle_type,Minivan,powertrain,Battery Electric (BEV),179,4.553467630950352e-4
2024,Used,vehicle_type,Minivan,powertrain,Battery Electric (BEV),163,4.2424605229938756e-4
2023,Used,vehicle_type,Minivan,powertrain,Battery Electric (BEV),214,5.301189299524627e-4
2024,Used,vehicle_type,SUV,powertrain,Battery Electric (BEV),1893,0.0010389915470106626
2023,Used,vehicle_type,SUV,powertrain,Battery Electric (BEV),863,4.942525246682409e-4
2016,Used,vehicle_type,Car,powertrain,Diesel,16601,0.004007648837163828
2017,Used,vehicle_type,Car,powertrain,Diesel,18021,0.003672155439705005
2024,Used,vehicle_type,Car,powertrain,Hybrid Electric (HEV),173467,0.04175402178554424
2023,Used,vehicle_type,Car,powertrain,Hybrid Electric (HEV),177785,0.040717970140995007
2022,Used,vehicle_type,Car,powertrain,Hybrid Electric (HEV),156470,0.03477028435101654
2024,New,vehicle_type,Car,powertrain,Battery Electric (BEV),71245,0.03126546926509361
2022,New,vehicle_type,Car,powertrain,Battery Electric (BEV),30259,0.01648803134246217
2023,New,vehicle_type,Car,powertrain,Battery Electric (BEV),65640,0.029418131410846794
2016,New,vehicle_type,Minivan,powertrain,Hybrid Electric (HEV),5174,0.09330255707433188
2017,New,vehicle_type,Minivan,powertrain,Hybrid Electric (HEV),6616,0.10611577140840778
2021,New,vehicle_type,Minivan,powertrain,Hybrid Electric (HEV),70839,0.49858179489164633
2020,New,vehicle_type,Minivan,powertrain,Hybrid Electric (HEV),10754,0.07102475365228647
2018,New,vehicle_type,Minivan,powertrain,Hybrid Electric (HEV),14242,0.06417223138410519
2019,New,vehicle_type,Minivan,powertrain,Hybrid Electric (HEV),3786,0.02063575119366865
2016,New,vehicle_type,Car,powertrain,Plug-In Hybrid Electric (PHEV),4128,0.007189595985808908
2018,New,vehicle_type,Car,powertrain,Plug-In Hybrid Electric (PHEV),35117,0.01349796725233323
2020,New,vehicle_type,Car,powertrain,Plug-In Hybrid Electric (PHEV),13827,0.007125593284101274
2019,New,vehicle_type,Car,powertrain,Plug-In Hybrid Electric (PHEV),23329,0.010217869379985695
2021,New,vehicle_type,Car,powertrain,Plug-In Hybrid Electric (PHEV),16686,0.009615423401909831
2022,New,vehicle_type,Car,powertrain,Plug-In Hybrid Electric (PHEV),8902,0.0048506710403714015
2023,New,vehicle_type,Car,powertrain,Plug-In Hybrid Electric (PHEV),6436,0.002884446888485831
2024,New,vehicle_type,Car,powertrain,Plug-In Hybrid Electric (PHEV),11635,0.005105954591892262
2017,New,vehicle_type,CUV,powertrain,Plug-In Hybrid Electric (PHEV),220,2.99084122847444e-4
2018,New,vehicle_type,CUV,powertrain,Plug-In Hybrid Electric (PHEV),15829,0.0051520152064028326
2019,New,vehicle_type,CUV,powertrain,Plug-In Hybrid Electric (PHEV),13187,0.00420448991187055
2020,New,vehicle_type,CUV,powertrain,Plug-In Hybrid Electric (PHEV),4648,0.001462816513461185
2021,New,vehicle_type,CUV,powertrain,Plug-In Hybrid Electric (PHEV),2985,8.422733762605884e-4
2023,New,vehicle_type,CUV,powertrain,Plug-In Hybrid Electric (PHEV),9306,0.0018065009575076265
2024,New,vehicle_type,CUV,powertrain,Plug-In Hybrid Electric (PHEV),7324,0.00133303629411542
2022,New,vehicle_type,CUV,powertrain,Plug-In Hybrid Electric (PHEV),6020,0.0014215507087445677
2024,New,vehicle_type,SUV,powertrain,Hybrid Electric (HEV),21323,0.01926043819461506
2023,New,vehicle_type,SUV,powertrain,Hybrid Electric (HEV),31226,0.02924248241761329
2022,New,vehicle_type,SUV,powertrain,Hybrid Electric (HEV),28445,0.026674406261194435
2017,New,vehicle_type,Car,powertrain,Plug-In Hybrid Electric (PHEV),9495,0.011307003911901828
2017,Used,vehicle_type,CUV,powertrain,Battery Electric (BEV),591,1.876263144159869e-4
2016,Used,vehicle_type,CUV,powertrain,Battery Electric (BEV),183,7.541826226432823e-5
2021,Used,vehicle_type,CUV,powertrain,Battery Electric (BEV),12189,0.003711297641869064
2020,Used,vehicle_type,CUV,powertrain,Battery Electric (BEV),6188,0.0020930125580753485
2019,Used,vehicle_type,CUV,powertrain,Battery Electric (BEV),3203,0.0011388104319728762
2018,Used,vehicle_type,CUV,powertrain,Battery Electric (BEV),512,2.0385549671263103e-4
2022,Used,vehicle_type,SUV,powertrain,Battery Electric (BEV),21,1.2014073629108384e-5
2024,Used,vehicle_type,Minivan,powertrain,Hybrid Electric (HEV),46386,0.12073053608564044
2023,Used,vehicle_type,Minivan,powertrain,Hybrid Electric (HEV),38361,0.09502753398087113
2022,Used,vehicle_type,Minivan,powertrain,Hybrid Electric (HEV),22669,0.057666233366488004
2023,Used,vehicle_type,Car,powertrain,Plug-In Hybrid Electric (PHEV),27937,0.006398390931906389
2022,Used,vehicle_type,Car,powertrain,Plug-In Hybrid Electric (PHEV),24804,0.005511868940005204
2024,Used,vehicle_type,Car,powertrain,Plug-In Hybrid Electric (PHEV),24761,0.005960046195713658
2017,Used,vehicle_type,Pickup,powertrain,Hybrid Electric (HEV),290,1.470735905532097e-4
2016,Used,vehicle_type,Pickup,powertrain,Hybrid Electric (HEV),303,1.9514557666805996e-4
2019,Used,vehicle_type,Pickup,powertrain,Hybrid Electric (HEV),1172,6.685586343606053e-4
2021,Used,vehicle_type,Pickup,powertrain,Hybrid Electric (HEV),14276,0.0067802019622501
2020,Used,vehicle_type,Pickup,powertrain,Hybrid Electric (HEV),4101,0.0021503662334298314
2018,Used,vehicle_type,Pickup,powertrain,Hybrid Electric (HEV),407,2.5507662012824023e-4
2024,Used,vehicle_type,Pickup,powertrain,Hybrid Electric (HEV),18120,0.006705391660372652
2023,Used,vehicle_type,Pickup,powertrain,Hybrid Electric (HEV),20994,0.008196158104569142
2022,Used,vehicle_type,Pickup,powertrain,Hybrid Electric (HEV),29498,0.011164329252715103
2016,Used,vehicle_type,CUV,powertrain,Plug-In Hybrid Electric (PHEV),505,2.0812143411740852e-4
2017,Used,vehicle_type,CUV,powertrain,Plug-In Hybrid Electric (PHEV),1011,3.2096481197049537e-4
2018,Used,vehicle_type,CUV,powertrain,Plug-In Hybrid Electric (PHEV),1681,6.692990038553374e-4
2019,Used,vehicle_type,CUV,powertrain,Plug-In Hybrid Electric (PHEV),4346,0.001545198294522048
2021,Used,vehicle_type,CUV,powertrain,Plug-In Hybrid Electric (PHEV),11163,0.0033989019260139766
2020,Used,vehicle_type,CUV,powertrain,Plug-In Hybrid Electric (PHEV),6998,0.002366984790144035
2024,Used,vehicle_type,CUV,powertrain,Plug-In Hybrid Electric (PHEV),19113,0.0036167607425628195
2023,Used,vehicle_type,CUV,powertrain,Plug-In Hybrid Electric (PHEV),12288,0.00255157501823666
2022,Used,vehicle_type,CUV,powertrain,Plug-In Hybrid Electric (PHEV),9764,0.002167887379982433
2024,Used,vehicle_type,Minivan,powertrain,Plug-In Hybrid Electric (PHEV),90,2.3424628654567412e-4
2021,Used,vehicle_type,SUV,powertrain,Plug-In Hybrid Electric (PHEV),2509,0.0017640577969737514
2020,Used,vehicle_type,SUV,powertrain,Plug-In Hybrid Electric (PHEV),1042,7.963584560734178e-4
2019,Used,vehicle_type,SUV,powertrain,Plug-In Hybrid Electric (PHEV),111,9.15716919726275e-5
2023,Used,vehicle_type,SUV,powertrain,Plug-In Hybrid Electric (PHEV),7511,0.004301657836365188
2024,Used,vehicle_type,SUV,powertrain,Plug-In Hybrid Electric (PHEV),9650,0.005296496792737927
2022,Used,vehicle_type,SUV,powertrain,Plug-In Hybrid Electric (PHEV),4496,0.0025721559541176807
2023,New,vehicle_type,CUV,price_bin,$50k-$60k,716683,0.1391240625112227
2024,New,vehicle_type,CUV,price_bin,$30k-$40k,2320828,0.42241233702885067
2022,New,vehicle_type,CUV,price_bin,$40k-$50k,1036773,0.24482149384671623
2023,New,vehicle_type,CUV,price_bin,$30k-$40k,2211147,0.4292326641618435
2024,New,vehicle_type,CUV,price_bin,$40k-$50k,1178693,0.21453311696064814
2023,New,vehicle_type,CUV,price_bin,$40k-$50k,1188990,0.23080932446453825
2024,New,vehicle_type,CUV,price_bin,$50k-$60k,684915,0.1246609166280807
2023,New,vehicle_type,CUV,price_bin,$60k-$70k,229668,0.04458365161281556
2022,New,vehicle_type,CUV,price_bin,$50k-$60k,597971,0.14120367090676045
2022,New,vehicle_type,CUV,price_bin,$60k-$70k,181915,0.04295704272114087
2024,New,vehicle_type,CUV,price_bin,$60k-$70k,201492,0.03667342285279959
2024,New,vehicle_type,CUV,price_bin,$70k+,176894,0.03219635748378661
2024,New,vehicle_type,CUV,price_bin,$20k-$30k,926802,0.1686866061522064
2023,New,vehicle_type,CUV,price_bin,$70k+,171996,0.03338823755507003
2022,New,vehicle_type,CUV,price_bin,$70k+,146768,0.034657500734389154
2022,New,vehicle_type,CUV,price_bin,$30k-$40k,1839849,0.43445824749717343
2023,New,vehicle_type,CUV,price_bin,$20k-$30k,632654,0.12281217029561896
2022,New,vehicle_type,CUV,price_bin,$20k-$30k,431269,0.10183899545009319
2024,New,vehicle_type,CUV,price_bin,$10k-$20k,4535,8.254122875223143e-4
2023,New,vehicle_type,CUV,price_bin,$10k-$20k,235,4.561871104817239e-5
2024,New,vehicle_type,SUV,price_bin,$70k+,416810,0.3764922029685084
2023,New,vehicle_type,SUV,price_bin,$70k+,390159,0.36537557476377325
2016,New,vehicle_type,Car,price_bin,$30k-$40k,190417,0.33164275649946096
2017,New,vehicle_type,Car,price_bin,$20k-$30k,391509,0.46622367504420986
2016,New,vehicle_type,Car,price_bin,$20k-$30k,247060,0.43029592641810777
2017,New,vehicle_type,Car,price_bin,$30k-$40k,246372,0.2933890645374489
2016,New,vehicle_type,Car,price_bin,$40k-$50k,66536,0.11588346863173002
2017,New,vehicle_type,Car,price_bin,$70k+,21000,0.0250075915903042
2017,New,vehicle_type,Car,price_bin,$10k-$20k,41701,0.04965912270987026
2017,New,vehicle_type,Car,price_bin,$40k-$50k,85438,0.10174279096630524
2017,New,vehicle_type,Car,price_bin,$50k-$60k,40282,0.047969324020982564
2017,New,vehicle_type,Car,price_bin,$60k-$70k,13440,0.016004858617794687
2016,New,vehicle_type,Car,price_bin,$60k-$70k,11127,0.01937951417977125
2016,New,vehicle_type,Car,price_bin,$70k+,14962,0.02605880211716882
2016,New,vehicle_type,Car,price_bin,$50k-$60k,26801,0.046678382271236565
2016,New,vehicle_type,Car,price_bin,$10k-$20k,17260,0.03006114988252465
2018,New,vehicle_type,Minivan,price_bin,$50k-$60k,43367,0.19540494020744906
2024,New,vehicle_type,Minivan,price_bin,$70k+,2293,0.009686426751942144
2024,New,vehicle_type,Minivan,price_bin,$60k-$70k,3547,0.014983757387326116
2024,New,vehicle_type,Minivan,price_bin,$50k-$60k,58142,0.24561195997009164
2022,New,vehicle_type,Pickup,price_bin,$70k+,190069,0.11435349355460923
2024,New,vehicle_type,Pickup,price_bin,$50k-$60k,612935,0.29508603175520187
2023,New,vehicle_type,Pickup,price_bin,$60k-$70k,366785,0.19053983993583304
2024,New,vehicle_type,Pickup,price_bin,$60k-$70k,359216,0.1729377894605082
2024,New,vehicle_type,Pickup,price_bin,$70k+,209943,0.10107311014182963
2023,New,vehicle_type,Pickup,price_bin,$50k-$60k,480763,0.24974986727121037
2023,New,vehicle_type,Pickup,price_bin,$70k+,279438,0.1451642564226708
2022,New,vehicle_type,Pickup,price_bin,$60k-$70k,297455,0.17896142151158942
2024,New,vehicle_type,Pickup,price_bin,$40k-$50k,599148,0.28844853981917445
2024,New,vehicle_type,SUV,price_bin,$60k-$70k,143986,0.13005831514748603
2017,New,vehicle_type,Minivan,price_bin,$60k-$70k,1383,0.02218230227597158
2017,New,vehicle_type,Minivan,price_bin,$50k-$60k,12317,0.19755561614833111
2016,New,vehicle_type,Minivan,price_bin,$50k-$60k,7091,0.1278717495581924
2016,New,vehicle_type,Minivan,price_bin,$60k-$70k,687,0.012388646445702745
2019,New,vehicle_type,Minivan,price_bin,$50k-$60k,34881,0.19012034796258748
2018,New,vehicle_type,Minivan,price_bin,$40k-$50k,106353,0.4792100354159345
2018,New,vehicle_type,Minivan,price_bin,$60k-$70k,3531,0.01591013544567304
2017,New,vehicle_type,Car,price_bin,$0-$10k,3,3.5725130843291715e-6
2021,New,vehicle_type,CUV,price_bin,$50k-$60k,508903,0.14359646499133744
2021,New,vehicle_type,CUV,price_bin,$60k-$70k,164791,0.04649885157365448
2021,New,vehicle_type,CUV,price_bin,$70k+,120769,0.034077223912098824
2019,New,vehicle_type,CUV,price_bin,$50k-$60k,378355,0.12063318272584984
2019,New,vehicle_type,CUV,price_bin,$40k-$50k,620342,0.19778734214829763
2021,New,vehicle_type,CUV,price_bin,$40k-$50k,802390,0.22640929124882195
2020,New,vehicle_type,CUV,price_bin,$40k-$50k,626257,0.1970953272957533
2020,New,vehicle_type,CUV,price_bin,$50k-$60k,397724,0.12517152216003363
2020,New,vehicle_type,CUV,price_bin,$70k+,116712,0.036731549251093336
2019,New,vehicle_type,CUV,price_bin,$70k+,133883,0.042686715922572595
2018,New,vehicle_type,CUV,price_bin,$70k+,120571,0.039243390324796006
2021,New,vehicle_type,CUV,price_bin,$30k-$40k,1423108,0.4015564421921117
2020,New,vehicle_type,CUV,price_bin,$60k-$70k,153446,0.04829245755692018
2020,New,vehicle_type,CUV,price_bin,$30k-$40k,1253110,0.3943782274490847
2019,New,vehicle_type,CUV,price_bin,$30k-$40k,1227618,0.3914087735368697
2018,New,vehicle_type,Car,price_bin,$40k-$50k,304499,0.11704067916872786
2018,New,vehicle_type,Car,price_bin,$30k-$40k,687411,0.2642210657770777
2021,New,vehicle_type,Car,price_bin,$40k-$50k,191078,0.11011002473871069
2021,New,vehicle_type,Car,price_bin,$30k-$40k,579388,0.33387635946216787
2019,New,vehicle_type,Car,price_bin,$50k-$60k,123666,0.05416447489156462
2019,New,vehicle_type,Car,price_bin,$40k-$50k,240175,0.1051942551475873
2018,New,vehicle_type,Car,price_bin,$20k-$30k,1199202,0.4609388422966801
2019,New,vehicle_type,Car,price_bin,$30k-$40k,645598,0.282765486560933
2020,New,vehicle_type,Car,price_bin,$30k-$40k,585088,0.3015187042314491
2020,New,vehicle_type,Car,price_bin,$20k-$30k,907444,0.4676413446226945
2020,New,vehicle_type,Car,price_bin,$50k-$60k,106137,0.05469654259019722
2020,New,vehicle_type,Car,price_bin,$40k-$50k,209770,0.10810267615577669
2021,New,vehicle_type,Car,price_bin,$50k-$60k,125534,0.07233983946633997
2021,New,vehicle_type,Car,price_bin,$20k-$30k,725523,0.41808766827423144
2018,New,vehicle_type,Car,price_bin,$50k-$60k,133862,0.0514527121431737
2021,New,vehicle_type,Car,price_bin,$70k+,60592,0.034916560875495654
2020,New,vehicle_type,Car,price_bin,$70k+,60449,0.031151731281596727
2018,New,vehicle_type,Car,price_bin,$60k-$70k,45556,0.017510419345254224
2019,New,vehicle_type,Car,price_bin,$60k-$70k,49285,0.02158633856541622
2020,New,vehicle_type,Car,price_bin,$60k-$70k,26607,0.013711626564698242
2021,New,vehicle_type,Car,price_bin,$60k-$70k,31899,0.01838202032227746
2019,New,vehicle_type,Car,price_bin,$20k-$30k,1041563,0.4561942082826542
2018,New,vehicle_type,Car,price_bin,$70k+,75626,0.029068464601900868
2019,New,vehicle_type,Car,price_bin,$70k+,80067,0.03506854762944467
2019,New,vehicle_type,Car,price_bin,$10k-$20k,102803,0.04502668892239999
2018,New,vehicle_type,Car,price_bin,$10k-$20k,155488,0.05976512606802373
2020,New,vehicle_type,Car,price_bin,$10k-$20k,44975,0.023177374553587534
2021,New,vehicle_type,Car,price_bin,$10k-$20k,21323,0.012287526860776898
2016,New,vehicle_type,CUV,price_bin,$30k-$40k,204175,0.4596030992116909
2016,New,vehicle_type,CUV,price_bin,$40k-$50k,97134,0.21865109557403398
2016,New,vehicle_type,CUV,price_bin,$20k-$30k,48434,0.10902616141652523
2017,New,vehicle_type,CUV,price_bin,$70k+,28620,0.038908125435881125
2017,New,vehicle_type,CUV,price_bin,$60k-$70k,43225,0.05876323277309439
2017,New,vehicle_type,CUV,price_bin,$20k-$30k,97825,0.1329904741706873
2017,New,vehicle_type,CUV,price_bin,$30k-$40k,309893,0.4212912549161953
2017,New,vehicle_type,CUV,price_bin,$40k-$50k,158188,0.2150523601135976
2017,New,vehicle_type,CUV,price_bin,$50k-$60k,96435,0.13110080630360574
2016,New,vehicle_type,CUV,price_bin,$60k-$70k,24198,0.05447031122676379
2016,New,vehicle_type,CUV,price_bin,$70k+,12608,0.028380927512481936
2016,New,vehicle_type,CUV,price_bin,$50k-$60k,56826,0.1279167660869526
2017,New,vehicle_type,CUV,price_bin,$10k-$20k,1393,0.0018937462869385885
2016,New,vehicle_type,CUV,price_bin,$10k-$20k,867,0.0019516389715515418
2021,New,vehicle_type,CUV,price_bin,$20k-$30k,516078,0.14562102494935072
2020,New,vehicle_type,CUV,price_bin,$20k-$30k,614066,0.19325858114351463
2018,New,vehicle_type,CUV,price_bin,$30k-$40k,1311666,0.4269204104947614
2018,New,vehicle_type,CUV,price_bin,$20k-$30k,577904,0.1880959123028001
2018,New,vehicle_type,CUV,price_bin,$40k-$50k,526162,0.17125495135708682
2019,New,vehicle_type,CUV,price_bin,$60k-$70k,172480,0.054992827784896677
2019,New,vehicle_type,CUV,price_bin,$20k-$30k,589376,0.18791426755885474
2018,New,vehicle_type,CUV,price_bin,$50k-$60k,342923,0.11161441093090395
2018,New,vehicle_type,CUV,price_bin,$60k-$70k,184233,0.0599640670617988
2019,New,vehicle_type,CUV,price_bin,$10k-$20k,14355,0.004576890322658811
2020,New,vehicle_type,CUV,price_bin,$10k-$20k,16117,0.005072335143600241
2018,New,vehicle_type,CUV,price_bin,$10k-$20k,8931,0.0029068575278529095
2021,New,vehicle_type,CUV,price_bin,$10k-$20k,7941,0.002240701132624902
2016,New,vehicle_type,Minivan,price_bin,$40k-$50k,27061,0.48799004580372923
2017,New,vehicle_type,Minivan,price_bin,$30k-$40k,16120,0.25855293759122333
2017,New,vehicle_type,Minivan,price_bin,$40k-$50k,29628,0.47521131730476207
2016,New,vehicle_type,Minivan,price_bin,$30k-$40k,15881,0.2863815053918563
2016,New,vehicle_type,Minivan,price_bin,$20k-$30k,4711,0.08495329462257006
2017,New,vehicle_type,Minivan,price_bin,$70k+,216,0.003464481049609444
2017,New,vehicle_type,Minivan,price_bin,$20k-$30k,2661,0.042680481819494125
2016,New,vehicle_type,Minivan,price_bin,$70k+,5,9.01648212933242e-5
2021,New,vehicle_type,Minivan,price_bin,$40k-$50k,82852,0.5831321570090301
2021,New,vehicle_type,Minivan,price_bin,$50k-$60k,36171,0.25458013386730105
2020,New,vehicle_type,Minivan,price_bin,$50k-$60k,28024,0.18508440546323937
2020,New,vehicle_type,Minivan,price_bin,$40k-$50k,80136,0.529257918791113
2021,New,vehicle_type,Minivan,price_bin,$60k-$70k,6337,0.04460131896594196
2021,New,vehicle_type,Minivan,price_bin,$30k-$40k,14859,0.10458118960311372
2020,New,vehicle_type,Minivan,price_bin,$30k-$40k,34473,0.22767680236705148
2019,New,vehicle_type,Minivan,price_bin,$40k-$50k,99355,0.5415385789347461
2019,New,vehicle_type,Minivan,price_bin,$30k-$40k,40102,0.21857762661608565
2018,New,vehicle_type,Minivan,price_bin,$30k-$40k,51923,0.2339569421539737
2019,New,vehicle_type,Minivan,price_bin,$60k-$70k,1866,0.010170710968670286
2019,New,vehicle_type,Minivan,price_bin,$20k-$30k,7118,0.038796956417467894
2020,New,vehicle_type,Minivan,price_bin,$20k-$30k,6829,0.04510210551343354
2021,New,vehicle_type,Minivan,price_bin,$70k+,404,0.002843448455458506
2020,New,vehicle_type,Minivan,price_bin,$60k-$70k,1647,0.010877605473806567
2021,New,vehicle_type,Minivan,price_bin,$20k-$30k,1458,0.010261752099154708
2018,New,vehicle_type,Minivan,price_bin,$20k-$30k,16570,0.07466183640181315
2018,New,vehicle_type,Minivan,price_bin,$10k-$20k,61,2.7485648886605926e-4
2019,New,vehicle_type,Minivan,price_bin,$10k-$20k,19,1.0356029389321298e-4
2019,New,vehicle_type,Minivan,price_bin,$70k+,127,6.92218806549371e-4
2020,New,vehicle_type,Minivan,price_bin,$70k+,291,0.0019219084352627269
2018,New,vehicle_type,Minivan,price_bin,$70k+,129,5.812538862905188e-4
2023,New,vehicle_type,Minivan,price_bin,$40k-$50k,120315,0.5928044580432501
2024,New,vehicle_type,Minivan,price_bin,$40k-$50k,147269,0.6221152993160783
2023,New,vehicle_type,Minivan,price_bin,$30k-$40k,16779,0.08267186968796654
2022,New,vehicle_type,Minivan,price_bin,$30k-$40k,10279,0.08038947327259219
2024,New,vehicle_type,Minivan,price_bin,$30k-$40k,25459,0.10754764006877236
2023,New,vehicle_type,Minivan,price_bin,$50k-$60k,58996,0.29067939830212014
2022,New,vehicle_type,Minivan,price_bin,$50k-$60k,34393,0.2689790012904235
2022,New,vehicle_type,Minivan,price_bin,$40k-$50k,78223,0.6117624056622218
2023,New,vehicle_type,Minivan,price_bin,$60k-$70k,5426,0.026734463610877075
2022,New,vehicle_type,Minivan,price_bin,$60k-$70k,4185,0.03272983224494584
2022,New,vehicle_type,Minivan,price_bin,$70k+,755,0.005904665076447816
2023,New,vehicle_type,Minivan,price_bin,$20k-$30k,17,8.376075956227612e-5
2022,New,vehicle_type,Minivan,price_bin,$20k-$30k,30,2.346224533687874e-4
2023,New,vehicle_type,Minivan,price_bin,$70k+,1426,0.0070260495962238675
2024,New,vehicle_type,Minivan,price_bin,$20k-$30k,13,5.491650578946701e-5
2017,New,vehicle_type,Pickup,price_bin,$40k-$50k,127826,0.31937896175477787
2017,New,vehicle_type,Pickup,price_bin,$30k-$40k,39309,0.09821528959381161
2017,New,vehicle_type,Pickup,price_bin,$50k-$60k,129950,0.3246858704804451
2017,New,vehicle_type,Pickup,price_bin,$70k+,31743,0.07931130116707018
2017,New,vehicle_type,Pickup,price_bin,$60k-$70k,65994,0.16488895218535204
2017,New,vehicle_type,Pickup,price_bin,$20k-$30k,5399,0.013489642283369936
2016,New,vehicle_type,Pickup,price_bin,$60k-$70k,46699,0.18560737039995867
2016,New,vehicle_type,Pickup,price_bin,$50k-$60k,86284,0.34293981343476376
2016,New,vehicle_type,Pickup,price_bin,$70k+,19849,0.07889078342295937
2016,New,vehicle_type,Pickup,price_bin,$40k-$50k,72125,0.28666420244752605
2016,New,vehicle_type,Pickup,price_bin,$30k-$40k,23931,0.09511488428106407
2016,New,vehicle_type,Pickup,price_bin,$20k-$30k,2713,0.010782946013728084
2019,New,vehicle_type,Pickup,price_bin,$30k-$40k,236443,0.14425999660770003
2019,New,vehicle_type,Pickup,price_bin,$40k-$50k,608141,0.3710425709240845
2020,New,vehicle_type,Pickup,price_bin,$40k-$50k,574523,0.3394210046223214
2020,New,vehicle_type,Pickup,price_bin,$50k-$60k,508667,0.30051410327910694
2018,New,vehicle_type,Pickup,price_bin,$40k-$50k,596075,0.38462680085613865
2018,New,vehicle_type,Pickup,price_bin,$30k-$40k,207985,0.13420560361710188
2019,New,vehicle_type,Pickup,price_bin,$50k-$60k,454428,0.27725828947545034
2020,New,vehicle_type,Pickup,price_bin,$30k-$40k,225959,0.13349375183144124
2021,New,vehicle_type,Pickup,price_bin,$60k-$70k,256940,0.19245000374503782
2021,New,vehicle_type,Pickup,price_bin,$40k-$50k,380016,0.284634858812074
2021,New,vehicle_type,Pickup,price_bin,$50k-$60k,414873,0.3107430155044566
2020,New,vehicle_type,Pickup,price_bin,$20k-$30k,23591,0.013937267820514033
2021,New,vehicle_type,Pickup,price_bin,$30k-$40k,149876,0.11225825780840387
2020,New,vehicle_type,Pickup,price_bin,$60k-$70k,241516,0.14268463290828143
2020,New,vehicle_type,Pickup,price_bin,$70k+,118391,0.06994392245087011
2018,New,vehicle_type,Pickup,price_bin,$50k-$60k,443398,0.28610955709602004
2018,New,vehicle_type,Pickup,price_bin,$60k-$70k,184214,0.11886699071914227
2019,New,vehicle_type,Pickup,price_bin,$60k-$70k,204471,0.12475305154465573
2019,New,vehicle_type,Pickup,price_bin,$70k+,108300,0.06607663425271171
2018,New,vehicle_type,Pickup,price_bin,$70k+,89203,0.05755964352937153
2021,New,vehicle_type,Pickup,price_bin,$70k+,123549,0.09253913564527001
2018,New,vehicle_type,Pickup,price_bin,$20k-$30k,28828,0.018601721956265176
2019,New,vehicle_type,Pickup,price_bin,$20k-$30k,27173,0.016578950900728858
2021,New,vehicle_type,Pickup,price_bin,$20k-$30k,9846,0.007374728484757696
2020,New,vehicle_type,Pickup,price_bin,$10k-$20k,9,5.317087464907223e-6
2018,New,vehicle_type,Pickup,price_bin,$10k-$20k,46,2.9682225960461986e-5
2019,New,vehicle_type,Pickup,price_bin,$10k-$20k,50,3.050629466884197e-5
2021,New,vehicle_type,SUV,price_bin,$40k-$50k,235902,0.25598255123134267
2021,New,vehicle_type,SUV,price_bin,$50k-$60k,224580,0.24369679509090614
2020,New,vehicle_type,SUV,price_bin,$40k-$50k,276040,0.28241813107213304
2020,New,vehicle_type,SUV,price_bin,$50k-$60k,228205,0.23347786408243779
2018,New,vehicle_type,SUV,price_bin,$40k-$50k,238505,0.2527955313894453
2018,New,vehicle_type,SUV,price_bin,$50k-$60k,229533,0.24328595503831602
2021,New,vehicle_type,SUV,price_bin,$60k-$70k,134988,0.1464785064374888
2019,New,vehicle_type,SUV,price_bin,$50k-$60k,213999,0.2277476714288147
2019,New,vehicle_type,SUV,price_bin,$40k-$50k,261268,0.27805353585233367
2018,New,vehicle_type,SUV,price_bin,$30k-$40k,101156,0.10721697563250554
2020,New,vehicle_type,SUV,price_bin,$60k-$70k,131366,0.1344013193972679
2019,New,vehicle_type,SUV,price_bin,$60k-$70k,114172,0.12150714322202735
2021,New,vehicle_type,SUV,price_bin,$70k+,243948,0.26471344629457816
2019,New,vehicle_type,SUV,price_bin,$70k+,211287,0.22486143511502377
2020,New,vehicle_type,SUV,price_bin,$70k+,221668,0.22678982132479927
2018,New,vehicle_type,SUV,price_bin,$70k+,224121,0.23754968361474132
2018,New,vehicle_type,SUV,price_bin,$60k-$70k,107053,0.11346730685660382
2021,New,vehicle_type,SUV,price_bin,$30k-$40k,71742,0.07784885329687322
2019,New,vehicle_type,SUV,price_bin,$30k-$40k,105160,0.1119161544093858
2018,New,vehicle_type,SUV,price_bin,$20k-$30k,43015,0.04559233467942807
2019,New,vehicle_type,SUV,price_bin,$20k-$30k,33626,0.035786350401008055
2020,New,vehicle_type,SUV,price_bin,$30k-$40k,96294,0.09851895201224453
2020,New,vehicle_type,SUV,price_bin,$20k-$30k,23834,0.024384704158720544
2021,New,vehicle_type,SUV,price_bin,$20k-$30k,10384,0.011267911302092658
2019,New,vehicle_type,SUV,price_bin,$10k-$20k,120,1.2770957140667837e-4
2018,New,vehicle_type,SUV,price_bin,$10k-$20k,80,8.47933691585318e-5
2018,New,vehicle_type,SUV,price_bin,$0-$10k,7,7.419419801371533e-6
2021,New,vehicle_type,SUV,price_bin,$10k-$20k,11,1.1936346718318494e-5
2020,New,vehicle_type,SUV,price_bin,$10k-$20k,9,9.20795239693232e-6
2022,New,vehicle_type,SUV,price_bin,$70k+,339153,0.3180420076183117
2022,New,vehicle_type,SUV,price_bin,$60k-$70k,183050,0.17165582935882023
2022,New,vehicle_type,SUV,price_bin,$50k-$60k,263406,0.24700997207369244
2024,New,vehicle_type,SUV,price_bin,$50k-$60k,213715,0.1930424681687454
2023,New,vehicle_type,SUV,price_bin,$50k-$60k,236812,0.22176938276691982
2022,New,vehicle_type,SUV,price_bin,$40k-$50k,252099,0.23640679008756746
2023,New,vehicle_type,SUV,price_bin,$40k-$50k,251032,0.23508610921214051
2024,New,vehicle_type,SUV,price_bin,$40k-$50k,292753,0.26443516685213825
2023,New,vehicle_type,SUV,price_bin,$60k-$70k,165819,0.1552859537566841
2024,New,vehicle_type,SUV,price_bin,$30k-$40k,39525,0.03570176896506872
2022,New,vehicle_type,SUV,price_bin,$30k-$40k,28416,0.026647211401585554
2023,New,vehicle_type,SUV,price_bin,$30k-$40k,23798,0.022286318983358776
2022,New,vehicle_type,SUV,price_bin,$20k-$30k,253,2.3725170624300202e-4
2024,New,vehicle_type,SUV,price_bin,$20k-$30k,296,2.673680863671181e-4
2023,New,vehicle_type,SUV,price_bin,$20k-$30k,210,1.9666051712351217e-4
2022,New,vehicle_type,Pickup,price_bin,$50k-$60k,424431,0.2553555162750178
2022,New,vehicle_type,Pickup,price_bin,$40k-$50k,487873,0.29352488812466987
2023,New,vehicle_type,Pickup,price_bin,$40k-$50k,565294,0.29366257692295705
2022,New,vehicle_type,Pickup,price_bin,$30k-$40k,228813,0.1376635112549169
2023,New,vehicle_type,Pickup,price_bin,$30k-$40k,197862,0.10278662924978883
2022,New,vehicle_type,Pickup,price_bin,$20k-$30k,33472,0.020138161069190034
2024,New,vehicle_type,Pickup,price_bin,$30k-$40k,250960,0.12081997361757031
2024,New,vehicle_type,Pickup,price_bin,$20k-$30k,44935,0.02163311091211955
2023,New,vehicle_type,Pickup,price_bin,$20k-$30k,34816,0.01808644046841055
2023,New,vehicle_type,Pickup,price_bin,$10k-$20k,20,1.0389729129371868e-5
2018,New,vehicle_type,Car,price_bin,$0-$10k,7,2.690599161839924e-6
2024,New,vehicle_type,Car,price_bin,$20k-$30k,1096401,0.48114943880578154
2023,New,vehicle_type,Car,price_bin,$20k-$30k,990962,0.444123253186404
2022,New,vehicle_type,Car,price_bin,$20k-$30k,727788,0.3965693299404428
2022,New,vehicle_type,Car,price_bin,$40k-$50k,203477,0.11087395992829159
2022,New,vehicle_type,Car,price_bin,$30k-$40k,668276,0.36414143340544136
2022,New,vehicle_type,Car,price_bin,$50k-$60k,108818,0.059294576642455084
2022,New,vehicle_type,Car,price_bin,$60k-$70k,42032,0.022903101007514127
2023,New,vehicle_type,Car,price_bin,$40k-$50k,206506,0.09255058874357598
2023,New,vehicle_type,Car,price_bin,$60k-$70k,53184,0.023835677954821388
2023,New,vehicle_type,Car,price_bin,$70k+,89725,0.04021239855024723
2024,New,vehicle_type,Car,price_bin,$50k-$60k,93735,0.041135079817019436
2023,New,vehicle_type,Car,price_bin,$50k-$60k,128281,0.05749218945025651
2024,New,vehicle_type,Car,price_bin,$40k-$50k,185536,0.08142143456478923
2023,New,vehicle_type,Car,price_bin,$30k-$40k,755072,0.338403524080605
2022,New,vehicle_type,Car,price_bin,$70k+,70006,0.038146043232109676
2024,New,vehicle_type,Car,price_bin,$70k+,82943,0.03639907105417446
2024,New,vehicle_type,Car,price_bin,$60k-$70k,46537,0.02042250183436959
2024,New,vehicle_type,Car,price_bin,$30k-$40k,738306,0.3240014534526522
2024,New,vehicle_type,Car,price_bin,$10k-$20k,35254,0.015471020471213563
2023,New,vehicle_type,Car,price_bin,$10k-$20k,7546,0.003381919860241467
2022,New,vehicle_type,Car,price_bin,$10k-$20k,14813,0.008071555843745403
2022,New,vehicle_type,CUV,price_bin,$10k-$20k,267,6.304884372671089e-5
2022,New,vehicle_type,Pickup,price_bin,$10k-$20k,5,3.0082100067504233e-6
2023,New,vehicle_type,CUV,price_bin,$0-$10k,22,4.2706878428076275e-6
2024,New,vehicle_type,CUV,price_bin,$0-$10k,65,1.1830606105612003e-5
2016,New,vehicle_type,SUV,price_bin,$50k-$60k,43342,0.26541660032578474
2016,New,vehicle_type,SUV,price_bin,$40k-$50k,46178,0.28278362257957845
2016,New,vehicle_type,SUV,price_bin,$60k-$70k,19497,0.11939521610797438
2016,New,vehicle_type,SUV,price_bin,$70k+,31637,0.1937378289997428
2016,New,vehicle_type,SUV,price_bin,$30k-$40k,19181,0.11746010361425124
2016,Used,vehicle_type,Car,price_bin,$30k-$40k,347842,0.08397256712347088
2017,Used,vehicle_type,Car,price_bin,$20k-$30k,1183027,0.24106647984950297
2017,Used,vehicle_type,Car,price_bin,$30k-$40k,350254,0.07137157379603999
2017,Used,vehicle_type,Car,price_bin,$10k-$20k,2562963,0.522257284402234
2016,Used,vehicle_type,Car,price_bin,$10k-$20k,2049105,0.4946746142085769
2017,Used,vehicle_type,Car,price_bin,$60k-$70k,22694,0.0046243768685791786
2016,Used,vehicle_type,Car,price_bin,$20k-$30k,1156472,0.279184004940216
2016,Used,vehicle_type,Car,price_bin,$40k-$50k,125233,0.030232509296098886
2017,Used,vehicle_type,Car,price_bin,$70k+,26564,0.005412970262489526
2017,Used,vehicle_type,Car,price_bin,$0-$10k,594532,0.12114832239491127
2017,Used,vehicle_type,Car,price_bin,$50k-$60k,48154,0.009812384054356296
2016,Used,vehicle_type,Car,price_bin,$0-$10k,372534,0.0899334649662062
2016,Used,vehicle_type,Car,price_bin,$60k-$70k,21597,0.005213733626662682
2017,Used,vehicle_type,Car,price_bin,$40k-$50k,119284,0.02430660837188679
2016,Used,vehicle_type,Car,price_bin,$70k+,22929,0.0055352918611727845
2016,Used,vehicle_type,Car,price_bin,$50k-$60k,46617,0.011253813977595695
2019,Used,vehicle_type,Car,price_bin,$10k-$20k,2114043,0.5182106652645357
2018,Used,vehicle_type,Car,price_bin,$50k-$60k,32063,0.00815035722474528
2020,Used,vehicle_type,Car,price_bin,$50k-$60k,36517,0.009172360092434441
2020,Used,vehicle_type,Car,price_bin,$10k-$20k,1971892,0.4953009142971968
2019,Used,vehicle_type,Car,price_bin,$60k-$70k,22105,0.005418549554418979
2019,Used,vehicle_type,Car,price_bin,$70k+,23547,0.00577202381171245
2020,Used,vehicle_type,Car,price_bin,$70k+,20782,0.005220034160554607
2021,Used,vehicle_type,Car,price_bin,$30k-$40k,402235,0.10054336686486967
2021,Used,vehicle_type,Car,price_bin,$10k-$20k,1613192,0.40323630484535866
2018,Used,vehicle_type,Car,price_bin,$40k-$50k,84887,0.02157812349864182
2019,Used,vehicle_type,Car,price_bin,$40k-$50k,76932,0.01885817029271934
2021,Used,vehicle_type,Car,price_bin,$60k-$70k,27008,0.006750967102033389
2018,Used,vehicle_type,Car,price_bin,$70k+,21661,0.005506187438642907
2019,Used,vehicle_type,Car,price_bin,$20k-$30k,1031343,0.2528108189596532
2020,Used,vehicle_type,Car,price_bin,$20k-$30k,998530,0.25081131317190797
2020,Used,vehicle_type,Car,price_bin,$40k-$50k,83228,0.02090525469707626
2018,Used,vehicle_type,Car,price_bin,$10k-$20k,2034078,0.5170589877115501
2021,Used,vehicle_type,Car,price_bin,$20k-$30k,1262737,0.31563595769847214
2021,Used,vehicle_type,Car,price_bin,$50k-$60k,57094,0.014271316488577247
2018,Used,vehicle_type,Car,price_bin,$20k-$30k,964118,0.24507707035545553
2021,Used,vehicle_type,Car,price_bin,$40k-$50k,135952,0.03398280063150338
2021,Used,vehicle_type,Car,price_bin,$70k+,39535,0.00988223801758331
2018,Used,vehicle_type,Car,price_bin,$30k-$40k,273555,0.06953719148598682
2019,Used,vehicle_type,Car,price_bin,$30k-$40k,261423,0.06408203936507002
2019,Used,vehicle_type,Car,price_bin,$50k-$60k,38296,0.00938741342393256
2021,Used,vehicle_type,Car,price_bin,$0-$10k,462859,0.1156970483516022
2020,Used,vehicle_type,Car,price_bin,$0-$10k,608419,0.15282301818547173
2020,Used,vehicle_type,Car,price_bin,$30k-$40k,243214,0.06109062594192706
2018,Used,vehicle_type,Car,price_bin,$60k-$70k,18989,0.004826969820063255
2019,Used,vehicle_type,Car,price_bin,$0-$10k,511816,0.12546031932795768
2018,Used,vehicle_type,Car,price_bin,$0-$10k,504587,0.1282651124649143
2020,Used,vehicle_type,Car,price_bin,$60k-$70k,18618,0.004676479453431127
2022,Used,vehicle_type,Car,price_bin,$20k-$30k,1544760,0.34327183775852443
2022,Used,vehicle_type,Car,price_bin,$10k-$20k,1615067,0.3588952440464193
2022,Used,vehicle_type,Car,price_bin,$30k-$40k,529350,0.11763053634058035
2023,Used,vehicle_type,Car,price_bin,$10k-$20k,1796290,0.41140300129126706
2024,Used,vehicle_type,Car,price_bin,$10k-$20k,1785720,0.42982810438228636
2024,Used,vehicle_type,Car,price_bin,$20k-$30k,1109743,0.26711843404425756
2022,Used,vehicle_type,Car,price_bin,$40k-$50k,173063,0.038457530009841985
2022,Used,vehicle_type,Car,price_bin,$50k-$60k,70609,0.0156905158032909
2022,Used,vehicle_type,Car,price_bin,$60k-$70k,33669,0.00748182209889676
2024,Used,vehicle_type,Car,price_bin,$70k+,34126,0.00821422949294957
2024,Used,vehicle_type,Car,price_bin,$60k-$70k,20615,0.00496209168953746
2022,Used,vehicle_type,Car,price_bin,$0-$10k,481353,0.10696478994832789
2023,Used,vehicle_type,Car,price_bin,$20k-$30k,1347921,0.3087133730653324
2023,Used,vehicle_type,Car,price_bin,$70k+,41739,0.009559453023117757
2023,Used,vehicle_type,Car,price_bin,$40k-$50k,108388,0.02482402535445716
2024,Used,vehicle_type,Car,price_bin,$50k-$60k,30808,0.007415577044446766
2024,Used,vehicle_type,Car,price_bin,$40k-$50k,85652,0.020616690632658866
2023,Used,vehicle_type,Car,price_bin,$60k-$70k,18745,0.004293153811024278
2024,Used,vehicle_type,Car,price_bin,$30k-$40k,243811,0.05868603138092737
2022,Used,vehicle_type,Car,price_bin,$70k+,52236,0.011607723994118363
2023,Used,vehicle_type,Car,price_bin,$30k-$40k,361680,0.0828353091689123
2023,Used,vehicle_type,Car,price_bin,$0-$10k,651560,0.1492263161969047
2024,Used,vehicle_type,Car,price_bin,$0-$10k,844023,0.20315884133293602
2023,Used,vehicle_type,Car,price_bin,$50k-$60k,39931,0.009145368088984288
2024,Used,vehicle_type,Pickup,price_bin,$40k-$50k,370685,0.1371737366239093
2022,Used,vehicle_type,Pickup,price_bin,$70k+,140254,0.0530829830839482
2024,Used,vehicle_type,Pickup,price_bin,$50k-$60k,162475,0.06012464183328072
2023,Used,vehicle_type,Pickup,price_bin,$70k+,90203,0.03521568302879157
2024,Used,vehicle_type,Pickup,price_bin,$70k+,53852,0.019928187179601993
2023,Used,vehicle_type,Pickup,price_bin,$60k-$70k,106260,0.04148441269846227
2024,Used,vehicle_type,Pickup,price_bin,$60k-$70k,78907,0.029199908374449496
2023,Used,vehicle_type,Pickup,price_bin,$50k-$60k,212037,0.08278025988465881
2024,Used,vehicle_type,Pickup,price_bin,$30k-$40k,745327,0.27581177980411525
2023,Used,vehicle_type,Pickup,price_bin,$40k-$50k,446055,0.17414200739895153
2017,Used,vehicle_type,CUV,price_bin,$20k-$30k,1234647,0.39196660950043144
2017,Used,vehicle_type,CUV,price_bin,$10k-$20k,920362,0.292189729253006
2016,Used,vehicle_type,CUV,price_bin,$20k-$30k,980201,0.40396205513528305
2017,Used,vehicle_type,CUV,price_bin,$30k-$40k,483649,0.15354531191366777
2017,Used,vehicle_type,CUV,price_bin,$0-$10k,198651,0.06306625208976348
2016,Used,vehicle_type,CUV,price_bin,$10k-$20k,592261,0.24408358156794155
2016,Used,vehicle_type,CUV,price_bin,$30k-$40k,452097,0.18631896237659018
2016,Used,vehicle_type,CUV,price_bin,$0-$10k,122199,0.05036085371824397
2017,Used,vehicle_type,CUV,price_bin,$40k-$50k,204911,0.0650536306485521
2016,Used,vehicle_type,CUV,price_bin,$40k-$50k,186718,0.07695053056541443
2017,Used,vehicle_type,CUV,price_bin,$60k-$70k,26269,0.008339688076808054
2017,Used,vehicle_type,CUV,price_bin,$70k+,16967,0.005386557828588916
2016,Used,vehicle_type,CUV,price_bin,$60k-$70k,19017,0.007837317450714372
2017,Used,vehicle_type,CUV,price_bin,$50k-$60k,64422,0.020452220689182246
2016,Used,vehicle_type,CUV,price_bin,$50k-$60k,60130,0.02478087491778173
2016,Used,vehicle_type,CUV,price_bin,$70k+,13845,0.005705824268030735
2020,Used,vehicle_type,CUV,price_bin,$20k-$30k,1098241,0.3714660964436375
2020,Used,vehicle_type,CUV,price_bin,$10k-$20k,964031,0.3260712652511209
2020,Used,vehicle_type,CUV,price_bin,$30k-$40k,417243,0.14112715558646294
2020,Used,vehicle_type,CUV,price_bin,$40k-$50k,167936,0.056802223166280176
2020,Used,vehicle_type,CUV,price_bin,$0-$10k,227812,0.07705452115065632
2021,Used,vehicle_type,CUV,price_bin,$0-$10k,170138,0.05180349152451545
2021,Used,vehicle_type,CUV,price_bin,$10k-$20k,837163,0.25489876673722467
2021,Used,vehicle_type,CUV,price_bin,$20k-$30k,1215346,0.3700476449138567
2019,Used,vehicle_type,CUV,price_bin,$20k-$30k,1100130,0.3911456511165533
2019,Used,vehicle_type,CUV,price_bin,$10k-$20k,886134,0.31506045686102174
2018,Used,vehicle_type,CUV,price_bin,$20k-$30k,970033,0.3862237481301633
2018,Used,vehicle_type,CUV,price_bin,$0-$10k,172139,0.06853804950901483
2019,Used,vehicle_type,CUV,price_bin,$0-$10k,178428,0.06343917195006442
2018,Used,vehicle_type,CUV,price_bin,$10k-$20k,774089,0.3082076124898122
2021,Used,vehicle_type,CUV,price_bin,$30k-$40k,643556,0.1959494515719655
2018,Used,vehicle_type,CUV,price_bin,$30k-$40k,370052,0.14733815287012214
2021,Used,vehicle_type,CUV,price_bin,$40k-$50k,284949,0.08676105929550808
2018,Used,vehicle_type,CUV,price_bin,$50k-$60k,50632,0.020159397479597527
2019,Used,vehicle_type,CUV,price_bin,$30k-$40k,404681,0.14388228049366703
2020,Used,vehicle_type,CUV,price_bin,$50k-$60k,49061,0.016594261330273863
2019,Used,vehicle_type,CUV,price_bin,$40k-$50k,151650,0.053918389637429495
2021,Used,vehicle_type,CUV,price_bin,$50k-$60k,85196,0.025940414627670588
2019,Used,vehicle_type,CUV,price_bin,$60k-$70k,18540,0.006591803124813339
2019,Used,vehicle_type,CUV,price_bin,$50k-$60k,59179,0.02104079380384728
2018,Used,vehicle_type,CUV,price_bin,$40k-$50k,141420,0.05630711786152399
2020,Used,vehicle_type,CUV,price_bin,$70k+,14313,0.004841190811850754
2018,Used,vehicle_type,CUV,price_bin,$60k-$70k,20970,0.008349315949343501
2021,Used,vehicle_type,CUV,price_bin,$70k+,20454,0.006227818686257268
2020,Used,vehicle_type,CUV,price_bin,$60k-$70k,17867,0.006043286259717558
2018,Used,vehicle_type,CUV,price_bin,$70k+,12248,0.004876605710422471
2021,Used,vehicle_type,CUV,price_bin,$60k-$70k,27494,0.008371352643001727
2019,Used,vehicle_type,CUV,price_bin,$70k+,13842,0.004921453012603357
2016,Used,vehicle_type,Minivan,price_bin,$20k-$30k,149714,0.34783154167663755
2017,Used,vehicle_type,Minivan,price_bin,$20k-$30k,178087,0.354975602366411
2017,Used,vehicle_type,Minivan,price_bin,$0-$10k,104512,0.20832070928545232
2016,Used,vehicle_type,Minivan,price_bin,$10k-$20k,121009,0.28114102239435346
2016,Used,vehicle_type,Minivan,price_bin,$0-$10k,84047,0.1952669595582
2017,Used,vehicle_type,Minivan,price_bin,$10k-$20k,137762,0.27459696066080913
2017,Used,vehicle_type,Minivan,price_bin,$30k-$40k,67994,0.13553044920348903
2016,Used,vehicle_type,Minivan,price_bin,$30k-$40k,65157,0.15137969569328635
2017,Used,vehicle_type,Minivan,price_bin,$40k-$50k,11304,0.022531932196903255
2017,Used,vehicle_type,Minivan,price_bin,$50k-$60k,1333,0.0026570298671684395
2016,Used,vehicle_type,Minivan,price_bin,$50k-$60k,691,0.0016054049407440622
2016,Used,vehicle_type,Minivan,price_bin,$40k-$50k,9700,0.022536075145032423
2016,Used,vehicle_type,Minivan,price_bin,$60k-$70k,43,9.990218878725713e-5
2017,Used,vehicle_type,Minivan,price_bin,$70k+,361,7.195707292181595e-4
2017,Used,vehicle_type,Minivan,price_bin,$60k-$70k,335,6.677456905487076e-4
2016,Used,vehicle_type,Minivan,price_bin,$70k+,60,1.3939840295896342e-4
2020,Used,vehicle_type,Minivan,price_bin,$40k-$50k,7949,0.02136609701159559
2021,Used,vehicle_type,Minivan,price_bin,$40k-$50k,22691,0.06704526316100495
2021,Used,vehicle_type,Minivan,price_bin,$50k-$60k,3036,0.008970491338275573
2021,Used,vehicle_type,Minivan,price_bin,$30k-$40k,61973,0.1831120750022899
2020,Used,vehicle_type,Minivan,price_bin,$30k-$40k,47410,0.1274332191872873
2019,Used,vehicle_type,Minivan,price_bin,$40k-$50k,8370,0.021994539467979156
2018,Used,vehicle_type,Minivan,price_bin,$20k-$30k,138608,0.359559422455343
2018,Used,vehicle_type,Minivan,price_bin,$10k-$20k,103454,0.26836734164474674
2019,Used,vehicle_type,Minivan,price_bin,$30k-$40k,54432,0.14303545666918058
2021,Used,vehicle_type,Minivan,price_bin,$20k-$30k,90672,0.267909219573163
2019,Used,vehicle_type,Minivan,price_bin,$20k-$30k,137231,0.3606132193226102
2019,Used,vehicle_type,Minivan,price_bin,$10k-$20k,112689,0.29612218137480323
2021,Used,vehicle_type,Minivan,price_bin,$10k-$20k,103575,0.30603380776083416
2018,Used,vehicle_type,Minivan,price_bin,$30k-$40k,58273,0.15116447986220277
2020,Used,vehicle_type,Minivan,price_bin,$20k-$30k,123279,0.33136131255409396
2020,Used,vehicle_type,Minivan,price_bin,$10k-$20k,119414,0.320972588821572
2018,Used,vehicle_type,Minivan,price_bin,$0-$10k,75209,0.195097718771239
2019,Used,vehicle_type,Minivan,price_bin,$0-$10k,66524,0.1748106025768035
2021,Used,vehicle_type,Minivan,price_bin,$70k+,177,5.229831906702162e-4
2020,Used,vehicle_type,Minivan,price_bin,$0-$10k,72763,0.19557948381616932
2021,Used,vehicle_type,Minivan,price_bin,$0-$10k,55842,0.16499676459551535
2018,Used,vehicle_type,Minivan,price_bin,$40k-$50k,8815,0.02286676316622308
2018,Used,vehicle_type,Minivan,price_bin,$60k-$70k,132,3.4241778082149137e-4
2018,Used,vehicle_type,Minivan,price_bin,$50k-$60k,816,0.0021167644632601288
2020,Used,vehicle_type,Minivan,price_bin,$50k-$60k,735,0.001975604642536515
2019,Used,vehicle_type,Minivan,price_bin,$50k-$60k,784,0.0020601814746589796
2018,Used,vehicle_type,Minivan,price_bin,$70k+,187,4.8509185616377946e-4
2021,Used,vehicle_type,Minivan,price_bin,$60k-$70k,477,0.001409395378246854
2019,Used,vehicle_type,Minivan,price_bin,$70k+,286,7.515457930516175e-4
2020,Used,vehicle_type,Minivan,price_bin,$60k-$70k,246,6.612227783183438e-4
2020,Used,vehicle_type,Minivan,price_bin,$70k+,242,6.504711884269887e-4
2019,Used,vehicle_type,Minivan,price_bin,$60k-$70k,233,6.122733209126814e-4
2024,Used,vehicle_type,Minivan,price_bin,$0-$10k,90178,0.2347095736457311
2022,Used,vehicle_type,Minivan,price_bin,$30k-$40k,66153,0.1682824269219322
2022,Used,vehicle_type,Minivan,price_bin,$10k-$20k,113210,0.28798774888261974
2022,Used,vehicle_type,Minivan,price_bin,$20k-$30k,109404,0.2783059065343532
2023,Used,vehicle_type,Minivan,price_bin,$20k-$30k,101936,0.2525149684281974
2023,Used,vehicle_type,Minivan,price_bin,$0-$10k,76693,0.1899832294151599
2024,Used,vehicle_type,Minivan,price_bin,$20k-$30k,91850,0.2390613491024463
2022,Used,vehicle_type,Minivan,price_bin,$0-$10k,62127,0.15804094050729192
2024,Used,vehicle_type,Minivan,price_bin,$10k-$20k,128163,0.3335745202505915
2023,Used,vehicle_type,Minivan,price_bin,$10k-$20k,134136,0.3322805270472128
2023,Used,vehicle_type,Minivan,price_bin,$30k-$40k,60598,0.15011283606195952
2022,Used,vehicle_type,Minivan,price_bin,$40k-$50k,31557,0.08027585364798898
2024,Used,vehicle_type,Minivan,price_bin,$40k-$50k,18616,0.048452543003714106
2023,Used,vehicle_type,Minivan,price_bin,$40k-$50k,22266,0.05515714062767072
2022,Used,vehicle_type,Minivan,price_bin,$50k-$60k,8275,0.02105024840565037
2024,Used,vehicle_type,Minivan,price_bin,$30k-$40k,50603,0.13170627597856385
2023,Used,vehicle_type,Minivan,price_bin,$50k-$60k,5838,0.014461842584404099
2024,Used,vehicle_type,Minivan,price_bin,$50k-$60k,3235,0.008419852633058398
2023,Used,vehicle_type,Minivan,price_bin,$70k+,794,0.0019668898615993243
2024,Used,vehicle_type,Minivan,price_bin,$60k-$70k,960,0.0024986270564871906
2022,Used,vehicle_type,Minivan,price_bin,$70k+,497,0.00126428682267169
2023,Used,vehicle_type,Minivan,price_bin,$60k-$70k,1422,0.0035225659737962707
2022,Used,vehicle_type,Minivan,price_bin,$60k-$70k,1884,0.004792588277491879
2024,Used,vehicle_type,Minivan,price_bin,$70k+,606,0.001577258329407539
2016,Used,vehicle_type,Pickup,price_bin,$40k-$50k,252692,0.16274497049308714
2017,Used,vehicle_type,Pickup,price_bin,$10k-$20k,339173,0.1720116928575993
2017,Used,vehicle_type,Pickup,price_bin,$40k-$50k,311267,0.1578591562438825
2016,Used,vehicle_type,Pickup,price_bin,$50k-$60k,96882,0.062396349038795325
2017,Used,vehicle_type,Pickup,price_bin,$30k-$40k,571251,0.28971012302452276
2016,Used,vehicle_type,Pickup,price_bin,$10k-$20k,263507,0.16971031508604117
2016,Used,vehicle_type,Pickup,price_bin,$60k-$70k,39097,0.025180219838254587
2016,Used,vehicle_type,Pickup,price_bin,$30k-$40k,472786,0.304495368351767
2017,Used,vehicle_type,Pickup,price_bin,$70k+,20714,0.010505111567997192
2016,Used,vehicle_type,Pickup,price_bin,$70k+,14071,0.00906235448612631
2017,Used,vehicle_type,Pickup,price_bin,$50k-$60k,124071,0.06292264639147338
2017,Used,vehicle_type,Pickup,price_bin,$20k-$30k,447247,0.22682145570397028
2016,Used,vehicle_type,Pickup,price_bin,$20k-$30k,342689,0.22070707103234585
2016,Used,vehicle_type,Pickup,price_bin,$0-$10k,70963,0.04570335167358264
2017,Used,vehicle_type,Pickup,price_bin,$0-$10k,106022,0.05376909040562896
2017,Used,vehicle_type,Pickup,price_bin,$60k-$70k,52057,0.026400723804925648
2020,Used,vehicle_type,Pickup,price_bin,$30k-$40k,568854,0.2982795497077526
2021,Used,vehicle_type,Pickup,price_bin,$30k-$40k,555639,0.26389357229634935
2021,Used,vehicle_type,Pickup,price_bin,$20k-$30k,311963,0.14816280083702912
2020,Used,vehicle_type,Pickup,price_bin,$20k-$30k,440753,0.23110957534330615
2021,Used,vehicle_type,Pickup,price_bin,$40k-$50k,498465,0.23673951885072822
2021,Used,vehicle_type,Pickup,price_bin,$50k-$60k,247691,0.11763764389406624
2020,Used,vehicle_type,Pickup,price_bin,$10k-$20k,260068,0.13636709231788086
2020,Used,vehicle_type,Pickup,price_bin,$0-$10k,86770,0.04549799514135735
2021,Used,vehicle_type,Pickup,price_bin,$10k-$20k,191245,0.09082934465330067
2020,Used,vehicle_type,Pickup,price_bin,$40k-$50k,330513,0.1733050463081185
2021,Used,vehicle_type,Pickup,price_bin,$70k+,118148,0.056112867850653184
2021,Used,vehicle_type,Pickup,price_bin,$60k-$70k,131953,0.06266937444135524
2018,Used,vehicle_type,Pickup,price_bin,$30k-$40k,498049,0.31213920289496294
2019,Used,vehicle_type,Pickup,price_bin,$30k-$40k,576009,0.3285800259551347
2021,Used,vehicle_type,Pickup,price_bin,$0-$10k,50438,0.02395487717651797
2018,Used,vehicle_type,Pickup,price_bin,$10k-$20k,240415,0.15067382218213976
2018,Used,vehicle_type,Pickup,price_bin,$40k-$50k,258304,0.1618852857140171
2018,Used,vehicle_type,Pickup,price_bin,$20k-$30k,357377,0.2239767009129487
2019,Used,vehicle_type,Pickup,price_bin,$20k-$30k,415225,0.23686199569315897
2019,Used,vehicle_type,Pickup,price_bin,$40k-$50k,268735,0.15329787082329116
2020,Used,vehicle_type,Pickup,price_bin,$60k-$70k,55361,0.029028633272106537
2020,Used,vehicle_type,Pickup,price_bin,$50k-$60k,132094,0.06926371061660087
2020,Used,vehicle_type,Pickup,price_bin,$70k+,32704,0.017148397292877156
2019,Used,vehicle_type,Pickup,price_bin,$0-$10k,82211,0.04689665007629669
2018,Used,vehicle_type,Pickup,price_bin,$0-$10k,86039,0.05392269611600408
2019,Used,vehicle_type,Pickup,price_bin,$10k-$20k,246402,0.14055817800658862
2018,Used,vehicle_type,Pickup,price_bin,$50k-$60k,95971,0.060147317715792
2019,Used,vehicle_type,Pickup,price_bin,$60k-$70k,42846,0.024441180245575504
2019,Used,vehicle_type,Pickup,price_bin,$50k-$60k,99521,0.05677101011109368
2019,Used,vehicle_type,Pickup,price_bin,$70k+,22076,0.012593089088860684
2018,Used,vehicle_type,Pickup,price_bin,$60k-$70k,39450,0.024724257159850313
2018,Used,vehicle_type,Pickup,price_bin,$70k+,19994,0.012530717304285099
2017,Used,vehicle_type,SUV,price_bin,$30k-$40k,318455,0.24302714962514346
2017,Used,vehicle_type,SUV,price_bin,$20k-$30k,301430,0.23003461622994456
2016,Used,vehicle_type,SUV,price_bin,$10k-$20k,173245,0.1630211298419614
2016,Used,vehicle_type,SUV,price_bin,$30k-$40k,263109,0.24758190107413558
2017,Used,vehicle_type,SUV,price_bin,$40k-$50k,179364,0.13688063200566558
2016,Used,vehicle_type,SUV,price_bin,$20k-$30k,220719,0.20769350202076756
2016,Used,vehicle_type,SUV,price_bin,$70k+,33785,0.0317912140131644
2017,Used,vehicle_type,SUV,price_bin,$10k-$20k,213715,0.16309540526020172
2016,Used,vehicle_type,SUV,price_bin,$40k-$50k,169105,0.15912544755649444
2016,Used,vehicle_type,SUV,price_bin,$50k-$60k,75003,0.07057677740504274
2017,Used,vehicle_type,SUV,price_bin,$50k-$60k,84741,0.06466961952672837
2017,Used,vehicle_type,SUV,price_bin,$70k+,39723,0.03031438496666585
2017,Used,vehicle_type,SUV,price_bin,$60k-$70k,45771,0.03492988229260788
2016,Used,vehicle_type,SUV,price_bin,$60k-$70k,36157,0.03402323294580391
2017,Used,vehicle_type,SUV,price_bin,$0-$10k,127169,0.09704831009304256
2016,Used,vehicle_type,SUV,price_bin,$0-$10k,91592,0.08618679514262996
2019,Used,vehicle_type,SUV,price_bin,$40k-$50k,173142,0.14283699001373576
2021,Used,vehicle_type,SUV,price_bin,$40k-$50k,264093,0.18568167229023075
2019,Used,vehicle_type,SUV,price_bin,$20k-$30k,298580,0.24631960170438844
2018,Used,vehicle_type,SUV,price_bin,$40k-$50k,155593,0.13931863318332327
2018,Used,vehicle_type,SUV,price_bin,$30k-$40k,281758,0.2522873101519143
2019,Used,vehicle_type,SUV,price_bin,$50k-$60k,90835,0.0749361679309335
2019,Used,vehicle_type,SUV,price_bin,$30k-$40k,306426,0.25279231787751666
2018,Used,vehicle_type,SUV,price_bin,$50k-$60k,79096,0.07082289441214025
2019,Used,vehicle_type,SUV,price_bin,$10k-$20k,196167,0.16183192882157132
2021,Used,vehicle_type,SUV,price_bin,$50k-$60k,135968,0.09559801137462218
2019,Used,vehicle_type,SUV,price_bin,$60k-$70k,32407,0.02673480920501747
2018,Used,vehicle_type,SUV,price_bin,$10k-$20k,170143,0.15234676499399183
2021,Used,vehicle_type,SUV,price_bin,$30k-$40k,339809,0.23891698522592805
2021,Used,vehicle_type,SUV,price_bin,$0-$10k,59911,0.04212294407114166
2020,Used,vehicle_type,SUV,price_bin,$30k-$40k,319325,0.24404718232787345
2020,Used,vehicle_type,SUV,price_bin,$20k-$30k,302664,0.23131385388580128
2021,Used,vehicle_type,SUV,price_bin,$20k-$30k,287375,0.20205105994632597
2020,Used,vehicle_type,SUV,price_bin,$50k-$60k,99543,0.07607668886076414
2018,Used,vehicle_type,SUV,price_bin,$20k-$30k,270132,0.2418773403628536
2019,Used,vehicle_type,SUV,price_bin,$0-$10k,82605,0.06814666320179183
2020,Used,vehicle_type,SUV,price_bin,$70k+,36221,0.02768224533343116
2020,Used,vehicle_type,SUV,price_bin,$40k-$50k,204789,0.15651194996239842
2019,Used,vehicle_type,SUV,price_bin,$70k+,32003,0.026401521245045023
2018,Used,vehicle_type,SUV,price_bin,$60k-$70k,36179,0.032394830294032846
2018,Used,vehicle_type,SUV,price_bin,$70k+,29463,0.026381295363417722
2021,Used,vehicle_type,SUV,price_bin,$60k-$70k,64970,0.045679886436582155
2021,Used,vehicle_type,SUV,price_bin,$70k+,77380,0.05440525800312032
2020,Used,vehicle_type,SUV,price_bin,$60k-$70k,33040,0.025251135689698393
2020,Used,vehicle_type,SUV,price_bin,$10k-$20k,224690,0.171721479361935
2021,Used,vehicle_type,SUV,price_bin,$10k-$20k,192783,0.13554418265204893
2020,Used,vehicle_type,SUV,price_bin,$0-$10k,88184,0.06739546457809815
2018,Used,vehicle_type,SUV,price_bin,$0-$10k,94450,0.08457093123832617
2024,Used,vehicle_type,SUV,price_bin,$30k-$40k,370627,0.20342225044581136
2022,Used,vehicle_type,SUV,price_bin,$40k-$50k,295612,0.16911925398323752
2023,Used,vehicle_type,SUV,price_bin,$10k-$20k,327461,0.18754162917773676
2022,Used,vehicle_type,SUV,price_bin,$20k-$30k,359376,0.2055985583111645
2024,Used,vehicle_type,SUV,price_bin,$10k-$20k,413848,0.22714451861979332
2023,Used,vehicle_type,SUV,price_bin,$20k-$30k,420378,0.24075653280994874
2022,Used,vehicle_type,SUV,price_bin,$30k-$40k,414207,0.2369673045567665
2023,Used,vehicle_type,SUV,price_bin,$30k-$40k,405225,0.23207819155120268
2024,Used,vehicle_type,SUV,price_bin,$20k-$30k,495006,0.2716888799363762
2023,Used,vehicle_type,SUV,price_bin,$40k-$50k,214751,0.12299098948439095
2022,Used,vehicle_type,SUV,price_bin,$50k-$60k,141803,0.08112531822992648
2024,Used,vehicle_type,SUV,price_bin,$40k-$50k,182090,0.0999418757502227
2023,Used,vehicle_type,SUV,price_bin,$50k-$60k,110125,0.06307017297692935
2024,Used,vehicle_type,SUV,price_bin,$0-$10k,130123,0.07141928001672924
2023,Used,vehicle_type,SUV,price_bin,$0-$10k,100254,0.05741690916348762
2023,Used,vehicle_type,SUV,price_bin,$60k-$70k,74367,0.0425910515666316
2023,Used,vehicle_type,SUV,price_bin,$70k+,93510,0.05355452326967231
2024,Used,vehicle_type,SUV,price_bin,$70k+,63972,0.03511165728756794
2022,Used,vehicle_type,SUV,price_bin,$10k-$20k,256080,0.1465030464258131
2024,Used,vehicle_type,SUV,price_bin,$60k-$70k,60154,0.03301611068086603
2024,Used,vehicle_type,SUV,price_bin,$50k-$60k,106139,0.05825542726263324
2022,Used,vehicle_type,SUV,price_bin,$70k+,120329,0.0688400697960468
2022,Used,vehicle_type,SUV,price_bin,$60k-$70k,76374,0.043693469492834466
2022,Used,vehicle_type,SUV,price_bin,$0-$10k,84169,0.04815297920421065
2023,Used,vehicle_type,Pickup,price_bin,$20k-$30k,542752,0.21189297911646712
2024,Used,vehicle_type,Pickup,price_bin,$20k-$30k,726537,0.2688584514763888
2022,Used,vehicle_type,Pickup,price_bin,$10k-$20k,298171,0.11285101422507679
2023,Used,vehicle_type,Pickup,price_bin,$10k-$20k,347619,0.13571212175632183
2022,Used,vehicle_type,Pickup,price_bin,$0-$10k,79891,0.030236945837977567
2023,Used,vehicle_type,Pickup,price_bin,$0-$10k,97472,0.03805353542767283
2024,Used,vehicle_type,Pickup,price_bin,$10k-$20k,438111,0.1621250466731525
2022,Used,vehicle_type,Pickup,price_bin,$20k-$30k,448540,0.1697622972070253
2024,Used,vehicle_type,Pickup,price_bin,$0-$10k,126409,0.04677824803510191
2022,Used,vehicle_type,Pickup,price_bin,$30k-$40k,689538,0.26097461740655864
2023,Used,vehicle_type,Pickup,price_bin,$30k-$40k,719046,0.28071900068867406
2022,Used,vehicle_type,Pickup,price_bin,$40k-$50k,555732,0.21033205723336734
2022,Used,vehicle_type,Pickup,price_bin,$50k-$60k,281721,0.10662505937365759
2022,Used,vehicle_type,Pickup,price_bin,$60k-$70k,148318,0.05613502563238859
2022,Used,vehicle_type,CUV,price_bin,$30k-$40k,988979,0.21958163592458488
2024,Used,vehicle_type,CUV,price_bin,$20k-$30k,1948559,0.36872660993917566
2022,Used,vehicle_type,CUV,price_bin,$10k-$20k,1013947,0.22512524634074643
2023,Used,vehicle_type,CUV,price_bin,$10k-$20k,1391259,0.28889174058405903
2023,Used,vehicle_type,CUV,price_bin,$30k-$40k,843305,0.17511034918245982
2022,Used,vehicle_type,CUV,price_bin,$50k-$60k,112376,0.02495068744499241
2022,Used,vehicle_type,CUV,price_bin,$20k-$30k,1700928,0.3776546851145801
2023,Used,vehicle_type,CUV,price_bin,$20k-$30k,1838100,0.38167724943203163
2024,Used,vehicle_type,CUV,price_bin,$30k-$40k,716206,0.13552795188552014
2023,Used,vehicle_type,CUV,price_bin,$40k-$50k,274942,0.05709107573763214
2022,Used,vehicle_type,CUV,price_bin,$40k-$50k,383097,0.0850584956584525
2024,Used,vehicle_type,CUV,price_bin,$10k-$20k,1802088,0.341009843198009
2022,Used,vehicle_type,CUV,price_bin,$60k-$70k,43952,0.00975860161050675
2023,Used,vehicle_type,CUV,price_bin,$50k-$60k,84325,0.017509892855859892
2024,Used,vehicle_type,CUV,price_bin,$40k-$50k,208279,0.0394127196515587
2023,Used,vehicle_type,CUV,price_bin,$60k-$70k,30311,0.006294009633607698
2023,Used,vehicle_type,CUV,price_bin,$70k+,17367,0.0036062177198662167
2024,Used,vehicle_type,CUV,price_bin,$0-$10k,511375,0.09676769867252978
2023,Used,vehicle_type,CUV,price_bin,$0-$10k,336240,0.0698194648544836
2022,Used,vehicle_type,CUV,price_bin,$0-$10k,227204,0.050445789049726415
2024,Used,vehicle_type,CUV,price_bin,$50k-$60k,58352,0.011041972628578749
2024,Used,vehicle_type,CUV,price_bin,$60k-$70k,24781,0.0046893186816014875
2024,Used,vehicle_type,CUV,price_bin,$70k+,14923,0.0028238853430264717
2022,Used,vehicle_type,CUV,price_bin,$70k+,33441,0.0074248588564105435
2017,New,vehicle_type,Minivan,price_bin,$10k-$20k,22,3.528638106083693e-4
2017,New,vehicle_type,Pickup,price_bin,$10k-$20k,12,2.9982535173261574e-5
2017,New,vehicle_type,SUV,price_bin,$60k-$70k,23346,0.11513537505548158
2017,New,vehicle_type,SUV,price_bin,$70k+,52513,0.25897815258667456
2017,New,vehicle_type,SUV,price_bin,$50k-$60k,48581,0.23958672387434038
2017,New,vehicle_type,SUV,price_bin,$30k-$40k,19989,0.09857967154904572
2017,New,vehicle_type,SUV,price_bin,$40k-$50k,52699,0.25989544804458253
2016,New,vehicle_type,SUV,price_bin,$20k-$30k,3462,0.02120050459895406
2017,New,vehicle_type,SUV,price_bin,$20k-$30k,5610,0.027666814617546973
2017,New,vehicle_type,SUV,price_bin,$10k-$20k,31,1.5288257631799576e-4
2016,New,vehicle_type,SUV,price_bin,$10k-$20k,1,6.123773714313709e-6
2017,New,vehicle_type,SUV,price_bin,$0-$10k,1,4.931696010257928e-6
2024,New,vehicle_type,SUV,price_bin,$0-$10k,2,1.806541124102149e-6
2020,New,vehicle_type,Minivan,price_bin,$10k-$20k,12,7.925395609330832e-5
2022,New,vehicle_type,SUV,price_bin,$10k-$20k,1,9.377537796166087e-7
2023,New,vehicle_type,Car,price_bin,$0-$10k,1,4.481738484285008e-7
2016,New,vehicle_type,Minivan,price_bin,$10k-$20k,18,3.245933566559671e-4
2024,New,vehicle_type,SUV,price_bin,$10k-$20k,1,9.032705620510745e-7
2024,New,vehicle_type,Pickup,price_bin,$10k-$20k,1,4.814311986673985e-7
2024,New,vehicle_type,Pickup,price_bin,$0-$10k,2,9.62862397334797e-7
2024,New,price_bin,$40k-$50k,powertrain,Battery Electric (BEV),154300,0.06420074236529182
2023,New,price_bin,$70k+,powertrain,Battery Electric (BEV),85941,0.0921378213100272
2024,New,price_bin,$70k+,powertrain,Battery Electric (BEV),112480,0.12654083833305396
2022,New,price_bin,$60k-$70k,powertrain,Battery Electric (BEV),29067,0.04101817997084544
2022,New,price_bin,$50k-$60k,powertrain,Battery Electric (BEV),48214,0.03373922949939784
2023,New,price_bin,$60k-$70k,powertrain,Battery Electric (BEV),55777,0.06794764655577781
2023,New,price_bin,$50k-$60k,powertrain,Battery Electric (BEV),93594,0.05771938317705137
2024,New,price_bin,$60k-$70k,powertrain,Battery Electric (BEV),63480,0.08410420017541581
2024,New,price_bin,$50k-$60k,powertrain,Battery Electric (BEV),127132,0.07642707109715878
2022,New,price_bin,$70k+,powertrain,Battery Electric (BEV),39325,0.05266146279014022
2024,New,price_bin,$30k-$40k,powertrain,Battery Electric (BEV),49369,0.014627513793755285
2022,New,price_bin,$40k-$50k,powertrain,Battery Electric (BEV),25598,0.012435600659721295
2023,New,price_bin,$40k-$50k,powertrain,Battery Electric (BEV),64011,0.02744735836702561
2023,New,price_bin,$30k-$40k,powertrain,Battery Electric (BEV),43291,0.013508773791150256
2022,New,price_bin,$30k-$40k,powertrain,Battery Electric (BEV),30015,0.010813749512273417
2024,New,price_bin,$20k-$30k,powertrain,Battery Electric (BEV),9099,0.004398952450800044
2023,New,price_bin,$20k-$30k,powertrain,Battery Electric (BEV),10094,0.006085639061434569
2022,New,price_bin,$20k-$30k,powertrain,Battery Electric (BEV),4146,0.0034758201627750223
2016,New,price_bin,$30k-$40k,powertrain,Gasoline,432134,0.9527078717329718
2017,New,price_bin,$20k-$30k,powertrain,Gasoline,495553,0.9851869965248785
2016,New,price_bin,$20k-$30k,powertrain,Gasoline,302274,0.9865983419283243
2017,New,price_bin,$30k-$40k,powertrain,Gasoline,595985,0.9434874771048136
2016,New,price_bin,$40k-$50k,powertrain,Gasoline,295128,0.9550017150216481
2017,New,price_bin,$70k+,powertrain,Gasoline,132069,0.9849133430778868
2017,New,price_bin,$10k-$20k,powertrain,Gasoline,43127,0.9992585555735768
2017,New,price_bin,$40k-$50k,powertrain,Gasoline,428147,0.9435143539035522
2017,New,price_bin,$50k-$60k,powertrain,Gasoline,321912,0.9827423564788668
2017,New,price_bin,$60k-$70k,powertrain,Gasoline,144972,0.9836078920943361
2016,New,price_bin,$60k-$70k,powertrain,Gasoline,101093,0.9890908735128365
2016,New,price_bin,$70k+,powertrain,Gasoline,78511,0.9930433462769254
2016,New,price_bin,$50k-$60k,powertrain,Gasoline,217698,0.987991504193443
2016,New,price_bin,$10k-$20k,powertrain,Gasoline,18135,0.9993938057974209
2018,New,price_bin,$50k-$60k,powertrain,Battery Electric (BEV),4170,0.0034951466075704707
2017,New,price_bin,$60k-$70k,powertrain,Battery Electric (BEV),709,0.004810432328276386
2017,New,price_bin,$50k-$60k,powertrain,Battery Electric (BEV),1937,0.00591333017874315
2016,New,price_bin,$50k-$60k,powertrain,Battery Electric (BEV),243,0.001102821043459318
2016,New,price_bin,$60k-$70k,powertrain,Battery Electric (BEV),201,0.001966577958672511
2019,New,price_bin,$50k-$60k,powertrain,Battery Electric (BEV),4743,0.003935025208884877
2018,New,price_bin,$40k-$50k,powertrain,Battery Electric (BEV),20750,0.011712615870227603
2018,New,price_bin,$60k-$70k,powertrain,Battery Electric (BEV),682,0.0013000703410492444
2017,New,price_bin,$0-$10k,powertrain,Gasoline,4,1
2021,New,price_bin,$50k-$60k,powertrain,Battery Electric (BEV),27752,0.02118374640570172
2021,New,price_bin,$60k-$70k,powertrain,Battery Electric (BEV),8962,0.015063324116950022
2021,New,price_bin,$70k+,powertrain,Battery Electric (BEV),13378,0.024356318114124042
2019,New,price_bin,$40k-$50k,powertrain,Battery Electric (BEV),18564,0.01014824950349345
2021,New,price_bin,$40k-$50k,powertrain,Battery Electric (BEV),20862,0.012328053146188657
2020,New,price_bin,$40k-$50k,powertrain,Battery Electric (BEV),13368,0.0075665383313541544
2020,New,price_bin,$50k-$60k,powertrain,Battery Electric (BEV),5190,0.004090617825162738
2020,New,price_bin,$70k+,powertrain,Battery Electric (BEV),9958,0.01924210306640825
2019,New,price_bin,$70k+,powertrain,Battery Electric (BEV),4108,0.007697727409006416
2018,New,price_bin,$70k+,powertrain,Battery Electric (BEV),249,4.885705876581968e-4
2021,New,price_bin,$30k-$40k,powertrain,Battery Electric (BEV),21831,0.00975045255123666
2020,New,price_bin,$60k-$70k,powertrain,Battery Electric (BEV),211,3.804667298974723e-4
2020,New,price_bin,$30k-$40k,powertrain,Battery Electric (BEV),10441,0.004756884520830789
2019,New,price_bin,$30k-$40k,powertrain,Battery Electric (BEV),12339,0.005472032057885842
2017,New,price_bin,$40k-$50k,powertrain,Battery Electric (BEV),5426,0.01195736250465535
2016,New,price_bin,$20k-$30k,powertrain,Battery Electric (BEV),221,7.213264573405575e-4
2016,New,price_bin,$30k-$40k,powertrain,Battery Electric (BEV),682,0.0015035770583242392
2017,New,price_bin,$30k-$40k,powertrain,Battery Electric (BEV),953,0.001508668113594952
2016,New,price_bin,$40k-$50k,powertrain,Battery Electric (BEV),1705,0.005517192283049761
2017,New,price_bin,$20k-$30k,powertrain,Battery Electric (BEV),157,3.121247544751135e-4
2017,New,price_bin,$70k+,powertrain,Battery Electric (BEV),99,7.382990782447872e-4
2018,New,price_bin,$30k-$40k,powertrain,Battery Electric (BEV),4846,0.0020532671564961586
2018,New,price_bin,$20k-$30k,powertrain,Battery Electric (BEV),259,1.3883535895372815e-4
2020,New,price_bin,$20k-$30k,powertrain,Battery Electric (BEV),831,5.273632345960435e-4
2021,New,price_bin,$20k-$30k,powertrain,Battery Electric (BEV),3097,0.0024515372175329636
2019,New,price_bin,$60k-$70k,powertrain,Battery Electric (BEV),562,0.0010363764443805162
2019,New,price_bin,$20k-$30k,powertrain,Battery Electric (BEV),225,1.324420668967823e-4
2018,New,price_bin,$30k-$40k,powertrain,Gasoline,2244427,0.9509715733085439
2018,New,price_bin,$20k-$30k,powertrain,Gasoline,1836408,0.9843952272799151
2021,New,price_bin,$20k-$30k,powertrain,Gasoline,1229372,0.9731518282831562
2020,New,price_bin,$20k-$30k,powertrain,Gasoline,1545012,0.9804843872559597
2019,New,price_bin,$30k-$40k,powertrain,Gasoline,2123365,0.9416582665202018
2019,New,price_bin,$20k-$30k,powertrain,Gasoline,1668594,0.982186836318087
2020,New,price_bin,$30k-$40k,powertrain,Gasoline,2057979,0.937608318101219
2021,New,price_bin,$30k-$40k,powertrain,Gasoline,2105000,0.9401631908915382
2021,New,price_bin,$40k-$50k,powertrain,Gasoline,1521972,0.8993841291827745
2019,New,price_bin,$40k-$50k,powertrain,Gasoline,1748380,0.9557744272203123
2018,New,price_bin,$40k-$50k,powertrain,Gasoline,1693006,0.9556399491079784
2019,New,price_bin,$10k-$20k,powertrain,Gasoline,117273,0.9993693916333609
2020,New,price_bin,$40k-$50k,powertrain,Gasoline,1650412,0.9341640978850144
2020,New,price_bin,$10k-$20k,powertrain,Gasoline,61107,0.9997545891822912
2018,New,price_bin,$50k-$60k,powertrain,Gasoline,1171663,0.9820465131093142
2019,New,price_bin,$50k-$60k,powertrain,Gasoline,1181570,0.9802883693995581
2018,New,price_bin,$60k-$70k,powertrain,Gasoline,513653,0.979156936790275
2018,New,price_bin,$70k+,powertrain,Gasoline,499353,0.9797959383890905
2019,New,price_bin,$60k-$70k,powertrain,Gasoline,530245,0.977817487100617
2019,New,price_bin,$70k+,powertrain,Gasoline,519982,0.9743621454698087
2020,New,price_bin,$50k-$60k,powertrain,Gasoline,1218821,0.9606417935034053
2021,New,price_bin,$50k-$60k,powertrain,Gasoline,1209790,0.9234608159467383
2021,New,price_bin,$60k-$70k,powertrain,Gasoline,535992,0.9008950256742106
2021,New,price_bin,$70k+,powertrain,Gasoline,510250,0.9289737866446249
2020,New,price_bin,$70k+,powertrain,Gasoline,499259,0.964731184457915
2020,New,price_bin,$60k-$70k,powertrain,Gasoline,535601,0.9657742227479434
2018,New,price_bin,$10k-$20k,powertrain,Gasoline,164500,0.9993560380545059
2021,New,price_bin,$10k-$20k,powertrain,Gasoline,29260,0.9994876174210077
2018,New,price_bin,$0-$10k,powertrain,Gasoline,14,1
2022,New,price_bin,$70k+,powertrain,Gasoline,697179,0.9336164263589871
2023,New,price_bin,$70k+,powertrain,Gasoline,825225,0.8847282855746057
2022,New,price_bin,$60k-$70k,powertrain,Gasoline,640213,0.903442806401585
2022,New,price_bin,$50k-$60k,powertrain,Gasoline,1324961,0.9271822138124126
2024,New,price_bin,$60k-$70k,powertrain,Gasoline,644070,0.8533237587741032
2024,New,price_bin,$50k-$60k,powertrain,Gasoline,1421629,0.854630939942601
2023,New,price_bin,$50k-$60k,powertrain,Gasoline,1434428,0.8846111863142023
2022,New,price_bin,$40k-$50k,powertrain,Gasoline,1937530,0.9412590572009454
2023,New,price_bin,$40k-$50k,powertrain,Gasoline,2151551,0.9225662986351145
2024,New,price_bin,$40k-$50k,powertrain,Gasoline,2108310,0.8772201369810007
2024,New,price_bin,$70k+,powertrain,Gasoline,759871,0.8548605384510672
2023,New,price_bin,$60k-$70k,powertrain,Gasoline,719597,0.8766144220484796
2024,New,price_bin,$30k-$40k,powertrain,Gasoline,3162999,0.937163230005351
2022,New,price_bin,$30k-$40k,powertrain,Gasoline,2668860,0.9615320181018168
2023,New,price_bin,$30k-$40k,powertrain,Gasoline,3009798,0.9391947596280165
2022,New,price_bin,$20k-$30k,powertrain,Gasoline,1180827,0.9899523143630345
2024,New,price_bin,$20k-$30k,powertrain,Gasoline,2050339,0.9912456060029577
2023,New,price_bin,$20k-$30k,powertrain,Gasoline,1643415,0.9908094430500785
2023,New,price_bin,$10k-$20k,powertrain,Gasoline,7793,0.9989744904499424
2022,New,price_bin,$10k-$20k,powertrain,Gasoline,15077,0.9994034203897654
2024,New,price_bin,$10k-$20k,powertrain,Gasoline,39342,0.9887160413158754
2018,New,price_bin,$20k-$30k,powertrain,Hybrid Electric (HEV),24144,0.012942242882543678
2021,New,price_bin,$30k-$40k,powertrain,Hybrid Electric (HEV),99918,0.04462671054988158
2018,New,price_bin,$30k-$40k,powertrain,Hybrid Electric (HEV),82473,0.03494409867885012
2019,New,price_bin,$30k-$40k,powertrain,Hybrid Electric (HEV),97315,0.043156722563672964
2020,New,price_bin,$20k-$30k,powertrain,Hybrid Electric (HEV),27239,0.01728621798695744
2021,New,price_bin,$40k-$50k,powertrain,Hybrid Electric (HEV),146789,0.08674252676042023
2018,New,price_bin,$40k-$50k,powertrain,Hybrid Electric (HEV),40553,0.022890684886040482
2019,New,price_bin,$40k-$50k,powertrain,Hybrid Electric (HEV),52442,0.028668094185639058
2020,New,price_bin,$30k-$40k,powertrain,Hybrid Electric (HEV),114496,0.052163992921850595
2019,New,price_bin,$20k-$30k,powertrain,Hybrid Electric (HEV),25470,0.014992441972715757
2021,New,price_bin,$20k-$30k,powertrain,Hybrid Electric (HEV),27669,0.021902351718411227
2020,New,price_bin,$40k-$50k,powertrain,Hybrid Electric (HEV),99171,0.05613264309236407
2020,New,price_bin,$50k-$60k,powertrain,Hybrid Electric (HEV),44737,0.03526049511450971
2019,New,price_bin,$50k-$60k,powertrain,Hybrid Electric (HEV),18876,0.015660454531501358
2021,New,price_bin,$50k-$60k,powertrain,Hybrid Electric (HEV),70926,0.05413946373489479
2019,New,price_bin,$60k-$70k,powertrain,Hybrid Electric (HEV),11465,0.021142448282602522
2020,New,price_bin,$60k-$70k,powertrain,Hybrid Electric (HEV),18770,0.033845310522159035
2021,New,price_bin,$60k-$70k,powertrain,Hybrid Electric (HEV),49916,0.08389878226084325
2018,New,price_bin,$50k-$60k,powertrain,Hybrid Electric (HEV),16704,0.01400070238198013
2018,New,price_bin,$70k+,powertrain,Hybrid Electric (HEV),10043,0.019705680368880603
2019,New,price_bin,$70k+,powertrain,Hybrid Electric (HEV),9568,0.017928884091863044
2021,New,price_bin,$70k+,powertrain,Hybrid Electric (HEV),25631,0.0466644333669542
2018,New,price_bin,$60k-$70k,powertrain,Hybrid Electric (HEV),10251,0.019541086607178598
2020,New,price_bin,$70k+,powertrain,Hybrid Electric (HEV),8293,0.016024780149600685
2018,New,price_bin,$10k-$20k,powertrain,Hybrid Electric (HEV),100,6.075112693340462e-4
2020,New,price_bin,$10k-$20k,powertrain,Hybrid Electric (HEV),15,2.454108177088446e-4
2019,New,price_bin,$10k-$20k,powertrain,Hybrid Electric (HEV),70,5.965214279018637e-4
2017,New,price_bin,$30k-$40k,powertrain,Hybrid Electric (HEV),31266,0.04949634547708265
2017,New,price_bin,$20k-$30k,powertrain,Hybrid Electric (HEV),7226,0.014365690928899173
2016,New,price_bin,$30k-$40k,powertrain,Hybrid Electric (HEV),20317,0.044792045592336606
2016,New,price_bin,$20k-$30k,powertrain,Hybrid Electric (HEV),3883,0.012673803773092239
2016,New,price_bin,$40k-$50k,powertrain,Hybrid Electric (HEV),9485,0.0306924157212475
2017,New,price_bin,$50k-$60k,powertrain,Hybrid Electric (HEV),3031,0.009253125333903194
2017,New,price_bin,$40k-$50k,powertrain,Hybrid Electric (HEV),14734,0.032469550155472156
2016,New,price_bin,$50k-$60k,powertrain,Hybrid Electric (HEV),1450,0.006580619395127618
2017,New,price_bin,$70k+,powertrain,Hybrid Electric (HEV),1921,0.014325985144527638
2016,New,price_bin,$60k-$70k,powertrain,Hybrid Electric (HEV),909,0.008893628678772698
2016,New,price_bin,$70k+,powertrain,Hybrid Electric (HEV),519,0.006564551422319475
2017,New,price_bin,$60k-$70k,powertrain,Hybrid Electric (HEV),1700,0.01153418188726355
2021,New,price_bin,$10k-$20k,powertrain,Hybrid Electric (HEV),15,5.123825789923143e-4
2022,New,price_bin,$30k-$40k,powertrain,Hybrid Electric (HEV),68282,0.024600514549293802
2022,New,price_bin,$40k-$50k,powertrain,Hybrid Electric (HEV),92974,0.04516710429474676
2023,New,price_bin,$30k-$40k,powertrain,Hybrid Electric (HEV),147154,0.045918784469356794
2024,New,price_bin,$20k-$30k,powertrain,Hybrid Electric (HEV),8863,0.004284857189959424
2023,New,price_bin,$20k-$30k,powertrain,Hybrid Electric (HEV),5143,0.003100697611745392
2024,New,price_bin,$30k-$40k,powertrain,Hybrid Electric (HEV),153696,0.04553850311015034
2023,New,price_bin,$40k-$50k,powertrain,Hybrid Electric (HEV),110007,0.04717004189719558
2022,New,price_bin,$20k-$30k,powertrain,Hybrid Electric (HEV),7803,0.006541684691300892
2022,New,price_bin,$60k-$70k,powertrain,Hybrid Electric (HEV),39104,0.055181990215018406
2022,New,price_bin,$70k+,powertrain,Hybrid Electric (HEV),10240,0.013712736909625833
2023,New,price_bin,$60k-$70k,powertrain,Hybrid Electric (HEV),45420,0.05533072962983718
2023,New,price_bin,$70k+,powertrain,Hybrid Electric (HEV),21572,0.023127460482190183
2024,New,price_bin,$40k-$50k,powertrain,Hybrid Electric (HEV),131804,0.054840665241185506
2023,New,price_bin,$50k-$60k,powertrain,Hybrid Electric (HEV),88855,0.05479684373140265
2022,New,price_bin,$50k-$60k,powertrain,Hybrid Electric (HEV),52039,0.036415890901380595
2024,New,price_bin,$70k+,powertrain,Hybrid Electric (HEV),16526,0.01859187317115976
2024,New,price_bin,$50k-$60k,powertrain,Hybrid Electric (HEV),113873,0.06845624915085707
2024,New,price_bin,$60k-$70k,powertrain,Hybrid Electric (HEV),47228,0.06257204105048107
2017,New,price_bin,$10k-$20k,powertrain,Hybrid Electric (HEV),29,6.719340114460483e-4
2019,New,price_bin,$40k-$50k,powertrain,Plug-In Hybrid Electric (PHEV),9895,0.005409229090555251
2020,New,price_bin,$30k-$40k,powertrain,Plug-In Hybrid Electric (PHEV),12008,0.005470804456099619
2018,New,price_bin,$40k-$50k,powertrain,Plug-In Hybrid Electric (PHEV),17285,0.009756750135753452
2019,New,price_bin,$30k-$40k,powertrain,Plug-In Hybrid Electric (PHEV),21902,0.00971297885823938
2018,New,price_bin,$30k-$40k,powertrain,Plug-In Hybrid Electric (PHEV),28395,0.012031060856109868
2018,New,price_bin,$50k-$60k,powertrain,Plug-In Hybrid Electric (PHEV),546,4.5763790113512637e-4
2020,New,price_bin,$40k-$50k,powertrain,Plug-In Hybrid Electric (PHEV),3775,0.0021367206912673497
2021,New,price_bin,$30k-$40k,powertrain,Plug-In Hybrid Electric (PHEV),12224,0.005459646007343545
2021,New,price_bin,$40k-$50k,powertrain,Plug-In Hybrid Electric (PHEV),2615,0.0015452909106165918
2019,New,price_bin,$20k-$30k,powertrain,Plug-In Hybrid Electric (PHEV),4567,0.002688279642300466
2018,New,price_bin,$20k-$30k,powertrain,Plug-In Hybrid Electric (PHEV),4708,0.00252369447858746
2021,New,price_bin,$20k-$30k,powertrain,Plug-In Hybrid Electric (PHEV),3151,0.002494282780899699
2019,New,price_bin,$50k-$60k,powertrain,Plug-In Hybrid Electric (PHEV),140,1.1615086005563626e-4
2020,New,price_bin,$20k-$30k,powertrain,Plug-In Hybrid Electric (PHEV),2682,0.0017020315224868699
2022,New,price_bin,$30k-$40k,powertrain,Plug-In Hybrid Electric (PHEV),8476,0.003053717836616008
2023,New,price_bin,$30k-$40k,powertrain,Plug-In Hybrid Electric (PHEV),4415,0.001377682111476482
2023,New,price_bin,$40k-$50k,powertrain,Plug-In Hybrid Electric (PHEV),6568,0.0028163011006643265
2024,New,price_bin,$30k-$40k,powertrain,Plug-In Hybrid Electric (PHEV),9014,0.0026707530907433843
2024,New,price_bin,$40k-$50k,powertrain,Plug-In Hybrid Electric (PHEV),8985,0.0037384554125220156
2022,New,price_bin,$20k-$30k,powertrain,Plug-In Hybrid Electric (PHEV),36,3.0180782889508155e-5
2022,New,price_bin,$40k-$50k,powertrain,Plug-In Hybrid Electric (PHEV),2343,0.001138237844586569
2023,New,price_bin,$60k-$70k,powertrain,Plug-In Hybrid Electric (PHEV),88,1.0720176590545292e-4
2023,New,price_bin,$50k-$60k,powertrain,Plug-In Hybrid Electric (PHEV),4658,0.0028725867773436897
2017,New,price_bin,$20k-$30k,powertrain,Plug-In Hybrid Electric (PHEV),68,1.3518779174718292e-4
2017,New,price_bin,$30k-$40k,powertrain,Plug-In Hybrid Electric (PHEV),3479,0.005507509304508749
2017,New,price_bin,$40k-$50k,powertrain,Plug-In Hybrid Electric (PHEV),5472,0.012058733436320324
2021,New,price_bin,$50k-$60k,powertrain,Plug-In Hybrid Electric (PHEV),1593,0.0012159739126651355
2021,New,price_bin,$60k-$70k,powertrain,Plug-In Hybrid Electric (PHEV),85,1.4286794799606693e-4
2022,New,price_bin,$50k-$60k,powertrain,Plug-In Hybrid Electric (PHEV),3805,0.0026626657868089928
2024,New,price_bin,$50k-$60k,powertrain,Plug-In Hybrid Electric (PHEV),808,4.857398093831946e-4
2023,New,price_bin,$70k+,powertrain,Plug-In Hybrid Electric (PHEV),6,6.4326331769488735e-6
2024,New,price_bin,$70k+,powertrain,Plug-In Hybrid Electric (PHEV),6,6.750044719046264e-6
2021,New,price_bin,$70k+,powertrain,Plug-In Hybrid Electric (PHEV),3,5.461874296783684e-6
2022,New,price_bin,$60k-$70k,powertrain,Plug-In Hybrid Electric (PHEV),253,3.570234125511369e-4
2024,New,price_bin,$20k-$30k,powertrain,Plug-In Hybrid Electric (PHEV),146,7.058435628275707e-5
2022,New,price_bin,$70k+,powertrain,Plug-In Hybrid Electric (PHEV),7,9.373941246814534e-6
2016,Used,price_bin,$30k-$40k,powertrain,Battery Electric (BEV),686,4.284846073463249e-4
2017,Used,price_bin,$20k-$30k,powertrain,Battery Electric (BEV),4758,0.0014226605486482333
2017,Used,price_bin,$30k-$40k,powertrain,Battery Electric (BEV),1189,6.636514897552638e-4
2017,Used,price_bin,$10k-$20k,powertrain,Battery Electric (BEV),12862,0.003081475092687426
2016,Used,price_bin,$10k-$20k,powertrain,Battery Electric (BEV),8419,0.0026316554485020446
2017,Used,price_bin,$60k-$70k,powertrain,Battery Electric (BEV),557,0.003785870614303386
2016,Used,price_bin,$20k-$30k,powertrain,Battery Electric (BEV),1063,3.730092866328982e-4
2016,Used,price_bin,$40k-$50k,powertrain,Battery Electric (BEV),147,1.977273460954902e-4
2017,Used,price_bin,$70k+,powertrain,Battery Electric (BEV),1007,0.009652158076853032
2017,Used,price_bin,$0-$10k,powertrain,Battery Electric (BEV),3103,0.0027438663136691056
2017,Used,price_bin,$50k-$60k,powertrain,Battery Electric (BEV),453,0.0014036892548052343
2016,Used,price_bin,$0-$10k,powertrain,Battery Electric (BEV),524,7.068329432712606e-4
2016,Used,price_bin,$60k-$70k,powertrain,Battery Electric (BEV),260,0.002243100309720389
2017,Used,price_bin,$40k-$50k,powertrain,Battery Electric (BEV),159,1.924636558410904e-4
2016,Used,price_bin,$70k+,powertrain,Battery Electric (BEV),603,0.0071200850159404885
2016,Used,price_bin,$50k-$60k,powertrain,Battery Electric (BEV),161,5.763936374734626e-4
2019,Used,price_bin,$10k-$20k,powertrain,Battery Electric (BEV),12441,0.003499149893051061
2018,Used,price_bin,$50k-$60k,powertrain,Battery Electric (BEV),1508,0.005831895984963918
2020,Used,price_bin,$50k-$60k,powertrain,Battery Electric (BEV),5061,0.01591759710646328
2020,Used,price_bin,$10k-$20k,powertrain,Battery Electric (BEV),9919,0.0028019022088390283
2019,Used,price_bin,$60k-$70k,powertrain,Battery Electric (BEV),3199,0.027546477684683678
2019,Used,price_bin,$70k+,powertrain,Battery Electric (BEV),5447,0.05936525928024936
2020,Used,price_bin,$70k+,powertrain,Battery Electric (BEV),6137,0.0588613301106827
2021,Used,price_bin,$30k-$40k,powertrain,Battery Electric (BEV),3706,0.0018500288536610204
2021,Used,price_bin,$10k-$20k,powertrain,Battery Electric (BEV),9903,0.0033707084988961722
2018,Used,price_bin,$40k-$50k,powertrain,Battery Electric (BEV),643,9.90726003398976e-4
2019,Used,price_bin,$40k-$50k,powertrain,Battery Electric (BEV),2848,0.0041954601232416415
2021,Used,price_bin,$60k-$70k,powertrain,Battery Electric (BEV),6849,0.027189144984954467
2018,Used,price_bin,$70k+,powertrain,Battery Electric (BEV),2428,0.029059399423120653
2019,Used,price_bin,$20k-$30k,powertrain,Battery Electric (BEV),3537,0.0011859142755311048
2020,Used,price_bin,$20k-$30k,powertrain,Battery Electric (BEV),6465,0.0021815663882877724
2020,Used,price_bin,$40k-$50k,powertrain,Battery Electric (BEV),3717,0.004678914673061309
2018,Used,price_bin,$10k-$20k,powertrain,Battery Electric (BEV),9566,0.002879435454862607
2021,Used,price_bin,$20k-$30k,powertrain,Battery Electric (BEV),10451,0.0032988299270255007
2021,Used,price_bin,$50k-$60k,powertrain,Battery Electric (BEV),8558,0.016178152499598288
2018,Used,price_bin,$20k-$30k,powertrain,Battery Electric (BEV),4074,0.0015087391325601756
2021,Used,price_bin,$40k-$50k,powertrain,Battery Electric (BEV),6853,0.0056817145462836295
2021,Used,price_bin,$70k+,powertrain,Battery Electric (BEV),10909,0.042664278395269345
2018,Used,price_bin,$30k-$40k,powertrain,Battery Electric (BEV),578,3.900958839484992e-4
2019,Used,price_bin,$30k-$40k,powertrain,Battery Electric (BEV),1817,0.0011335201946884878
2019,Used,price_bin,$50k-$60k,powertrain,Battery Electric (BEV),4848,0.01679746374928538
2021,Used,price_bin,$0-$10k,powertrain,Battery Electric (BEV),2509,0.0031394365280759972
2020,Used,price_bin,$0-$10k,powertrain,Battery Electric (BEV),3236,0.0029853830626561423
2020,Used,price_bin,$30k-$40k,powertrain,Battery Electric (BEV),1572,9.849340181924582e-4
2018,Used,price_bin,$60k-$70k,powertrain,Battery Electric (BEV),1451,0.012538886968544763
2019,Used,price_bin,$0-$10k,powertrain,Battery Electric (BEV),2279,0.002472916196461744
2018,Used,price_bin,$0-$10k,powertrain,Battery Electric (BEV),1341,0.0014381869192556175
2020,Used,price_bin,$60k-$70k,powertrain,Battery Electric (BEV),4607,0.036817121120097177
2022,Used,price_bin,$20k-$30k,powertrain,Battery Electric (BEV),8933,0.002145804187741172
2022,Used,price_bin,$10k-$20k,powertrain,Battery Electric (BEV),7999,0.0024265313706307496
2022,Used,price_bin,$30k-$40k,powertrain,Battery Electric (BEV),9733,0.0036206019804131124
2023,Used,price_bin,$10k-$20k,powertrain,Battery Electric (BEV),16181,0.004048524243982321
2024,Used,price_bin,$10k-$20k,powertrain,Battery Electric (BEV),45889,0.01004590700820722
2024,Used,price_bin,$20k-$30k,powertrain,Battery Electric (BEV),121229,0.02773043407648521
2022,Used,price_bin,$40k-$50k,powertrain,Battery Electric (BEV),16901,0.011744463924739813
2022,Used,price_bin,$50k-$60k,powertrain,Battery Electric (BEV),23287,0.03787834426400167
2022,Used,price_bin,$60k-$70k,powertrain,Battery Electric (BEV),18888,0.06209134212368958
2024,Used,price_bin,$70k+,powertrain,Battery Electric (BEV),15089,0.09009487756673971
2024,Used,price_bin,$60k-$70k,powertrain,Battery Electric (BEV),9324,0.05028665117006531
2022,Used,price_bin,$0-$10k,powertrain,Battery Electric (BEV),1193,0.001276285271689361
2023,Used,price_bin,$20k-$30k,powertrain,Battery Electric (BEV),28440,0.006690053626284289
2023,Used,price_bin,$70k+,powertrain,Battery Electric (BEV),16542,0.0679027802292981
2023,Used,price_bin,$40k-$50k,powertrain,Battery Electric (BEV),35361,0.03315916511784486
2024,Used,price_bin,$50k-$60k,powertrain,Battery Electric (BEV),11841,0.03279973629466301
2024,Used,price_bin,$40k-$50k,powertrain,Battery Electric (BEV),21268,0.024578133920089864
2023,Used,price_bin,$60k-$70k,powertrain,Battery Electric (BEV),7133,0.03086475844313191
2024,Used,price_bin,$30k-$40k,powertrain,Battery Electric (BEV),70009,0.03292102696637879
2022,Used,price_bin,$70k+,powertrain,Battery Electric (BEV),27878,0.08039635825664658
2023,Used,price_bin,$30k-$40k,powertrain,Battery Electric (BEV),50209,0.02100923320001975
2023,Used,price_bin,$0-$10k,powertrain,Battery Electric (BEV),3330,0.0026382109602216416
2024,Used,price_bin,$0-$10k,powertrain,Battery Electric (BEV),5971,0.0035080030174348513
2023,Used,price_bin,$50k-$60k,powertrain,Battery Electric (BEV),15682,0.03467505129837968
2016,Used,price_bin,$10k-$20k,powertrain,Gasoline,3088050,0.9652789651676849
2017,Used,price_bin,$10k-$20k,powertrain,Gasoline,4029002,0.9652674009786834
2016,Used,price_bin,$0-$10k,powertrain,Gasoline,727304,0.9810733339178644
2017,Used,price_bin,$0-$10k,powertrain,Gasoline,1103503,0.9757862419377373
2017,Used,price_bin,$20k-$30k,powertrain,Gasoline,3213393,0.960817034132491
2016,Used,price_bin,$20k-$30k,powertrain,Gasoline,2732818,0.9589524860560146
2016,Used,price_bin,$30k-$40k,powertrain,Gasoline,1552739,0.969861167239541
2017,Used,price_bin,$30k-$40k,powertrain,Gasoline,1731205,0.9662882904304134
2017,Used,price_bin,$40k-$50k,powertrain,Gasoline,770859,0.9330964860252019
2016,Used,price_bin,$40k-$50k,powertrain,Gasoline,700677,0.9424694127901346
2017,Used,price_bin,$50k-$60k,powertrain,Gasoline,267483,0.8288366731635065
2016,Used,price_bin,$50k-$60k,powertrain,Gasoline,234530,0.8396372658177093
2016,Used,price_bin,$70k+,powertrain,Gasoline,69828,0.824512929507616
2017,Used,price_bin,$70k+,powertrain,Gasoline,83627,0.8015700332601674
2017,Used,price_bin,$60k-$70k,powertrain,Gasoline,107281,0.7291777116213314
2016,Used,price_bin,$60k-$70k,powertrain,Gasoline,87683,0.7564683248354341
2021,Used,price_bin,$40k-$50k,powertrain,Gasoline,1132317,0.9387862206193259
2021,Used,price_bin,$50k-$60k,powertrain,Gasoline,457979,0.8657693507377335
2020,Used,price_bin,$20k-$30k,powertrain,Gasoline,2837679,0.957553770634193
2021,Used,price_bin,$60k-$70k,powertrain,Gasoline,182133,0.7230311787917524
2020,Used,price_bin,$70k+,powertrain,Gasoline,68950,0.6613147647273215
2021,Used,price_bin,$30k-$40k,powertrain,Gasoline,1930517,0.9637107804865386
2021,Used,price_bin,$20k-$30k,powertrain,Gasoline,3045230,0.9612186258421075
2021,Used,price_bin,$10k-$20k,powertrain,Gasoline,2813760,0.9577264208678272
2020,Used,price_bin,$30k-$40k,powertrain,Gasoline,1531919,0.9598213334703386
2020,Used,price_bin,$40k-$50k,powertrain,Gasoline,724232,0.9116544878936073
2020,Used,price_bin,$10k-$20k,powertrain,Gasoline,3362175,0.9497414617404335
2021,Used,price_bin,$70k+,powertrain,Gasoline,147609,0.5772876954484657
2020,Used,price_bin,$50k-$60k,powertrain,Gasoline,251481,0.7909451171567856
2021,Used,price_bin,$0-$10k,powertrain,Gasoline,770225,0.9637594658578457
2020,Used,price_bin,$0-$10k,powertrain,Gasoline,1045401,0.9644383309900475
2018,Used,price_bin,$10k-$20k,powertrain,Gasoline,3176027,0.956007186849354
2019,Used,price_bin,$0-$10k,powertrain,Gasoline,891820,0.9677034323512561
2019,Used,price_bin,$20k-$30k,powertrain,Gasoline,2861172,0.9593171386909478
2018,Used,price_bin,$0-$10k,powertrain,Gasoline,907835,0.973628949919779
2019,Used,price_bin,$10k-$20k,powertrain,Gasoline,3356152,0.9439497557964075
2018,Used,price_bin,$20k-$30k,powertrain,Gasoline,2584533,0.9571394394926726
2018,Used,price_bin,$30k-$40k,powertrain,Gasoline,1427868,0.9636772138785047
2019,Used,price_bin,$30k-$40k,powertrain,Gasoline,1540885,0.961268170166522
2018,Used,price_bin,$40k-$50k,powertrain,Gasoline,594728,0.9163491361578012
2019,Used,price_bin,$40k-$50k,powertrain,Gasoline,617879,0.9102130286125077
2019,Used,price_bin,$50k-$60k,powertrain,Gasoline,224308,0.7771876028619441
2018,Used,price_bin,$50k-$60k,powertrain,Gasoline,206428,0.7983200426950475
2019,Used,price_bin,$70k+,powertrain,Gasoline,66390,0.723565185169039
2018,Used,price_bin,$70k+,powertrain,Gasoline,61429,0.7352099864756502
2018,Used,price_bin,$60k-$70k,powertrain,Gasoline,79579,0.6876857932941584
2020,Used,price_bin,$60k-$70k,powertrain,Gasoline,82807,0.6617571844132596
2019,Used,price_bin,$60k-$70k,powertrain,Gasoline,76244,0.6565344309443646
2023,Used,price_bin,$40k-$50k,powertrain,Gasoline,915057,0.858078848314238
2024,Used,price_bin,$30k-$40k,powertrain,Gasoline,1902241,0.8945096667221549
2023,Used,price_bin,$30k-$40k,powertrain,Gasoline,2211367,0.9253146844953708
2022,Used,price_bin,$20k-$30k,powertrain,Gasoline,4042455,0.9710418524297816
2023,Used,price_bin,$20k-$30k,powertrain,Gasoline,4090535,0.9622327183612097
2022,Used,price_bin,$30k-$40k,powertrain,Gasoline,2574288,0.9576155585075219
2024,Used,price_bin,$10k-$20k,powertrain,Gasoline,4375982,0.957979215968721
2022,Used,price_bin,$10k-$20k,powertrain,Gasoline,3176300,0.9635443921158207
2024,Used,price_bin,$0-$10k,powertrain,Gasoline,1633331,0.959593045799679
2024,Used,price_bin,$20k-$30k,powertrain,Gasoline,4094660,0.9366298426582824
2022,Used,price_bin,$0-$10k,powertrain,Gasoline,909979,0.9735061150432632
2023,Used,price_bin,$10k-$20k,powertrain,Gasoline,3834910,0.959503498454375
2023,Used,price_bin,$0-$10k,powertrain,Gasoline,1218719,0.9655368838529605
2024,Used,price_bin,$40k-$50k,powertrain,Gasoline,709718,0.8201779222069935
2022,Used,price_bin,$40k-$50k,powertrain,Gasoline,1318916,0.9165115307829202
2022,Used,price_bin,$60k-$70k,powertrain,Gasoline,204977,0.6738297879334774
2022,Used,price_bin,$50k-$60k,powertrain,Gasoline,503995,0.8197919919841765
2024,Used,price_bin,$60k-$70k,powertrain,Gasoline,116972,0.6308590905903989
2023,Used,price_bin,$70k+,powertrain,Gasoline,155281,0.6374085126819997
2023,Used,price_bin,$50k-$60k,powertrain,Gasoline,337272,0.7457546168541711
2024,Used,price_bin,$50k-$60k,powertrain,Gasoline,256262,0.7098493389361484
2023,Used,price_bin,$60k-$70k,powertrain,Gasoline,149553,0.647121438307263
2022,Used,price_bin,$70k+,powertrain,Gasoline,200415,0.5779695867711394
2024,Used,price_bin,$70k+,powertrain,Gasoline,111196,0.6639399566512817
2022,Used,price_bin,$10k-$20k,powertrain,Diesel,36943,0.011206819405577169
2023,Used,price_bin,$20k-$30k,powertrain,Diesel,44600,0.010491434308448639
2023,Used,price_bin,$10k-$20k,powertrain,Diesel,42539,0.010643357815633393
2024,Used,price_bin,$20k-$30k,powertrain,Diesel,49605,0.011346857454602849
2022,Used,price_bin,$20k-$30k,powertrain,Diesel,40058,0.009622369209955878
2022,Used,price_bin,$30k-$40k,powertrain,Diesel,43966,0.016355017638019408
2024,Used,price_bin,$10k-$20k,powertrain,Diesel,43573,0.009538893984802744
2024,Used,price_bin,$0-$10k,powertrain,Diesel,13941,0.00819043209949075
2023,Used,price_bin,$40k-$50k,powertrain,Diesel,73488,0.06891209881451835
2023,Used,price_bin,$30k-$40k,powertrain,Diesel,51017,0.02134732916738847
2023,Used,price_bin,$50k-$60k,powertrain,Diesel,80071,0.17704795514045144
2022,Used,price_bin,$40k-$50k,powertrain,Diesel,54644,0.037971983119548094
2022,Used,price_bin,$70k+,powertrain,Diesel,109842,0.31676938028648305
2024,Used,price_bin,$30k-$40k,powertrain,Diesel,70049,0.03293983656341139
2022,Used,price_bin,$0-$10k,powertrain,Diesel,4208,0.0045017673288087435
2023,Used,price_bin,$0-$10k,powertrain,Diesel,8093,0.00641172411443656
2022,Used,price_bin,$50k-$60k,powertrain,Diesel,68305,0.1111040625650635
2024,Used,price_bin,$50k-$60k,powertrain,Diesel,80697,0.22353182330634416
2022,Used,price_bin,$60k-$70k,powertrain,Diesel,72231,0.23744810106608547
2024,Used,price_bin,$70k+,powertrain,Diesel,38126,0.22764645119686647
2023,Used,price_bin,$60k-$70k,powertrain,Diesel,67154,0.2905778758572943
2023,Used,price_bin,$70k+,powertrain,Diesel,67510,0.2771198581356496
2024,Used,price_bin,$40k-$50k,powertrain,Diesel,93094,0.107583073121913
2017,Used,price_bin,$40k-$50k,powertrain,Diesel,50866,0.06157142338372895
2017,Used,price_bin,$30k-$40k,powertrain,Diesel,42502,0.023722889501747876
2016,Used,price_bin,$50k-$60k,powertrain,Diesel,42456,0.15199607622716355
2017,Used,price_bin,$50k-$60k,powertrain,Diesel,53022,0.16429671449952127
2016,Used,price_bin,$40k-$50k,powertrain,Diesel,38200,0.05138220830508657
2017,Used,price_bin,$20k-$30k,powertrain,Diesel,42005,0.01255965875283082
2016,Used,price_bin,$30k-$40k,powertrain,Diesel,32643,0.020389246410504495
2017,Used,price_bin,$70k+,powertrain,Diesel,17866,0.17124672909737465
2017,Used,price_bin,$60k-$70k,powertrain,Diesel,38310,0.2603890542800049
2016,Used,price_bin,$10k-$20k,powertrain,Diesel,17521,0.0054768066413118325
2016,Used,price_bin,$60k-$70k,powertrain,Diesel,27457,0.2368800200153566
2016,Used,price_bin,$20k-$30k,powertrain,Diesel,30901,0.010843236092420683
2017,Used,price_bin,$10k-$20k,powertrain,Diesel,20674,0.0049530723111662145
2016,Used,price_bin,$70k+,powertrain,Diesel,12992,0.15340654150430982
2017,Used,price_bin,$0-$10k,powertrain,Diesel,2904,0.0025678980905237134
2016,Used,price_bin,$0-$10k,powertrain,Diesel,2109,0.002844867704883757
2021,Used,price_bin,$40k-$50k,powertrain,Diesel,38179,0.031653608589313105
2021,Used,price_bin,$30k-$40k,powertrain,Diesel,33232,0.01658935749186806
2021,Used,price_bin,$50k-$60k,powertrain,Diesel,52306,0.09887993043281
2020,Used,price_bin,$20k-$30k,powertrain,Diesel,41683,0.014065619762258192
2019,Used,price_bin,$70k+,powertrain,Diesel,17582,0.19162107374065435
2020,Used,price_bin,$30k-$40k,powertrain,Diesel,44597,0.027942177105171155
2020,Used,price_bin,$40k-$50k,powertrain,Diesel,55324,0.06964118250536558
2018,Used,price_bin,$60k-$70k,powertrain,Diesel,33231,0.28716730038022814
2019,Used,price_bin,$60k-$70k,powertrain,Diesel,34448,0.296630529316031
2019,Used,price_bin,$20k-$30k,powertrain,Diesel,39999,0.013411191718113844
2019,Used,price_bin,$50k-$60k,powertrain,Diesel,55738,0.19312232558945308
2020,Used,price_bin,$50k-$60k,powertrain,Diesel,57513,0.18088693190753263
2021,Used,price_bin,$10k-$20k,powertrain,Diesel,26432,0.008996724936163145
2020,Used,price_bin,$60k-$70k,powertrain,Diesel,36465,0.29141226864431163
2019,Used,price_bin,$30k-$40k,powertrain,Diesel,43634,0.02722070455423086
2020,Used,price_bin,$10k-$20k,powertrain,Diesel,65491,0.01849978602269148
2021,Used,price_bin,$20k-$30k,powertrain,Diesel,30314,0.009568532236900873
2021,Used,price_bin,$70k+,powertrain,Diesel,90909,0.35553826057709603
2021,Used,price_bin,$60k-$70k,powertrain,Diesel,59210,0.23505172646505387
2020,Used,price_bin,$0-$10k,powertrain,Diesel,6291,0.005803783945355312
2019,Used,price_bin,$10k-$20k,powertrain,Diesel,84986,0.023903122965263042
2020,Used,price_bin,$70k+,powertrain,Diesel,26264,0.25190385758953404
2018,Used,price_bin,$40k-$50k,powertrain,Diesel,50102,0.07719650734416096
2019,Used,price_bin,$40k-$50k,powertrain,Diesel,52303,0.07704885913831024
2018,Used,price_bin,$50k-$60k,powertrain,Diesel,48775,0.18862780282932037
2018,Used,price_bin,$70k+,powertrain,Diesel,17649,0.21123119457111056
2018,Used,price_bin,$30k-$40k,powertrain,Diesel,39271,0.026504248198168708
2018,Used,price_bin,$20k-$30k,powertrain,Diesel,40888,0.015142200700078658
2019,Used,price_bin,$0-$10k,powertrain,Diesel,6196,0.00672320700012153
2018,Used,price_bin,$10k-$20k,powertrain,Diesel,46575,0.014019413162264887
2018,Used,price_bin,$0-$10k,powertrain,Diesel,3993,0.00428238655375666
2021,Used,price_bin,$0-$10k,powertrain,Diesel,2534,0.003170718279053239
2024,Used,price_bin,$60k-$70k,powertrain,Diesel,54968,0.29645609625870334
2017,Used,price_bin,$10k-$20k,powertrain,Hybrid Electric (HEV),103118,0.024704987452009174
2017,Used,price_bin,$20k-$30k,powertrain,Hybrid Electric (HEV),73454,0.02196303235401583
2017,Used,price_bin,$30k-$40k,powertrain,Hybrid Electric (HEV),14737,0.008225594621129793
2016,Used,price_bin,$20k-$30k,powertrain,Hybrid Electric (HEV),75508,0.02649594093610242
2017,Used,price_bin,$40k-$50k,powertrain,Hybrid Electric (HEV),3743,0.004530763923353468
2016,Used,price_bin,$10k-$20k,powertrain,Hybrid Electric (HEV),79866,0.02496493574653335
2016,Used,price_bin,$30k-$40k,powertrain,Hybrid Electric (HEV),13820,0.008632153459950742
2016,Used,price_bin,$40k-$50k,powertrain,Hybrid Electric (HEV),4050,0.005447590147528812
2016,Used,price_bin,$0-$10k,powertrain,Hybrid Electric (HEV),11383,0.015354731666520533
2016,Used,price_bin,$70k+,powertrain,Hybrid Electric (HEV),388,0.0045814145707875785
2016,Used,price_bin,$50k-$60k,powertrain,Hybrid Electric (HEV),2030,0.007267571950752355
2016,Used,price_bin,$60k-$70k,powertrain,Hybrid Electric (HEV),431,0.0037183701288057217
2018,Used,price_bin,$20k-$30k,powertrain,Hybrid Electric (HEV),62679,0.02321214042458008
2019,Used,price_bin,$20k-$30k,powertrain,Hybrid Electric (HEV),64581,0.021653245639828747
2021,Used,price_bin,$10k-$20k,powertrain,Hybrid Electric (HEV),77593,0.02641052050437753
2020,Used,price_bin,$20k-$30k,powertrain,Hybrid Electric (HEV),64478,0.021757623756228767
2021,Used,price_bin,$20k-$30k,powertrain,Hybrid Electric (HEV),63953,0.020186591744623658
2019,Used,price_bin,$10k-$20k,powertrain,Hybrid Electric (HEV),89986,0.02530942064754383
2018,Used,price_bin,$10k-$20k,powertrain,Hybrid Electric (HEV),82267,0.02476296430746206
2018,Used,price_bin,$30k-$40k,powertrain,Hybrid Electric (HEV),11789,0.007956471238527435
2020,Used,price_bin,$10k-$20k,powertrain,Hybrid Electric (HEV),90759,0.025637447582621372
2019,Used,price_bin,$0-$10k,powertrain,Hybrid Electric (HEV),20939,0.022720663553186686
2020,Used,price_bin,$0-$10k,powertrain,Hybrid Electric (HEV),28295,0.02610365072863274
2020,Used,price_bin,$30k-$40k,powertrain,Hybrid Electric (HEV),15622,0.00978793844287696
2021,Used,price_bin,$70k+,powertrain,Hybrid Electric (HEV),2260,0.008838689996636605
2021,Used,price_bin,$30k-$40k,powertrain,Hybrid Electric (HEV),31832,0.015890479889297787
2020,Used,price_bin,$40k-$50k,powertrain,Hybrid Electric (HEV),9021,0.011355525764241611
2020,Used,price_bin,$50k-$60k,powertrain,Hybrid Electric (HEV),3163,0.009948105047963516
2021,Used,price_bin,$40k-$50k,powertrain,Hybrid Electric (HEV),26050,0.021597645400654977
2021,Used,price_bin,$50k-$60k,powertrain,Hybrid Electric (HEV),9063,0.017132810949270775
2019,Used,price_bin,$30k-$40k,powertrain,Hybrid Electric (HEV),13966,0.008712571843158734
2021,Used,price_bin,$60k-$70k,powertrain,Hybrid Electric (HEV),3455,0.01371565132472152
2021,Used,price_bin,$0-$10k,powertrain,Hybrid Electric (HEV),23161,0.028980665375355985
2019,Used,price_bin,$70k+,powertrain,Hybrid Electric (HEV),785,0.008555485319441114
2020,Used,price_bin,$70k+,powertrain,Hybrid Electric (HEV),894,0.008574552569488404
2018,Used,price_bin,$0-$10k,powertrain,Hybrid Electric (HEV),19148,0.02053572194623905
2018,Used,price_bin,$40k-$50k,powertrain,Hybrid Electric (HEV),3002,0.004625442398450585
2018,Used,price_bin,$60k-$70k,powertrain,Hybrid Electric (HEV),1058,0.00914275838230211
2019,Used,price_bin,$60k-$70k,powertrain,Hybrid Electric (HEV),1698,0.014621418914846165
2018,Used,price_bin,$50k-$60k,powertrain,Hybrid Electric (HEV),1576,0.006094872726991469
2019,Used,price_bin,$50k-$60k,powertrain,Hybrid Electric (HEV),2945,0.010203904855949969
2019,Used,price_bin,$40k-$50k,powertrain,Hybrid Electric (HEV),4523,0.006662944570723996
2018,Used,price_bin,$70k+,powertrain,Hybrid Electric (HEV),686,0.00821035749763623
2020,Used,price_bin,$60k-$70k,powertrain,Hybrid Electric (HEV),929,0.007424160086948183
2017,Used,price_bin,$0-$10k,powertrain,Hybrid Electric (HEV),21289,0.0188250628268455
2017,Used,price_bin,$60k-$70k,powertrain,Hybrid Electric (HEV),751,0.005104468278890203
2017,Used,price_bin,$50k-$60k,powertrain,Hybrid Electric (HEV),1596,0.004945448235472746
2017,Used,price_bin,$70k+,powertrain,Hybrid Electric (HEV),533,0.005108838386258854
2023,Used,price_bin,$10k-$20k,powertrain,Hybrid Electric (HEV),91412,0.02287149732346035
2024,Used,price_bin,$10k-$20k,powertrain,Hybrid Electric (HEV),88348,0.01934092685308225
2024,Used,price_bin,$20k-$30k,powertrain,Hybrid Electric (HEV),93708,0.021435164164014187
2023,Used,price_bin,$20k-$30k,powertrain,Hybrid Electric (HEV),73061,0.017186427847748115
2022,Used,price_bin,$20k-$30k,powertrain,Hybrid Electric (HEV),58943,0.014158752517410488
2024,Used,price_bin,$0-$10k,powertrain,Hybrid Electric (HEV),45613,0.02679794701628804
2022,Used,price_bin,$0-$10k,powertrain,Hybrid Electric (HEV),19043,0.020372422823789187
2023,Used,price_bin,$0-$10k,powertrain,Hybrid Electric (HEV),30698,0.02432066067774293
2022,Used,price_bin,$10k-$20k,powertrain,Hybrid Electric (HEV),68857,0.02088806983216921
2023,Used,price_bin,$30k-$40k,powertrain,Hybrid Electric (HEV),71529,0.029930280259798298
2024,Used,price_bin,$30k-$40k,powertrain,Hybrid Electric (HEV),77215,0.03630957587180131
2022,Used,price_bin,$30k-$40k,powertrain,Hybrid Electric (HEV),52046,0.01936071618951822
2024,Used,price_bin,$40k-$50k,powertrain,Hybrid Electric (HEV),31929,0.03689840313779148
2022,Used,price_bin,$50k-$60k,powertrain,Hybrid Electric (HEV),18103,0.02944611440766188
2023,Used,price_bin,$40k-$50k,powertrain,Hybrid Electric (HEV),39754,0.03727862475876827
2022,Used,price_bin,$40k-$50k,powertrain,Hybrid Electric (HEV),45568,0.031665092723657993
2022,Used,price_bin,$70k+,powertrain,Hybrid Electric (HEV),2536,0.007313478891558065
2024,Used,price_bin,$70k+,powertrain,Hybrid Electric (HEV),1297,0.007744254503549698
2023,Used,price_bin,$60k-$70k,powertrain,Hybrid Electric (HEV),3023,0.013080634343696588
2024,Used,price_bin,$50k-$60k,powertrain,Hybrid Electric (HEV),8097,0.022428803714034832
2023,Used,price_bin,$50k-$60k,powertrain,Hybrid Electric (HEV),14492,0.0320437982027878
2022,Used,price_bin,$60k-$70k,powertrain,Hybrid Electric (HEV),6759,0.022219154035049656
2023,Used,price_bin,$70k+,powertrain,Hybrid Electric (HEV),1552,0.00637076018110692
2024,Used,price_bin,$60k-$70k,powertrain,Hybrid Electric (HEV),2678,0.014443120102255996
2019,Used,price_bin,$20k-$30k,powertrain,Plug-In Hybrid Electric (PHEV),13220,0.004432509675578514
2019,Used,price_bin,$10k-$20k,powertrain,Plug-In Hybrid Electric (PHEV),11870,0.003338550697734595
2018,Used,price_bin,$10k-$20k,powertrain,Plug-In Hybrid Electric (PHEV),7744,0.002331000226056453
2020,Used,price_bin,$10k-$20k,powertrain,Plug-In Hybrid Electric (PHEV),11751,0.0033194024454146005
2021,Used,price_bin,$10k-$20k,powertrain,Plug-In Hybrid Electric (PHEV),10270,0.003495625192735907
2018,Used,price_bin,$20k-$30k,powertrain,Plug-In Hybrid Electric (PHEV),8094,0.0029974802501085075
2020,Used,price_bin,$20k-$30k,powertrain,Plug-In Hybrid Electric (PHEV),13162,0.004441419459032275
2019,Used,price_bin,$70k+,powertrain,Plug-In Hybrid Electric (PHEV),1550,0.01689299649061621
2020,Used,price_bin,$60k-$70k,powertrain,Plug-In Hybrid Electric (PHEV),324,0.002589265735383435
2020,Used,price_bin,$70k+,powertrain,Plug-In Hybrid Electric (PHEV),2017,0.01934549500297328
2020,Used,price_bin,$30k-$40k,powertrain,Plug-In Hybrid Electric (PHEV),2336,0.0014636169634208538
2019,Used,price_bin,$30k-$40k,powertrain,Plug-In Hybrid Electric (PHEV),2669,0.0016650332413998756
2021,Used,price_bin,$20k-$30k,powertrain,Plug-In Hybrid Electric (PHEV),18145,0.005727420249342427
2018,Used,price_bin,$30k-$40k,powertrain,Plug-In Hybrid Electric (PHEV),2181,0.001471970800850652
2018,Used,price_bin,$40k-$50k,powertrain,Plug-In Hybrid Electric (PHEV),544,8.381880961882472e-4
2021,Used,price_bin,$30k-$40k,powertrain,Plug-In Hybrid Electric (PHEV),3925,0.001959353278634513
2019,Used,price_bin,$40k-$50k,powertrain,Plug-In Hybrid Electric (PHEV),1276,0.0018797075552164095
2021,Used,price_bin,$40k-$50k,powertrain,Plug-In Hybrid Electric (PHEV),2751,0.0022808108444223357
2021,Used,price_bin,$70k+,powertrain,Plug-In Hybrid Electric (PHEV),4007,0.015671075582532244
2019,Used,price_bin,$0-$10k,powertrain,Plug-In Hybrid Electric (PHEV),350,3.797808989739405e-4
2018,Used,price_bin,$70k+,powertrain,Plug-In Hybrid Electric (PHEV),1361,0.016289062032482378
2020,Used,price_bin,$0-$10k,powertrain,Plug-In Hybrid Electric (PHEV),725,6.688512733083137e-4
2021,Used,price_bin,$0-$10k,powertrain,Plug-In Hybrid Electric (PHEV),759,9.497139596690641e-4
2020,Used,price_bin,$40k-$50k,powertrain,Plug-In Hybrid Electric (PHEV),2121,0.00266988916372425
2019,Used,price_bin,$50k-$60k,powertrain,Plug-In Hybrid Electric (PHEV),776,0.0026887029433674617
2018,Used,price_bin,$0-$10k,powertrain,Plug-In Hybrid Electric (PHEV),107,1.1475466096968761e-4
2018,Used,price_bin,$50k-$60k,powertrain,Plug-In Hybrid Electric (PHEV),291,0.0011253857636767243
2021,Used,price_bin,$50k-$60k,powertrain,Plug-In Hybrid Electric (PHEV),1079,0.0020397553805873514
2018,Used,price_bin,$60k-$70k,powertrain,Plug-In Hybrid Electric (PHEV),401,0.0034652609747666784
2019,Used,price_bin,$60k-$70k,powertrain,Plug-In Hybrid Electric (PHEV),542,0.004667143140074571
2020,Used,price_bin,$50k-$60k,powertrain,Plug-In Hybrid Electric (PHEV),732,0.0023022487812549143
2023,Used,price_bin,$0-$10k,powertrain,Plug-In Hybrid Electric (PHEV),1379,0.0010925203946383314
2023,Used,price_bin,$10k-$20k,powertrain,Plug-In Hybrid Electric (PHEV),11723,0.0029331221625489615
2022,Used,price_bin,$10k-$20k,powertrain,Plug-In Hybrid Electric (PHEV),6376,0.0019341872758021827
2024,Used,price_bin,$10k-$20k,powertrain,Plug-In Hybrid Electric (PHEV),14138,0.003095056185186726
2022,Used,price_bin,$20k-$30k,powertrain,Plug-In Hybrid Electric (PHEV),12619,0.0030312216551109197
2022,Used,price_bin,$70k+,powertrain,Plug-In Hybrid Electric (PHEV),6086,0.017551195794172865
2024,Used,price_bin,$40k-$50k,powertrain,Plug-In Hybrid Electric (PHEV),9313,0.010762467613212192
2022,Used,price_bin,$30k-$40k,powertrain,Plug-In Hybrid Electric (PHEV),8194,0.0030481056845273855
2023,Used,price_bin,$20k-$30k,powertrain,Plug-In Hybrid Electric (PHEV),14451,0.0033993658563092216
2024,Used,price_bin,$0-$10k,powertrain,Plug-In Hybrid Electric (PHEV),3252,0.0019105720671073751
2024,Used,price_bin,$20k-$30k,powertrain,Plug-In Hybrid Electric (PHEV),12493,0.002857701646615329
2023,Used,price_bin,$30k-$40k,powertrain,Plug-In Hybrid Electric (PHEV),5732,0.0023984728774226376
2023,Used,price_bin,$50k-$60k,powertrain,Plug-In Hybrid Electric (PHEV),4739,0.010478578504210004
2022,Used,price_bin,$40k-$50k,powertrain,Plug-In Hybrid Electric (PHEV),3032,0.0021069294491338447
2023,Used,price_bin,$60k-$70k,powertrain,Plug-In Hybrid Electric (PHEV),4242,0.018355293048614267
2022,Used,price_bin,$0-$10k,powertrain,Plug-In Hybrid Electric (PHEV),321,3.434095324495263e-4
2024,Used,price_bin,$30k-$40k,powertrain,Plug-In Hybrid Electric (PHEV),7060,0.003319893876253542
2023,Used,price_bin,$40k-$50k,powertrain,Plug-In Hybrid Electric (PHEV),2742,0.002571262994630543
2023,Used,price_bin,$70k+,powertrain,Plug-In Hybrid Electric (PHEV),2728,0.011198088771945667
2022,Used,price_bin,$50k-$60k,powertrain,Plug-In Hybrid Electric (PHEV),1094,0.0017794867790963981
2024,Used,price_bin,$50k-$60k,powertrain,Plug-In Hybrid Electric (PHEV),4112,0.011390297748809586
2022,Used,price_bin,$60k-$70k,powertrain,Plug-In Hybrid Electric (PHEV),1342,0.004411614841697979
2024,Used,price_bin,$70k+,powertrain,Plug-In Hybrid Electric (PHEV),1771,0.010574460081562464
2024,Used,price_bin,$60k-$70k,powertrain,Plug-In Hybrid Electric (PHEV),1475,0.007955041878576399
2017,Used,price_bin,$70k+,powertrain,Plug-In Hybrid Electric (PHEV),1296,0.012422241179346106
2016,Used,price_bin,$70k+,powertrain,Plug-In Hybrid Electric (PHEV),879,0.010379029401346086
2017,Used,price_bin,$60k-$70k,powertrain,Plug-In Hybrid Electric (PHEV),227,0.0015428952054701412
2017,Used,price_bin,$20k-$30k,powertrain,Plug-In Hybrid Electric (PHEV),10828,0.003237614212014096
2017,Used,price_bin,$50k-$60k,powertrain,Plug-In Hybrid Electric (PHEV),167,5.174748466942033e-4
2016,Used,price_bin,$50k-$60k,powertrain,Plug-In Hybrid Electric (PHEV),146,5.226923669014009e-4
2021,Used,price_bin,$60k-$70k,powertrain,Plug-In Hybrid Electric (PHEV),255,0.0010122984335177965
2017,Used,price_bin,$30k-$40k,powertrain,Plug-In Hybrid Electric (PHEV),1970,0.001099573956953633
2017,Used,price_bin,$10k-$20k,powertrain,Plug-In Hybrid Electric (PHEV),8319,0.001993064165453794
2016,Used,price_bin,$60k-$70k,powertrain,Plug-In Hybrid Electric (PHEV),80,6.901847106831966e-4
2016,Used,price_bin,$20k-$30k,powertrain,Plug-In Hybrid Electric (PHEV),9505,0.003335327628829442
2017,Used,price_bin,$40k-$50k,powertrain,Plug-In Hybrid Electric (PHEV),503,6.088630118746445e-4
2016,Used,price_bin,$40k-$50k,powertrain,Plug-In Hybrid Electric (PHEV),374,5.030614111545125e-4
2016,New,price_bin,$70k+,powertrain,Battery Electric (BEV),31,3.9210230075511316e-4
2024,New,price_bin,$10k-$20k,powertrain,Battery Electric (BEV),447,0.011233696061923551
2016,New,price_bin,$10k-$20k,powertrain,Battery Electric (BEV),9,4.959770748374297e-4
2024,New,price_bin,$0-$10k,powertrain,Gasoline,69,1
2016,New,price_bin,$40k-$50k,powertrain,Plug-In Hybrid Electric (PHEV),2716,0.008788676974054634
2016,New,price_bin,$50k-$60k,powertrain,Plug-In Hybrid Electric (PHEV),953,0.004325055367970083
2018,New,price_bin,$70k+,powertrain,Plug-In Hybrid Electric (PHEV),5,9.810654370646522e-6
2019,New,price_bin,$60k-$70k,powertrain,Plug-In Hybrid Electric (PHEV),2,3.6881723999306622e-6
2017,New,price_bin,$50k-$60k,powertrain,Plug-In Hybrid Electric (PHEV),685,0.002091188008486865
2016,New,price_bin,$30k-$40k,powertrain,Plug-In Hybrid Electric (PHEV),452,9.965056163673842e-4
2017,New,price_bin,$70k+,powertrain,Plug-In Hybrid Electric (PHEV),3,2.2372699340751127e-5
2017,New,price_bin,$60k-$70k,powertrain,Plug-In Hybrid Electric (PHEV),7,4.749369012402638e-5
2023,New,price_bin,$20k-$30k,powertrain,Plug-In Hybrid Electric (PHEV),7,4.220276741632849e-6
2019,New,price_bin,$70k+,powertrain,Plug-In Hybrid Electric (PHEV),6,1.1243029321820471e-5
2020,New,price_bin,$70k+,powertrain,Plug-In Hybrid Electric (PHEV),1,1.9323260761606998e-6
2022,New,price_bin,$10k-$20k,powertrain,Battery Electric (BEV),3,1.9885987007821823e-4
2017,New,price_bin,$10k-$20k,powertrain,Battery Electric (BEV),2,4.634027665145161e-5
2016,New,price_bin,$10k-$20k,powertrain,Hybrid Electric (HEV),2,1.1021712774165106e-4
2016,Used,price_bin,$10k-$20k,powertrain,Plug-In Hybrid Electric (PHEV),5271,0.0016476369959679625
2016,Used,price_bin,$30k-$40k,powertrain,Plug-In Hybrid Electric (PHEV),1103,6.88948282657429e-4
2017,Used,price_bin,$0-$10k,powertrain,Plug-In Hybrid Electric (PHEV),87,7.693083122436744e-5
2016,Used,price_bin,$0-$10k,powertrain,Plug-In Hybrid Electric (PHEV),15,2.023376746005517e-5
2023,New,price_bin,$10k-$20k,powertrain,Hybrid Electric (HEV),2,2.5637738751442123e-4
2024,New,price_bin,$10k-$20k,powertrain,Hybrid Electric (HEV),2,5.026262220100022e-5
2019,New,price_bin,$10k-$20k,powertrain,Plug-In Hybrid Electric (PHEV),4,3.408693873724936e-5
2023,New,price_bin,$10k-$20k,powertrain,Battery Electric (BEV),6,7.691321625432636e-4
2023,New,price_bin,$0-$10k,powertrain,Gasoline,23,1
2022,New,price_bin,$10k-$20k,powertrain,Hybrid Electric (HEV),4,2.6514649343762427e-4
2020,New,price_bin,$50k-$60k,powertrain,Plug-In Hybrid Electric (PHEV),9,7.093556922247523e-6
2018,New,price_bin,$10k-$20k,powertrain,Plug-In Hybrid Electric (PHEV),6,3.645067616004277e-5
2016,New,price_bin,$60k-$70k,powertrain,Plug-In Hybrid Electric (PHEV),5,4.8919849718221665e-5
2018,New,price_bin,$60k-$70k,powertrain,Plug-In Hybrid Electric (PHEV),1,1.9062614971396546e-6
2022,New,price_bin,$10k-$20k,powertrain,Plug-In Hybrid Electric (PHEV),2,1.3257324671881213e-4
2017,New,price_bin,$10k-$20k,powertrain,Plug-In Hybrid Electric (PHEV),1,2.3170138325725806e-5
2016,New,price_bin,$20k-$30k,powertrain,Plug-In Hybrid Electric (PHEV),2,6.527841242900973e-6
2023,New,price_bin,$50k-$60k,vehicle_type,CUV,716683,0.44197812566487926
2024,New,price_bin,$30k-$40k,vehicle_type,CUV,2320828,0.6876368486891266
2022,New,price_bin,$40k-$50k,vehicle_type,CUV,1036773,0.503668060113338
2023,New,price_bin,$30k-$40k,vehicle_type,CUV,2211147,0.6899790866919341
2024,New,price_bin,$40k-$50k,vehicle_type,CUV,1178693,0.4904275153646981
2023,New,price_bin,$40k-$50k,vehicle_type,CUV,1188990,0.5098285392324722
2024,New,price_bin,$50k-$60k,vehicle_type,CUV,684915,0.41174564547486475
2023,New,price_bin,$60k-$70k,vehicle_type,CUV,229668,0.27978199059060865
2022,New,price_bin,$50k-$60k,vehicle_type,CUV,597971,0.4184486000536032
2022,New,price_bin,$60k-$70k,vehicle_type,CUV,181915,0.25671112290213466
2024,New,price_bin,$60k-$70k,vehicle_type,CUV,201492,0.2669553166626478
2024,New,price_bin,$70k+,vehicle_type,CUV,176894,0.1990070684218283
2024,New,price_bin,$20k-$30k,vehicle_type,CUV,926802,0.44806659295597134
2023,New,price_bin,$70k+,vehicle_type,CUV,171996,0.1843978626504164
2022,New,price_bin,$70k+,vehicle_type,CUV,146768,0.1965420869874965
2022,New,price_bin,$30k-$40k,vehicle_type,CUV,1839849,0.6628574454908124
2023,New,price_bin,$20k-$30k,vehicle_type,CUV,632654,0.38142499452871265
2022,New,price_bin,$20k-$30k,vehicle_type,CUV,431269,0.3615565571104248
2024,New,price_bin,$10k-$20k,vehicle_type,CUV,4535,0.11397049584076802
2023,New,price_bin,$10k-$20k,vehicle_type,CUV,235,0.030124343032944496
2024,New,price_bin,$70k+,vehicle_type,SUV,416810,0.4689143565576122
2023,New,price_bin,$70k+,vehicle_type,SUV,390159,0.41829162128086594
2016,New,price_bin,$30k-$40k,vehicle_type,Car,190417,0.41980444679608014
2017,New,price_bin,$20k-$30k,vehicle_type,Car,391509,0.7783417229286447
2016,New,price_bin,$20k-$30k,vehicle_type,Car,247060,0.8063842287355572
2017,New,price_bin,$30k-$40k,vehicle_type,Car,246372,0.39002474342352095
2016,New,price_bin,$40k-$50k,vehicle_type,Car,66536,0.21530317052492606
2017,New,price_bin,$70k+,vehicle_type,Car,21000,0.15660889538525788
2017,New,price_bin,$10k-$20k,vehicle_type,Car,41701,0.9662179383210918
2017,New,price_bin,$40k-$50k,vehicle_type,Car,85438,0.1882810795563479
2017,New,price_bin,$50k-$60k,vehicle_type,Car,40282,0.12297406621586555
2017,New,price_bin,$60k-$70k,vehicle_type,Car,13440,0.09118788503813065
2016,New,price_bin,$60k-$70k,vehicle_type,Car,11127,0.1088662335629305
2016,New,price_bin,$70k+,vehicle_type,Car,14962,0.18924627819025816
2016,New,price_bin,$50k-$60k,vehicle_type,Car,26801,0.12163253821297608
2016,New,price_bin,$10k-$20k,vehicle_type,Car,17260,0.9511738124104486
2018,New,price_bin,$50k-$60k,vehicle_type,Minivan,43367,0.0363486865540788
2024,New,price_bin,$70k+,vehicle_type,Minivan,2293,0.002579642090128847
2024,New,price_bin,$60k-$70k,vehicle_type,Minivan,3547,0.004699395053909892
2024,New,price_bin,$50k-$60k,vehicle_type,Minivan,58142,0.03495282672915557
2022,New,price_bin,$70k+,vehicle_type,Pickup,190069,0.2545279484058274
2024,New,price_bin,$50k-$60k,vehicle_type,Pickup,612935,0.36847392334689155
2023,New,price_bin,$60k-$70k,vehicle_type,Pickup,366785,0.44681817849581307
2024,New,price_bin,$60k-$70k,vehicle_type,Pickup,359216,0.47592272164795474
2024,New,price_bin,$70k+,vehicle_type,Pickup,209943,0.2361874397417883
2023,New,price_bin,$50k-$60k,vehicle_type,Pickup,480763,0.2964863539794084
2023,New,price_bin,$70k+,vehicle_type,Pickup,279438,0.29958702495003986
2022,New,price_bin,$60k-$70k,vehicle_type,Pickup,297455,0.41975651849959855
2024,New,price_bin,$40k-$50k,vehicle_type,Pickup,599148,0.24929194028956492
2024,New,price_bin,$60k-$70k,vehicle_type,SUV,143986,0.19076602656675207
2017,New,price_bin,$60k-$70k,vehicle_type,Minivan,1383,0.009383396205932641
2017,New,price_bin,$50k-$60k,vehicle_type,Minivan,12317,0.03760169737304046
2016,New,price_bin,$50k-$60k,vehicle_type,Minivan,7091,0.032181498021275824
2016,New,price_bin,$60k-$70k,vehicle_type,Minivan,687,0.006721587351283657
2019,New,price_bin,$50k-$60k,vehicle_type,Minivan,34881,0.028938986782861775
2018,New,price_bin,$40k-$50k,vehicle_type,Minivan,106353,0.06003237762150922
2018,New,price_bin,$60k-$70k,vehicle_type,Minivan,3531,0.006731009346400121
2017,New,price_bin,$0-$10k,vehicle_type,Car,3,0.75
2021,New,price_bin,$50k-$60k,vehicle_type,CUV,508903,0.3884574840408195
2021,New,price_bin,$60k-$70k,vehicle_type,CUV,164791,0.2769806119790572
2021,New,price_bin,$70k+,vehicle_type,CUV,120769,0.2198750323160896
2019,New,price_bin,$50k-$60k,vehicle_type,CUV,378355,0.313901847545359
2019,New,price_bin,$40k-$50k,vehicle_type,CUV,620342,0.33911793759406017
2021,New,price_bin,$40k-$50k,vehicle_type,CUV,802390,0.4741590721872455
2020,New,price_bin,$40k-$50k,vehicle_type,CUV,626257,0.3544731893909978
2020,New,price_bin,$50k-$60k,vehicle_type,CUV,397724,0.31347531481599705
2020,New,price_bin,$70k+,vehicle_type,CUV,116712,0.2255256410008676
2019,New,price_bin,$70k+,vehicle_type,CUV,133883,0.2508750824488817
2018,New,price_bin,$70k+,vehicle_type,CUV,120571,0.23657608162464436
2021,New,price_bin,$30k-$40k,vehicle_type,CUV,1423108,0.6356074861108195
2020,New,price_bin,$60k-$70k,vehicle_type,CUV,153446,0.27668766746847173
2020,New,price_bin,$30k-$40k,vehicle_type,CUV,1253110,0.5709127058613419
2019,New,price_bin,$30k-$40k,vehicle_type,CUV,1227618,0.544417298876546
2018,New,price_bin,$40k-$50k,vehicle_type,Car,304499,0.17187854553582818
2018,New,price_bin,$30k-$40k,vehicle_type,Car,687411,0.2912584459996246
2021,New,price_bin,$40k-$50k,vehicle_type,Car,191078,0.11291437729208303
2021,New,price_bin,$30k-$40k,vehicle_type,Car,579388,0.25877400040107673
2019,New,price_bin,$50k-$60k,vehicle_type,Car,123666,0.1025993732831451
2019,New,price_bin,$40k-$50k,vehicle_type,Car,240175,0.13129475460577134
2018,New,price_bin,$20k-$30k,vehicle_type,Car,1199202,0.6428248653591843
2019,New,price_bin,$30k-$40k,vehicle_type,Car,645598,0.28630626084018024
2020,New,price_bin,$30k-$40k,vehicle_type,Car,585088,0.2665641270495015
2020,New,price_bin,$20k-$30k,vehicle_type,Car,907444,0.5758755752765008
2020,New,price_bin,$50k-$60k,vehicle_type,Car,106137,0.08365431678406503
2020,New,price_bin,$40k-$50k,vehicle_type,Car,209770,0.11873374818732503
2021,New,price_bin,$50k-$60k,vehicle_type,Car,125534,0.09582301892812625
2021,New,price_bin,$20k-$30k,vehicle_type,Car,725523,0.5743127661208164
2018,New,price_bin,$50k-$60k,vehicle_type,Car,133862,0.11219839692628258
2021,New,price_bin,$70k+,vehicle_type,Car,60592,0.11031529579690566
2020,New,price_bin,$70k+,vehicle_type,Car,60449,0.11680717897783816
2018,New,price_bin,$60k-$70k,vehicle_type,Car,45556,0.0868416487636941
2019,New,price_bin,$60k-$70k,vehicle_type,Car,49285,0.09088578836529135
2020,New,price_bin,$60k-$70k,vehicle_type,Car,26607,0.047976674324085526
2021,New,price_bin,$60k-$70k,vehicle_type,Car,31899,0.05361581968384164
2019,New,price_bin,$20k-$30k,vehicle_type,Car,1041563,0.6130966956587256
2018,New,price_bin,$70k+,vehicle_type,Car,75626,0.14838810948690279
2019,New,price_bin,$70k+,vehicle_type,Car,80067,0.15003260478503327
2019,New,price_bin,$10k-$20k,vehicle_type,Car,102803,0.8760598907513614
2020,New,price_bin,$10k-$20k,vehicle_type,Car,44975,0.7358234350970191
2018,New,price_bin,$10k-$20k,vehicle_type,Car,155488,0.9446071224621216
2021,New,price_bin,$10k-$20k,vehicle_type,Car,21323,0.7283689154568744
2022,New,price_bin,$40k-$50k,vehicle_type,Pickup,487873,0.23701046178061594
2022,New,price_bin,$50k-$60k,vehicle_type,Pickup,424431,0.2970086471908351
2023,New,price_bin,$40k-$50k,vehicle_type,Pickup,565294,0.24239313556622102
2016,New,price_bin,$30k-$40k,vehicle_type,CUV,204175,0.4501361376588732
2017,New,price_bin,$30k-$40k,vehicle_type,CUV,309893,0.4905830931020781
2017,New,price_bin,$60k-$70k,vehicle_type,CUV,43225,0.2932735365158629
2016,New,price_bin,$60k-$70k,vehicle_type,CUV,24198,0.23675250469630557
2016,New,price_bin,$50k-$60k,vehicle_type,CUV,56826,0.25789674327415313
2017,New,price_bin,$50k-$60k,vehicle_type,CUV,96435,0.2943995848152275
2017,New,price_bin,$40k-$50k,vehicle_type,CUV,158188,0.3486014117004092
2017,New,price_bin,$70k+,vehicle_type,CUV,28620,0.21343555171076575
2016,New,price_bin,$70k+,vehicle_type,CUV,12608,0.15947180025549892
2016,New,price_bin,$40k-$50k,vehicle_type,CUV,97134,0.31431492974883024
2016,New,price_bin,$20k-$30k,vehicle_type,CUV,48434,0.15808473137933285
2017,New,price_bin,$20k-$30k,vehicle_type,CUV,97825,0.19448155481864957
2017,New,price_bin,$10k-$20k,vehicle_type,CUV,1393,0.03227600268773605
2016,New,price_bin,$10k-$20k,vehicle_type,CUV,867,0.04777912487600573
2020,New,price_bin,$20k-$30k,vehicle_type,CUV,614066,0.38969414201619024
2021,New,price_bin,$20k-$30k,vehicle_type,CUV,516078,0.40851934909589177
2019,New,price_bin,$20k-$30k,vehicle_type,CUV,589376,0.3469252249749243
2018,New,price_bin,$30k-$40k,vehicle_type,CUV,1311666,0.555757473811946
2018,New,price_bin,$20k-$30k,vehicle_type,CUV,577904,0.30978188911503984
2018,New,price_bin,$40k-$50k,vehicle_type,CUV,526162,0.2969991995908769
2018,New,price_bin,$60k-$70k,vehicle_type,CUV,184233,0.35119627440253
2018,New,price_bin,$50k-$60k,vehicle_type,CUV,342923,0.28742593767575264
2019,New,price_bin,$60k-$70k,vehicle_type,CUV,172480,0.3180679877700203
2020,New,price_bin,$10k-$20k,vehicle_type,CUV,16117,0.2636857432675632
2018,New,price_bin,$10k-$20k,vehicle_type,CUV,8931,0.05425683146422366
2019,New,price_bin,$10k-$20k,vehicle_type,CUV,14355,0.12232950139330362
2021,New,price_bin,$10k-$20k,vehicle_type,CUV,7941,0.2712553373185312
2024,New,price_bin,$30k-$40k,vehicle_type,Minivan,25459,0.0075432330749096764
2023,New,price_bin,$50k-$60k,vehicle_type,Minivan,58996,0.03638281011510698
2023,New,price_bin,$40k-$50k,vehicle_type,Minivan,120315,0.051590022370040865
2024,New,price_bin,$40k-$50k,vehicle_type,Minivan,147269,0.06127530218661154
2022,New,price_bin,$30k-$40k,vehicle_type,Minivan,10279,0.0037032993915261853
2023,New,price_bin,$30k-$40k,vehicle_type,Minivan,16779,0.00523581611516736
2022,New,price_bin,$50k-$60k,vehicle_type,Minivan,34393,0.024067559633566802
2022,New,price_bin,$40k-$50k,vehicle_type,Minivan,78223,0.03800101532953273
2022,New,price_bin,$60k-$70k,vehicle_type,Minivan,4185,0.005905703484294498
2023,New,price_bin,$60k-$70k,vehicle_type,Minivan,5426,0.006609963429579403
2023,New,price_bin,$70k+,vehicle_type,Minivan,1426,0.001528822485054849
2022,New,price_bin,$70k+,vehicle_type,Minivan,755,0.001011046520192139
2023,New,price_bin,$20k-$30k,vehicle_type,Minivan,17,1.0249243515394062e-5
2022,New,price_bin,$20k-$30k,vehicle_type,Minivan,30,2.5150652407923463e-5
2024,New,price_bin,$20k-$30k,vehicle_type,Minivan,13,6.284908436135903e-6
2017,New,price_bin,$70k+,vehicle_type,Pickup,31743,0.23672553172448765
2017,New,price_bin,$40k-$50k,vehicle_type,Pickup,127826,0.28169218936971524
2016,New,price_bin,$50k-$60k,vehicle_type,Pickup,86284,0.3915876992339251
2017,New,price_bin,$50k-$60k,vehicle_type,Pickup,129950,0.3967151557706104
2016,New,price_bin,$60k-$70k,vehicle_type,Pickup,46699,0.4569016123982467
2017,New,price_bin,$60k-$70k,vehicle_type,Pickup,65994,0.447756940863571
2016,New,price_bin,$40k-$50k,vehicle_type,Pickup,72125,0.2333885591876622
2016,New,price_bin,$70k+,vehicle_type,Pickup,19849,0.25105930863510456
2017,New,price_bin,$30k-$40k,vehicle_type,Pickup,39309,0.062228997772616965
2016,New,price_bin,$30k-$40k,vehicle_type,Pickup,23931,0.0527596812063891
2017,New,price_bin,$20k-$30k,vehicle_type,Pickup,5399,0.010733513053574126
2016,New,price_bin,$20k-$30k,vehicle_type,Pickup,2713,0.008855016645995169
2017,New,price_bin,$10k-$20k,vehicle_type,Pickup,12,2.7804165990870963e-4
2019,New,price_bin,$30k-$40k,vehicle_type,Pickup,236443,0.10485644508166805
2018,New,price_bin,$30k-$40k,vehicle_type,Pickup,207985,0.08812397225420007
2019,New,price_bin,$20k-$30k,vehicle_type,Pickup,27173,0.01599488126127229
2021,New,price_bin,$50k-$60k,vehicle_type,Pickup,414873,0.3166822002944901
2021,New,price_bin,$70k+,vehicle_type,Pickup,123549,0.22493636916444246
2020,New,price_bin,$40k-$50k,vehicle_type,Pickup,574523,0.3251907766116534
2018,New,price_bin,$40k-$50k,vehicle_type,Pickup,596075,0.3364625303540202
2019,New,price_bin,$40k-$50k,vehicle_type,Pickup,608141,0.3324481039271714
2020,New,price_bin,$30k-$40k,vehicle_type,Pickup,225959,0.1029461612338286
2019,New,price_bin,$50k-$60k,vehicle_type,Pickup,454428,0.3770157359525905
2018,New,price_bin,$20k-$30k,vehicle_type,Pickup,28828,0.015453072308563997
2018,New,price_bin,$60k-$70k,vehicle_type,Pickup,184214,0.35116005543408435
2018,New,price_bin,$50k-$60k,vehicle_type,Pickup,443398,0.3716405312958109
2021,New,price_bin,$30k-$40k,vehicle_type,Pickup,149876,0.06693961919147752
2021,New,price_bin,$40k-$50k,vehicle_type,Pickup,380016,0.22456415705119492
2021,New,price_bin,$60k-$70k,vehicle_type,Pickup,256940,0.43186459480128747
2020,New,price_bin,$50k-$60k,vehicle_type,Pickup,508667,0.4009175909965423
2019,New,price_bin,$60k-$70k,vehicle_type,Pickup,204471,0.3770621493931112
2020,New,price_bin,$60k-$70k,vehicle_type,Pickup,241516,0.4354919561038764
2020,New,price_bin,$70k+,vehicle_type,Pickup,118391,0.22877001648274142
2018,New,price_bin,$70k+,vehicle_type,Pickup,89203,0.17502796036495635
2019,New,price_bin,$70k+,vehicle_type,Pickup,108300,0.2029366792588595
2021,New,price_bin,$20k-$30k,vehicle_type,Pickup,9846,0.007793941053868117
2020,New,price_bin,$20k-$30k,vehicle_type,Pickup,23591,0.014971150502232567
2019,New,price_bin,$10k-$20k,vehicle_type,Pickup,50,4.260867342156169e-4
2018,New,price_bin,$10k-$20k,vehicle_type,Pickup,46,2.794551838936612e-4
2016,New,price_bin,$30k-$40k,vehicle_type,SUV,19181,0.0422875536007584
2016,New,price_bin,$40k-$50k,vehicle_type,SUV,46178,0.14942692389834128
2016,New,price_bin,$50k-$60k,vehicle_type,SUV,43342,0.19670152125766982
2016,New,price_bin,$70k+,vehicle_type,SUV,31637,0.40015937061256496
2017,New,price_bin,$60k-$70k,vehicle_type,SUV,23346,0.15839824137650282
2017,New,price_bin,$50k-$60k,vehicle_type,SUV,48581,0.14830949582525604
2017,New,price_bin,$70k+,vehicle_type,SUV,52513,0.3916191868269546
2016,New,price_bin,$20k-$30k,vehicle_type,SUV,3462,0.011299693191461584
2017,New,price_bin,$40k-$50k,vehicle_type,SUV,52699,0.11613362451766168
2016,New,price_bin,$60k-$70k,vehicle_type,SUV,19497,0.19075806199123357
2017,New,price_bin,$30k-$40k,vehicle_type,SUV,19989,0.03164403664496274
2017,New,price_bin,$20k-$30k,vehicle_type,SUV,5610,0.011152992819142591
2017,New,price_bin,$10k-$20k,vehicle_type,SUV,31,7.182742880974999e-4
2021,New,price_bin,$50k-$60k,vehicle_type,SUV,224580,0.1714271320190434
2019,New,price_bin,$40k-$50k,vehicle_type,SUV,261268,0.1428255145054259
2020,New,price_bin,$40k-$50k,vehicle_type,SUV,276040,0.15624380917018257
2020,New,price_bin,$60k-$70k,vehicle_type,SUV,131366,0.2368738978185372
2020,New,price_bin,$50k-$60k,vehicle_type,SUV,228205,0.17986501749349953
2019,New,price_bin,$60k-$70k,vehicle_type,SUV,114172,0.2105430096224418
2019,New,price_bin,$50k-$60k,vehicle_type,SUV,213999,0.1775440564360436
2021,New,price_bin,$40k-$50k,vehicle_type,SUV,235902,0.13940237720698861
2018,New,price_bin,$40k-$50k,vehicle_type,SUV,238505,0.1346273468977655
2018,New,price_bin,$60k-$70k,vehicle_type,SUV,107053,0.20407101205329145
2018,New,price_bin,$50k-$60k,vehicle_type,SUV,229533,0.19238644754807502
2021,New,price_bin,$60k-$70k,vehicle_type,SUV,134988,0.2268877478128598
2019,New,price_bin,$70k+,vehicle_type,SUV,211287,0.39591765605324697
2018,New,price_bin,$70k+,vehicle_type,SUV,224121,0.43975473364073386
2020,New,price_bin,$70k+,vehicle_type,SUV,221668,0.42833485665039006
2019,New,price_bin,$30k-$40k,vehicle_type,SUV,105160,0.04663578014484765
2020,New,price_bin,$30k-$40k,vehicle_type,SUV,96294,0.04387122287605402
2021,New,price_bin,$30k-$40k,vehicle_type,SUV,71742,0.03204236942562505
2021,New,price_bin,$70k+,vehicle_type,SUV,243948,0.4441377703172621
2018,New,price_bin,$30k-$40k,vehicle_type,SUV,101156,0.042860151151986256
2018,New,price_bin,$20k-$30k,vehicle_type,SUV,43015,0.023057926507315123
2019,New,price_bin,$20k-$30k,vehicle_type,SUV,33626,0.019793319739872008
2021,New,price_bin,$20k-$30k,vehicle_type,SUV,10384,0.00821981351852189
2020,New,price_bin,$20k-$30k,vehicle_type,SUV,23834,0.01512536141198809
2021,New,price_bin,$10k-$20k,vehicle_type,SUV,11,3.757472245943638e-4
2018,New,price_bin,$10k-$20k,vehicle_type,SUV,80,4.860090154672369e-4
2019,New,price_bin,$10k-$20k,vehicle_type,SUV,120,0.0010226081621174806
2020,New,price_bin,$10k-$20k,vehicle_type,SUV,9,1.4724649062530676e-4
2022,New,price_bin,$70k+,vehicle_type,SUV,339153,0.4541714708115557
2024,New,price_bin,$40k-$50k,vehicle_type,SUV,292753,0.12180790621948333
2022,New,price_bin,$60k-$70k,vehicle_type,SUV,183050,0.25831278919954787
2022,New,price_bin,$50k-$60k,vehicle_type,SUV,263406,0.18432645052305113
2023,New,price_bin,$60k-$70k,vehicle_type,SUV,165819,0.2020010184167761
2022,New,price_bin,$40k-$50k,vehicle_type,SUV,252099,0.12247060280940224
2023,New,price_bin,$50k-$60k,vehicle_type,SUV,236812,0.14604186773643493
2023,New,price_bin,$40k-$50k,vehicle_type,SUV,251032,0.10764033159286955
2023,New,price_bin,$30k-$40k,vehicle_type,SUV,23798,0.007426065433503356
2024,New,price_bin,$50k-$60k,vehicle_type,SUV,213715,0.12847757841872454
2022,New,price_bin,$30k-$40k,vehicle_type,SUV,28416,0.010237664705672543
2024,New,price_bin,$30k-$40k,vehicle_type,SUV,39525,0.011710840460576022
2020,New,price_bin,$10k-$20k,vehicle_type,Pickup,9,1.4724649062530676e-4
2022,New,price_bin,$30k-$40k,vehicle_type,Pickup,228813,0.08243633073969073
2024,New,price_bin,$30k-$40k,vehicle_type,Pickup,250960,0.0743568000502507
2023,New,price_bin,$30k-$40k,vehicle_type,Pickup,197862,0.06174200179863187
2022,New,price_bin,$20k-$30k,vehicle_type,Pickup,33472,0.02806142124660047
2024,New,price_bin,$20k-$30k,vehicle_type,Pickup,44935,0.021724027736751292
2023,New,price_bin,$20k-$30k,vehicle_type,Pickup,34816,0.02099045071952704
2022,New,price_bin,$10k-$20k,vehicle_type,Pickup,5,3.3143311679703034e-4
2022,New,price_bin,$20k-$30k,vehicle_type,SUV,253,2.121038353068212e-4
2023,New,price_bin,$20k-$30k,vehicle_type,SUV,210,1.2660830224898547e-4
2024,New,price_bin,$20k-$30k,vehicle_type,SUV,296,1.4310253054586363e-4
2024,New,price_bin,$20k-$30k,vehicle_type,Car,1096401,0.5300599918682954
2023,New,price_bin,$20k-$30k,vehicle_type,Car,990962,0.5974476972059959
2022,New,price_bin,$20k-$30k,vehicle_type,Car,727788,0.61014476715526
2022,New,price_bin,$40k-$50k,vehicle_type,Car,203477,0.0988498599671111
2022,New,price_bin,$30k-$40k,vehicle_type,Car,668276,0.24076525967229817
2022,New,price_bin,$50k-$60k,vehicle_type,Car,108818,0.07614874259894375
2022,New,price_bin,$60k-$70k,vehicle_type,Car,42032,0.05931386591442445
2023,New,price_bin,$40k-$50k,vehicle_type,Car,206506,0.08854797123839638
2023,New,price_bin,$60k-$70k,vehicle_type,Car,53184,0.06478884906722282
2023,New,price_bin,$70k+,vehicle_type,Car,89725,0.09619466863362294
2024,New,price_bin,$50k-$60k,vehicle_type,Car,93735,0.05635002603036355
2023,New,price_bin,$50k-$60k,vehicle_type,Car,128281,0.07911084250417043
2024,New,price_bin,$40k-$50k,vehicle_type,Car,185536,0.07719733593964215
2023,New,price_bin,$30k-$40k,vehicle_type,Car,755072,0.23561702996076336
2022,New,price_bin,$70k+,vehicle_type,Car,70006,0.09374744727492833
2024,New,price_bin,$70k+,vehicle_type,Car,82943,0.09331149318864237
2024,New,price_bin,$60k-$70k,vehicle_type,Car,46537,0.061656540068735444
2024,New,price_bin,$30k-$40k,vehicle_type,Car,738306,0.21875227772513703
2024,New,price_bin,$10k-$20k,vehicle_type,Car,35254,0.885979241537031
2023,New,price_bin,$10k-$20k,vehicle_type,Car,7546,0.9673118830919113
2022,New,price_bin,$10k-$20k,vehicle_type,Car,14813,0.9819037518228821
2022,New,price_bin,$10k-$20k,vehicle_type,CUV,267,0.01769852843696142
2023,New,price_bin,$0-$10k,vehicle_type,Car,1,0.043478260869565216
2017,New,price_bin,$20k-$30k,vehicle_type,Minivan,2661,0.005290216379989026
2017,New,price_bin,$30k-$40k,vehicle_type,Minivan,16120,0.025519129056821223
2016,New,price_bin,$20k-$30k,vehicle_type,Minivan,4711,0.015376330047653241
2016,New,price_bin,$30k-$40k,vehicle_type,Minivan,15881,0.03501218073789918
2016,New,price_bin,$40k-$50k,vehicle_type,Minivan,27061,0.08756641664024023
2017,New,price_bin,$40k-$50k,vehicle_type,Minivan,29628,0.06529169485586596
2016,New,price_bin,$10k-$20k,vehicle_type,Minivan,18,9.919541496748595e-4
2017,New,price_bin,$70k+,vehicle_type,Minivan,216,0.0016108343525340811
2017,New,price_bin,$10k-$20k,vehicle_type,Minivan,22,5.097430431659677e-4
2018,New,price_bin,$20k-$30k,vehicle_type,Minivan,16570,0.008882246709896817
2019,New,price_bin,$30k-$40k,vehicle_type,Minivan,40102,0.017784215056758087
2018,New,price_bin,$30k-$40k,vehicle_type,Minivan,51923,0.021999956782243094
2020,New,price_bin,$30k-$40k,vehicle_type,Minivan,34473,0.015705782979273997
2020,New,price_bin,$20k-$30k,vehicle_type,Minivan,6829,0.004333770793088305
2021,New,price_bin,$20k-$30k,vehicle_type,Minivan,1458,0.0011541302109018602
2021,New,price_bin,$30k-$40k,vehicle_type,Minivan,14859,0.006636524871001124
2019,New,price_bin,$20k-$30k,vehicle_type,Minivan,7118,0.004189878365205762
2021,New,price_bin,$40k-$50k,vehicle_type,Minivan,82852,0.0489600162624879
2020,New,price_bin,$50k-$60k,vehicle_type,Minivan,28024,0.022087759909896063
2019,New,price_bin,$40k-$50k,vehicle_type,Minivan,99355,0.054313689367571194
2020,New,price_bin,$40k-$50k,vehicle_type,Minivan,80136,0.045358476639841154
2020,New,price_bin,$10k-$20k,vehicle_type,Minivan,12,1.963286541670757e-4
2018,New,price_bin,$70k+,vehicle_type,Minivan,129,2.5311488276268026e-4
2019,New,price_bin,$60k-$70k,vehicle_type,Minivan,1866,0.003441064849135308
2024,New,price_bin,$0-$10k,vehicle_type,CUV,65,0.9420289855072463
2016,Used,price_bin,$10k-$20k,vehicle_type,Car,2049105,0.6405200543773348
2016,Used,price_bin,$70k+,vehicle_type,Car,22929,0.27074034714842365
2017,Used,price_bin,$70k+,vehicle_type,Car,26564,0.25461760392604166
2017,Used,price_bin,$20k-$30k,vehicle_type,Car,1183027,0.35372968492763207
2017,Used,price_bin,$0-$10k,vehicle_type,Car,594532,0.5257223097642025
2017,Used,price_bin,$60k-$70k,vehicle_type,Car,22694,0.15424873917594442
2017,Used,price_bin,$50k-$60k,vehicle_type,Car,48154,0.14921247765097406
2016,Used,price_bin,$60k-$70k,vehicle_type,Car,21597,0.18632398995781246
2017,Used,price_bin,$10k-$20k,vehicle_type,Car,2562963,0.614034104181266
2017,Used,price_bin,$30k-$40k,vehicle_type,Car,350254,0.19549755163392782
2016,Used,price_bin,$0-$10k,vehicle_type,Car,372534,0.5025177551309462
2016,Used,price_bin,$20k-$30k,vehicle_type,Car,1156472,0.40580883888139324
2016,Used,price_bin,$30k-$40k,vehicle_type,Car,347842,0.2172666804497964
2017,Used,price_bin,$40k-$50k,vehicle_type,Car,119284,0.14438889763112342
2016,Used,price_bin,$50k-$60k,vehicle_type,Car,46617,0.16689280868385345
2016,Used,price_bin,$40k-$50k,vehicle_type,Car,125233,0.16844890294950016
2018,Used,price_bin,$10k-$20k,vehicle_type,Car,2034078,0.6122722466188607
2021,Used,price_bin,$50k-$60k,vehicle_type,Car,57094,0.10793122678336815
2020,Used,price_bin,$40k-$50k,vehicle_type,Car,83228,0.10476640043302304
2020,Used,price_bin,$0-$10k,vehicle_type,Car,608419,0.5612990660068564
2021,Used,price_bin,$20k-$30k,vehicle_type,Car,1262737,0.3985795240228112
2018,Used,price_bin,$20k-$30k,vehicle_type,Car,964118,0.3570453006886724
2021,Used,price_bin,$0-$10k,vehicle_type,Car,462859,0.5791615990230083
2020,Used,price_bin,$10k-$20k,vehicle_type,Car,1971892,0.5570166902300644
2019,Used,price_bin,$10k-$20k,vehicle_type,Car,2114043,0.5945947542283856
2021,Used,price_bin,$10k-$20k,vehicle_type,Car,1613192,0.5490861339746859
2021,Used,price_bin,$30k-$40k,vehicle_type,Car,402235,0.20079502319275244
2020,Used,price_bin,$20k-$30k,vehicle_type,Car,998530,0.336946556178962
2021,Used,price_bin,$40k-$50k,vehicle_type,Car,135952,0.1127156655474029
2021,Used,price_bin,$70k+,vehicle_type,Car,39535,0.1546184110694815
2019,Used,price_bin,$20k-$30k,vehicle_type,Car,1031343,0.3457971124311779
2018,Used,price_bin,$0-$10k,vehicle_type,Car,504587,0.5411561692963716
2020,Used,price_bin,$50k-$60k,vehicle_type,Car,36517,0.11485139172825916
2018,Used,price_bin,$50k-$60k,vehicle_type,Car,32063,0.12399740117101997
2020,Used,price_bin,$30k-$40k,vehicle_type,Car,243214,0.15238533225232856
2019,Used,price_bin,$70k+,vehicle_type,Car,23547,0.25663186346099354
2018,Used,price_bin,$60k-$70k,vehicle_type,Car,18989,0.16409436571033528
2019,Used,price_bin,$50k-$60k,vehicle_type,Car,38296,0.13268887618453648
2020,Used,price_bin,$60k-$70k,vehicle_type,Car,18618,0.14878688105360738
2021,Used,price_bin,$60k-$70k,vehicle_type,Car,27008,0.10721629840175942
2020,Used,price_bin,$70k+,vehicle_type,Car,20782,0.19932477796320808
2019,Used,price_bin,$0-$10k,vehicle_type,Car,511816,0.5553655445407039
2019,Used,price_bin,$30k-$40k,vehicle_type,Car,261423,0.16308654367421493
2019,Used,price_bin,$40k-$50k,vehicle_type,Car,76932,0.11333045582908215
2018,Used,price_bin,$30k-$40k,vehicle_type,Car,273555,0.1846240130337919
2018,Used,price_bin,$70k+,vehicle_type,Car,21661,0.2592486206360035
2019,Used,price_bin,$60k-$70k,vehicle_type,Car,22105,0.19034538581429591
2018,Used,price_bin,$40k-$50k,vehicle_type,Car,84887,0.13079278110502157
2023,Used,price_bin,$20k-$30k,vehicle_type,Car,1347921,0.31707678530220623
2024,Used,price_bin,$20k-$30k,vehicle_type,Car,1109743,0.2538473063651513
2023,Used,price_bin,$0-$10k,vehicle_type,Car,651560,0.5162020219945984
2024,Used,price_bin,$30k-$40k,vehicle_type,Car,243811,0.11464966655286861
2024,Used,price_bin,$60k-$70k,vehicle_type,Car,20615,0.11118182259447623
2023,Used,price_bin,$70k+,vehicle_type,Car,41739,0.17133322113351915
2024,Used,price_bin,$50k-$60k,vehicle_type,Car,30808,0.08533859266666483
2022,Used,price_bin,$70k+,vehicle_type,Car,52236,0.15064151552816527
2022,Used,price_bin,$60k-$70k,vehicle_type,Car,33669,0.11068156490695175
2023,Used,price_bin,$60k-$70k,vehicle_type,Car,18745,0.08111031782090392
2023,Used,price_bin,$40k-$50k,vehicle_type,Car,108388,0.10163896916922512
2024,Used,price_bin,$40k-$50k,vehicle_type,Car,85652,0.09898280640039199
2023,Used,price_bin,$10k-$20k,vehicle_type,Car,1796290,0.44943598134991675
2022,Used,price_bin,$20k-$30k,vehicle_type,Car,1544760,0.3710682275892816
2022,Used,price_bin,$30k-$40k,vehicle_type,Car,529350,0.1969141742866209
2024,Used,price_bin,$10k-$20k,vehicle_type,Car,1785720,0.3909254301182374
2023,Used,price_bin,$30k-$40k,vehicle_type,Car,361680,0.1513397889578192
2023,Used,price_bin,$50k-$60k,vehicle_type,Car,39931,0.08829291374796576
2022,Used,price_bin,$10k-$20k,vehicle_type,Car,1615067,0.48993758484441713
2022,Used,price_bin,$0-$10k,vehicle_type,Car,481353,0.5149570363650369
2022,Used,price_bin,$50k-$60k,vehicle_type,Car,70609,0.11485172027899229
2022,Used,price_bin,$40k-$50k,vehicle_type,Car,173063,0.12026105912119084
2024,Used,price_bin,$70k+,vehicle_type,Car,34126,0.20376285982123132
2024,Used,price_bin,$0-$10k,vehicle_type,Car,844023,0.4958692397897196
2024,Used,price_bin,$60k-$70k,vehicle_type,Pickup,78907,0.42556507763581547
2024,Used,price_bin,$50k-$60k,vehicle_type,Pickup,162475,0.4500580317942212
2024,Used,price_bin,$70k+,vehicle_type,Pickup,53852,0.3215447906901761
2024,Used,price_bin,$40k-$50k,vehicle_type,Pickup,370685,0.4283781066470054
2022,Used,price_bin,$70k+,vehicle_type,Pickup,140254,0.4044734497068552
2023,Used,price_bin,$70k+,vehicle_type,Pickup,90203,0.3702717014280847
2023,Used,price_bin,$60k-$70k,vehicle_type,Pickup,106260,0.45979100408905044
2023,Used,price_bin,$50k-$60k,vehicle_type,Pickup,212037,0.468842867756315
2024,Used,price_bin,$30k-$40k,vehicle_type,Pickup,745327,0.3504825131878787
2023,Used,price_bin,$40k-$50k,vehicle_type,Pickup,446055,0.4182803483114248
2022,Used,price_bin,$50k-$60k,vehicle_type,Pickup,281721,0.4582438710181137
2017,Used,price_bin,$30k-$40k,vehicle_type,Minivan,67994,0.037951488136601694
2016,Used,price_bin,$30k-$40k,vehicle_type,Minivan,65157,0.04069791772720771
2017,Used,price_bin,$20k-$30k,vehicle_type,Minivan,178087,0.05324870725664521
2017,Used,price_bin,$50k-$60k,vehicle_type,Minivan,1333,0.004130502818223791
2017,Used,price_bin,$60k-$70k,vehicle_type,Minivan,335,0.002276959884724658
2016,Used,price_bin,$20k-$30k,vehicle_type,Minivan,149714,0.05253500690400537
2016,Used,price_bin,$40k-$50k,vehicle_type,Minivan,9700,0.013047314674328264
2017,Used,price_bin,$0-$10k,vehicle_type,Minivan,104512,0.09241603486116196
2017,Used,price_bin,$10k-$20k,vehicle_type,Minivan,137762,0.0330049892488575
2017,Used,price_bin,$40k-$50k,vehicle_type,Minivan,11304,0.013683076513381671
2016,Used,price_bin,$60k-$70k,vehicle_type,Minivan,43,3.709742819922182e-4
2019,Used,price_bin,$10k-$20k,vehicle_type,Minivan,112689,0.031694855903707984
2019,Used,price_bin,$20k-$30k,vehicle_type,Minivan,137231,0.04601193156500114
2020,Used,price_bin,$20k-$30k,vehicle_type,Minivan,123279,0.04159958589044521
2020,Used,price_bin,$10k-$20k,vehicle_type,Minivan,119414,0.0337318631279669
2018,Used,price_bin,$20k-$30k,vehicle_type,Minivan,138608,0.051331201199288364
2019,Used,price_bin,$30k-$40k,vehicle_type,Minivan,54432,0.03395694619553317
2018,Used,price_bin,$40k-$50k,vehicle_type,Minivan,8815,0.013582036889520954
2021,Used,price_bin,$10k-$20k,vehicle_type,Minivan,103575,0.03525407783229032
2021,Used,price_bin,$20k-$30k,vehicle_type,Minivan,90672,0.028620371939838886
2018,Used,price_bin,$10k-$20k,vehicle_type,Minivan,103454,0.031140405137712327
2018,Used,price_bin,$30k-$40k,vehicle_type,Minivan,58273,0.03932881910956903
2019,Used,price_bin,$50k-$60k,vehicle_type,Minivan,784,0.002716421530412487
2020,Used,price_bin,$40k-$50k,vehicle_type,Minivan,7949,0.010006105121378624
2020,Used,price_bin,$50k-$60k,vehicle_type,Minivan,735,0.0023116842270797296
2018,Used,price_bin,$60k-$70k,vehicle_type,Minivan,132,0.0011406844106463879
2022,Used,price_bin,$20k-$30k,vehicle_type,Minivan,109404,0.02628003597398804
2024,Used,price_bin,$0-$10k,vehicle_type,Minivan,90178,0.05298018692115894
2023,Used,price_bin,$10k-$20k,vehicle_type,Minivan,134136,0.03356114257405677
2022,Used,price_bin,$10k-$20k,vehicle_type,Minivan,113210,0.03434274490175111
2024,Used,price_bin,$10k-$20k,vehicle_type,Minivan,128163,0.02805712872132454
2023,Used,price_bin,$20k-$30k,vehicle_type,Minivan,101936,0.023978808243632747
2022,Used,price_bin,$0-$10k,vehicle_type,Minivan,62127,0.0664641869859555
2023,Used,price_bin,$0-$10k,vehicle_type,Minivan,76693,0.06076045440608959
2024,Used,price_bin,$20k-$30k,vehicle_type,Minivan,91850,0.021010157387466418
2024,Used,price_bin,$70k+,vehicle_type,Minivan,606,0.003618364093408726
2024,Used,price_bin,$70k+,vehicle_type,SUV,63972,0.38197027687053303
2024,Used,price_bin,$20k-$30k,vehicle_type,Pickup,726537,0.1661911455396591
2024,Used,price_bin,$10k-$20k,vehicle_type,Pickup,438111,0.09591018251155338
2023,Used,price_bin,$70k+,vehicle_type,SUV,93510,0.38384651065419334
2017,Used,price_bin,$20k-$30k,vehicle_type,CUV,1234647,0.36916426616370224
2016,Used,price_bin,$30k-$40k,vehicle_type,CUV,452097,0.2823857223432237
2017,Used,price_bin,$30k-$40k,vehicle_type,CUV,483649,0.2699532206632831
2016,Used,price_bin,$20k-$30k,vehicle_type,CUV,980201,0.3439549160553654
2016,Used,price_bin,$10k-$20k,vehicle_type,CUV,592261,0.1851320688425311
2017,Used,price_bin,$10k-$20k,vehicle_type,CUV,920362,0.22050012278463574
2017,Used,price_bin,$40k-$50k,vehicle_type,CUV,204911,0.24803723384939416
2016,Used,price_bin,$40k-$50k,vehicle_type,CUV,186718,0.2511513918929098
2016,Used,price_bin,$50k-$60k,vehicle_type,CUV,60130,0.21527049329987147
2017,Used,price_bin,$50k-$60k,vehicle_type,CUV,64422,0.19962134475289803
2017,Used,price_bin,$0-$10k,vehicle_type,CUV,198651,0.17565961555806686
2017,Used,price_bin,$60k-$70k,vehicle_type,CUV,26269,0.1785476394383046
2016,Used,price_bin,$70k+,vehicle_type,CUV,13845,0.1634785688983351
2016,Used,price_bin,$60k-$70k,vehicle_type,CUV,19017,0.16406553303827937
2017,Used,price_bin,$70k+,vehicle_type,CUV,16967,0.16262975778546712
2016,Used,price_bin,$0-$10k,vehicle_type,CUV,122199,0.16483640999008545
2021,Used,price_bin,$40k-$50k,vehicle_type,CUV,284949,0.2362467354806616
2021,Used,price_bin,$50k-$60k,vehicle_type,CUV,85196,0.16105560649167747
2020,Used,price_bin,$20k-$30k,vehicle_type,CUV,1098241,0.37059329494811316
2021,Used,price_bin,$60k-$70k,vehicle_type,CUV,27494,0.10914562012211097
2020,Used,price_bin,$70k+,vehicle_type,CUV,14313,0.13727916211083616
2021,Used,price_bin,$30k-$40k,vehicle_type,CUV,643556,0.3212620531426529
2021,Used,price_bin,$20k-$30k,vehicle_type,CUV,1215346,0.3836206828524289
2021,Used,price_bin,$10k-$20k,vehicle_type,CUV,837163,0.28494723205709543
2020,Used,price_bin,$30k-$40k,vehicle_type,CUV,417243,0.2614229163821093
2020,Used,price_bin,$40k-$50k,vehicle_type,CUV,167936,0.2113958069774614
2020,Used,price_bin,$10k-$20k,vehicle_type,CUV,964031,0.27231783327848547
2021,Used,price_bin,$70k+,vehicle_type,CUV,20454,0.07999405539433854
2020,Used,price_bin,$50k-$60k,vehicle_type,CUV,49061,0.15430413587041988
2021,Used,price_bin,$0-$10k,vehicle_type,CUV,170138,0.2128885819106393
2020,Used,price_bin,$0-$10k,vehicle_type,CUV,227812,0.2101687534826394
2018,Used,price_bin,$10k-$20k,vehicle_type,CUV,774089,0.23300640934759986
2019,Used,price_bin,$0-$10k,vehicle_type,CUV,178428,0.1936101321203493
2019,Used,price_bin,$20k-$30k,vehicle_type,CUV,1100130,0.36886058013571793
2018,Used,price_bin,$0-$10k,vehicle_type,CUV,172139,0.1846145101370192
2019,Used,price_bin,$10k-$20k,vehicle_type,CUV,886134,0.24923363807804108
2018,Used,price_bin,$20k-$30k,vehicle_type,CUV,970033,0.3592358239996919
2018,Used,price_bin,$30k-$40k,vehicle_type,CUV,370052,0.24975045336835647
2019,Used,price_bin,$30k-$40k,vehicle_type,CUV,404681,0.2524568441974309
2018,Used,price_bin,$40k-$50k,vehicle_type,CUV,141420,0.2178980892701138
2019,Used,price_bin,$40k-$50k,vehicle_type,CUV,151650,0.22339941281235776
2019,Used,price_bin,$50k-$60k,vehicle_type,CUV,59179,0.20504478284219463
2018,Used,price_bin,$50k-$60k,vehicle_type,CUV,50632,0.19580938826969038
2019,Used,price_bin,$70k+,vehicle_type,CUV,13842,0.15085990801490942
2018,Used,price_bin,$70k+,vehicle_type,CUV,12248,0.14658958984117865
2018,Used,price_bin,$60k-$70k,vehicle_type,CUV,20970,0.1812132734185966
2020,Used,price_bin,$60k-$70k,vehicle_type,CUV,17867,0.14278521880893777
2019,Used,price_bin,$60k-$70k,vehicle_type,CUV,18540,0.15964729486528145
2019,Used,price_bin,$40k-$50k,vehicle_type,Minivan,8370,0.012330056612195413
2020,Used,price_bin,$30k-$40k,vehicle_type,Minivan,47410,0.02970465763518094
2021,Used,price_bin,$40k-$50k,vehicle_type,Minivan,22691,0.01881275131617129
2019,Used,price_bin,$0-$10k,vehicle_type,Minivan,66524,0.07218441292383548
2021,Used,price_bin,$0-$10k,vehicle_type,Minivan,55842,0.06987342152284569
2021,Used,price_bin,$30k-$40k,vehicle_type,Minivan,61973,0.030936815474348196
2021,Used,price_bin,$50k-$60k,vehicle_type,Minivan,3036,0.0057392931746646884
2018,Used,price_bin,$50k-$60k,vehicle_type,Minivan,816,0.003155720904330608
2018,Used,price_bin,$0-$10k,vehicle_type,Minivan,75209,0.08065965698008631
2020,Used,price_bin,$0-$10k,vehicle_type,Minivan,72763,0.0671277588961832
2019,Used,price_bin,$70k+,vehicle_type,Minivan,286,0.0031170303202040237
2021,Used,price_bin,$60k-$70k,vehicle_type,Minivan,477,0.0018935935403450548
2020,Used,price_bin,$60k-$70k,vehicle_type,Minivan,246,0.001965923984272608
2020,Used,price_bin,$70k+,vehicle_type,Minivan,242,0.0023210757514722526
2019,Used,price_bin,$60k-$70k,vehicle_type,Minivan,233,0.00200635489231988
2016,Used,price_bin,$10k-$20k,vehicle_type,Minivan,121009,0.03782563180517685
2016,Used,price_bin,$0-$10k,vehicle_type,Minivan,84047,0.11337249691435046
2018,Used,price_bin,$70k+,vehicle_type,Minivan,187,0.0022381003674314505
2021,Used,price_bin,$70k+,vehicle_type,Minivan,177,6.922336855772917e-4
2023,Used,price_bin,$40k-$50k,vehicle_type,Minivan,22266,0.02087955573976793
2022,Used,price_bin,$30k-$40k,vehicle_type,Minivan,66153,0.024608412905606558
2023,Used,price_bin,$30k-$40k,vehicle_type,Minivan,60598,0.025356360681447487
2024,Used,price_bin,$30k-$40k,vehicle_type,Minivan,50603,0.02379555096601388
2022,Used,price_bin,$40k-$50k,vehicle_type,Minivan,31557,0.021928882792320827
2024,Used,price_bin,$40k-$50k,vehicle_type,Minivan,18616,0.021513378834699684
2023,Used,price_bin,$50k-$60k,vehicle_type,Minivan,5838,0.012908618127786032
2022,Used,price_bin,$50k-$60k,vehicle_type,Minivan,8275,0.013460011971684364
2024,Used,price_bin,$50k-$60k,vehicle_type,Minivan,3235,0.008960995432246842
2023,Used,price_bin,$60k-$70k,vehicle_type,Minivan,1422,0.006153047316154995
2022,Used,price_bin,$60k-$70k,vehicle_type,Minivan,1884,0.0061933549640529
2024,Used,price_bin,$60k-$70k,vehicle_type,Minivan,960,0.005177518781988706
2022,Used,price_bin,$70k+,vehicle_type,Minivan,497,0.001433280366366072
2023,Used,price_bin,$70k+,vehicle_type,Minivan,794,0.0032592677730662978
2016,Used,price_bin,$40k-$50k,vehicle_type,Pickup,252692,0.3398919628541606
2017,Used,price_bin,$10k-$20k,vehicle_type,Pickup,339173,0.0812589917285082
2017,Used,price_bin,$40k-$50k,vehicle_type,Pickup,311267,0.3767772626584194
2016,Used,price_bin,$50k-$60k,vehicle_type,Pickup,96882,0.3468457663708323
2017,Used,price_bin,$30k-$40k,vehicle_type,Pickup,571251,0.31884909770747205
2016,Used,price_bin,$10k-$20k,vehicle_type,Pickup,263507,0.08236840863147978
2016,Used,price_bin,$60k-$70k,vehicle_type,Pickup,39097,0.3373018954197617
2016,Used,price_bin,$30k-$40k,vehicle_type,Pickup,472786,0.2953083433948098
2017,Used,price_bin,$70k+,vehicle_type,Pickup,20714,0.19854498749149327
2016,Used,price_bin,$70k+,vehicle_type,Pickup,14071,0.16614712480812374
2017,Used,price_bin,$50k-$60k,vehicle_type,Pickup,124071,0.384452824576027
2017,Used,price_bin,$20k-$30k,vehicle_type,Pickup,447247,0.13372859655344185
2016,Used,price_bin,$20k-$30k,vehicle_type,Pickup,342689,0.12025040397642638
2016,Used,price_bin,$0-$10k,vehicle_type,Pickup,70963,0.09572325601785968
2017,Used,price_bin,$0-$10k,vehicle_type,Pickup,106022,0.09375127112724006
2017,Used,price_bin,$60k-$70k,vehicle_type,Pickup,52057,0.3538259722958553
2018,Used,price_bin,$40k-$50k,vehicle_type,Pickup,258304,0.39799143014303123
2019,Used,price_bin,$30k-$40k,vehicle_type,Pickup,576009,0.35933837854833306
2019,Used,price_bin,$20k-$30k,vehicle_type,Pickup,415225,0.13922003252965875
2021,Used,price_bin,$40k-$50k,vehicle_type,Pickup,498465,0.41326949384404926
2020,Used,price_bin,$30k-$40k,vehicle_type,Pickup,568854,0.3564145394305678
2018,Used,price_bin,$30k-$40k,vehicle_type,Pickup,498049,0.3361364444717407
2021,Used,price_bin,$30k-$40k,vehicle_type,Pickup,555639,0.27737403729610244
2020,Used,price_bin,$40k-$50k,vehicle_type,Pickup,330513,0.416045769528521
2019,Used,price_bin,$40k-$50k,vehicle_type,Pickup,268735,0.3958802585039826
2021,Used,price_bin,$50k-$60k,vehicle_type,Pickup,247691,0.46823822981748064
2020,Used,price_bin,$20k-$30k,vehicle_type,Pickup,440753,0.14872883686573868
2021,Used,price_bin,$20k-$30k,vehicle_type,Pickup,311963,0.09847027849245588
2019,Used,price_bin,$50k-$60k,vehicle_type,Pickup,99521,0.34482268766349633
2021,Used,price_bin,$60k-$70k,vehicle_type,Pickup,131953,0.523826726266564
2020,Used,price_bin,$50k-$60k,vehicle_type,Pickup,132094,0.41545526026104734
2018,Used,price_bin,$20k-$30k,vehicle_type,Pickup,357377,0.13234871501643541
2020,Used,price_bin,$60k-$70k,vehicle_type,Pickup,55361,0.44242080363136527
2020,Used,price_bin,$0-$10k,vehicle_type,Pickup,86770,0.08004996549649983
2019,Used,price_bin,$0-$10k,vehicle_type,Pickup,82211,0.0892061928158475
2018,Used,price_bin,$10k-$20k,vehicle_type,Pickup,240415,0.07236666055621928
2020,Used,price_bin,$10k-$20k,vehicle_type,Pickup,260068,0.07346356524330562
2019,Used,price_bin,$70k+,vehicle_type,Pickup,22076,0.24059986485602808
2019,Used,price_bin,$10k-$20k,vehicle_type,Pickup,246402,0.06930291230187023
2021,Used,price_bin,$10k-$20k,vehicle_type,Pickup,191245,0.06509453164408749
2018,Used,price_bin,$50k-$60k,vehicle_type,Pickup,95971,0.3711491310165598
2021,Used,price_bin,$70k+,vehicle_type,Pickup,118148,0.46206794058523076
2021,Used,price_bin,$0-$10k,vehicle_type,Pickup,50438,0.06311155823160508
2018,Used,price_bin,$60k-$70k,vehicle_type,Pickup,39450,0.3409090909090909
2018,Used,price_bin,$0-$10k,vehicle_type,Pickup,86039,0.09227454462776591
2020,Used,price_bin,$70k+,vehicle_type,Pickup,32704,0.3136713280006138
2019,Used,price_bin,$60k-$70k,vehicle_type,Pickup,42846,0.36894541509157763
2018,Used,price_bin,$70k+,vehicle_type,Pickup,19994,0.2392972125477242
2017,Used,price_bin,$40k-$50k,vehicle_type,SUV,179364,0.21711352934768136
2017,Used,price_bin,$30k-$40k,vehicle_type,SUV,318455,0.17774864185871536
2016,Used,price_bin,$30k-$40k,vehicle_type,SUV,263109,0.16434133608496237
2017,Used,price_bin,$20k-$30k,vehicle_type,SUV,301430,0.0901287450985786
2017,Used,price_bin,$0-$10k,vehicle_type,SUV,127169,0.11245076868932855
2017,Used,price_bin,$10k-$20k,vehicle_type,SUV,213715,0.05120179205673249
2016,Used,price_bin,$40k-$50k,vehicle_type,SUV,169105,0.22746042762910115
2016,Used,price_bin,$10k-$20k,vehicle_type,SUV,173245,0.05415383634347745
2016,Used,price_bin,$20k-$30k,vehicle_type,SUV,220719,0.07745083418280964
2016,Used,price_bin,$60k-$70k,vehicle_type,SUV,36157,0.31193760730215425
2017,Used,price_bin,$70k+,vehicle_type,SUV,39723,0.38074744318454123
2017,Used,price_bin,$60k-$70k,vehicle_type,SUV,45771,0.3111006892051711
2017,Used,price_bin,$50k-$60k,vehicle_type,SUV,84741,0.26258285020187716
2016,Used,price_bin,$0-$10k,vehicle_type,SUV,91592,0.12355008194675822
2016,Used,price_bin,$50k-$60k,vehicle_type,SUV,75003,0.26851709311442307
2016,Used,price_bin,$70k+,vehicle_type,SUV,33785,0.3989254929743771
2019,Used,price_bin,$40k-$50k,vehicle_type,SUV,173142,0.2550598162423821
2021,Used,price_bin,$40k-$50k,vehicle_type,SUV,264093,0.21895535381171496
2019,Used,price_bin,$20k-$30k,vehicle_type,SUV,298580,0.10011034333844425
2018,Used,price_bin,$40k-$50k,vehicle_type,SUV,155593,0.2397356625923124
2018,Used,price_bin,$30k-$40k,vehicle_type,SUV,281758,0.19016027001654195
2019,Used,price_bin,$50k-$60k,vehicle_type,SUV,90835,0.3147272317793601
2019,Used,price_bin,$30k-$40k,vehicle_type,SUV,306426,0.19116128738448793
2018,Used,price_bin,$50k-$60k,vehicle_type,SUV,79096,0.30588835863839925
2019,Used,price_bin,$10k-$20k,vehicle_type,SUV,196167,0.05517383948799514
2021,Used,price_bin,$50k-$60k,vehicle_type,SUV,135968,0.25703564373280907
2019,Used,price_bin,$60k-$70k,vehicle_type,SUV,32407,0.27905554933652515
2018,Used,price_bin,$10k-$20k,vehicle_type,SUV,170143,0.05121427833960783
2021,Used,price_bin,$30k-$40k,vehicle_type,SUV,339809,0.169632070894144
2021,Used,price_bin,$0-$10k,vehicle_type,SUV,59911,0.07496483931190158
2020,Used,price_bin,$30k-$40k,vehicle_type,SUV,319325,0.2000725542998134
2020,Used,price_bin,$20k-$30k,vehicle_type,SUV,302664,0.10213172611674097
2021,Used,price_bin,$20k-$30k,vehicle_type,SUV,287375,0.09070914269246515
2020,Used,price_bin,$50k-$60k,vehicle_type,SUV,99543,0.3130775279131939
2018,Used,price_bin,$20k-$30k,vehicle_type,SUV,270132,0.10003895909591196
2019,Used,price_bin,$0-$10k,vehicle_type,SUV,82605,0.08963371759926388
2020,Used,price_bin,$70k+,vehicle_type,SUV,36221,0.3474036561738697
2020,Used,price_bin,$40k-$50k,vehicle_type,SUV,204789,0.2577859179396159
2019,Used,price_bin,$70k+,vehicle_type,SUV,32003,0.34879133334786494
2018,Used,price_bin,$60k-$70k,vehicle_type,SUV,36179,0.3126425855513308
2018,Used,price_bin,$70k+,vehicle_type,SUV,29463,0.3526264766076622
2021,Used,price_bin,$60k-$70k,vehicle_type,SUV,64970,0.2579177616692206
2021,Used,price_bin,$70k+,vehicle_type,SUV,77380,0.3026273592653719
2020,Used,price_bin,$60k-$70k,vehicle_type,SUV,33040,0.26404117252181697
2020,Used,price_bin,$10k-$20k,vehicle_type,SUV,224690,0.06347004812017756
2021,Used,price_bin,$10k-$20k,vehicle_type,SUV,192783,0.06561802449184093
2020,Used,price_bin,$0-$10k,vehicle_type,SUV,88184,0.08135445611782115
2018,Used,price_bin,$0-$10k,vehicle_type,SUV,94450,0.10129511895875697
2023,Used,price_bin,$20k-$30k,vehicle_type,Pickup,542752,0.1276736985152268
2023,Used,price_bin,$10k-$20k,vehicle_type,Pickup,347619,0.08697509110493111
2022,Used,price_bin,$20k-$30k,vehicle_type,Pickup,448540,0.10774420803419066
2022,Used,price_bin,$30k-$40k,vehicle_type,Pickup,689538,0.2565028920548748
2022,Used,price_bin,$10k-$20k,vehicle_type,Pickup,298171,0.09045146709742984
2022,Used,price_bin,$40k-$50k,vehicle_type,Pickup,555732,0.38617681946769455
2023,Used,price_bin,$30k-$40k,vehicle_type,Pickup,719046,0.3008744467235237
2022,Used,price_bin,$60k-$70k,vehicle_type,Pickup,148318,0.48757219827940446
2022,Used,price_bin,$0-$10k,vehicle_type,Pickup,79891,0.08546832073808444
2023,Used,price_bin,$0-$10k,vehicle_type,Pickup,97472,0.07722273234676391
2024,Used,price_bin,$0-$10k,vehicle_type,Pickup,126409,0.07426614527397792
2023,Used,price_bin,$30k-$40k,vehicle_type,SUV,405225,0.16956056729825336
2024,Used,price_bin,$30k-$40k,vehicle_type,SUV,370627,0.1742836129850172
2024,Used,price_bin,$20k-$30k,vehicle_type,SUV,495006,0.11322976557147743
2023,Used,price_bin,$40k-$50k,vehicle_type,SUV,214751,0.2013790296717373
2023,Used,price_bin,$20k-$30k,vehicle_type,SUV,420378,0.09888717873804982
2022,Used,price_bin,$40k-$50k,vehicle_type,SUV,295612,0.20542006210994532
2024,Used,price_bin,$40k-$50k,vehicle_type,SUV,182090,0.21043033691504434
2023,Used,price_bin,$50k-$60k,vehicle_type,SUV,110125,0.2435014681950046
2022,Used,price_bin,$50k-$60k,vehicle_type,SUV,141803,0.23065499427441183
2024,Used,price_bin,$50k-$60k,vehicle_type,SUV,106139,0.2940065206130595
2024,Used,price_bin,$60k-$70k,vehicle_type,SUV,60154,0.3244254841789048
2023,Used,price_bin,$60k-$70k,vehicle_type,SUV,74367,0.3217887972999286
2022,Used,price_bin,$60k-$70k,vehicle_type,SUV,76374,0.2510675647688833
2022,Used,price_bin,$30k-$40k,vehicle_type,SUV,414207,0.15408185395057783
2022,Used,price_bin,$20k-$30k,vehicle_type,SUV,359376,0.08632604117023075
2023,Used,price_bin,$10k-$20k,vehicle_type,SUV,327461,0.0819315121104193
2022,Used,price_bin,$10k-$20k,vehicle_type,SUV,256080,0.07768297954633359
2022,Used,price_bin,$70k+,vehicle_type,SUV,120329,0.347012461175982
2024,Used,price_bin,$10k-$20k,vehicle_type,SUV,413848,0.09059858623052455
2024,Used,price_bin,$0-$10k,vehicle_type,SUV,130123,0.07644814547608025
2023,Used,price_bin,$0-$10k,vehicle_type,SUV,100254,0.07942678726908722
2022,Used,price_bin,$0-$10k,vehicle_type,SUV,84169,0.09004497488082298
2022,Used,price_bin,$0-$10k,vehicle_type,CUV,227204,0.24306548103010023
2023,Used,price_bin,$0-$10k,vehicle_type,CUV,336240,0.26638800398346085
2022,Used,price_bin,$10k-$20k,vehicle_type,CUV,1013947,0.30758522361006835
2022,Used,price_bin,$20k-$30k,vehicle_type,CUV,1700928,0.40858148723230897
2022,Used,price_bin,$30k-$40k,vehicle_type,CUV,988979,0.3678926668023199
2022,Used,price_bin,$50k-$60k,vehicle_type,CUV,112376,0.18278940245679784
2023,Used,price_bin,$10k-$20k,vehicle_type,CUV,1391259,0.34809627286067607
2024,Used,price_bin,$10k-$20k,vehicle_type,CUV,1802088,0.3945086724183602
2024,Used,price_bin,$0-$10k,vehicle_type,CUV,511375,0.30043628253906335
2024,Used,price_bin,$70k+,vehicle_type,CUV,14923,0.08910370852465085
2023,Used,price_bin,$20k-$30k,vehicle_type,CUV,1838100,0.4323835292008844
2024,Used,price_bin,$20k-$30k,vehicle_type,CUV,1948559,0.4457216251362458
2022,Used,price_bin,$40k-$50k,vehicle_type,CUV,383097,0.26621317650884846
2024,Used,price_bin,$30k-$40k,vehicle_type,CUV,716206,0.3367886563082216
2023,Used,price_bin,$30k-$40k,vehicle_type,CUV,843305,0.35286883633895627
2024,Used,price_bin,$40k-$50k,vehicle_type,CUV,208279,0.24069537120285858
2023,Used,price_bin,$60k-$70k,vehicle_type,CUV,30311,0.13115683347396206
2023,Used,price_bin,$40k-$50k,vehicle_type,CUV,274942,0.25782209710784487
2024,Used,price_bin,$60k-$70k,vehicle_type,CUV,24781,0.13365009680881473
2022,Used,price_bin,$60k-$70k,vehicle_type,CUV,43952,0.14448531708070758
2023,Used,price_bin,$50k-$60k,vehicle_type,CUV,84325,0.1864541321729286
2024,Used,price_bin,$50k-$60k,vehicle_type,CUV,58352,0.16163585949380763
2022,Used,price_bin,$70k+,vehicle_type,CUV,33441,0.09643929322263141
2023,Used,price_bin,$70k+,vehicle_type,CUV,17367,0.07128929901113651
2016,Used,price_bin,$70k+,vehicle_type,Minivan,60,7.084661707403471e-4
2016,Used,price_bin,$50k-$60k,vehicle_type,Minivan,691,0.002473838531019644
2021,New,price_bin,$50k-$60k,vehicle_type,Minivan,36171,0.02761016471752079
2021,New,price_bin,$60k-$70k,vehicle_type,Minivan,6337,0.010651225722953838
2020,New,price_bin,$60k-$70k,vehicle_type,Minivan,1647,0.002969804285029085
2021,New,price_bin,$70k+,vehicle_type,Minivan,404,7.355324053002028e-4
2020,New,price_bin,$70k+,vehicle_type,Minivan,291,5.623068881627637e-4
2019,New,price_bin,$10k-$20k,vehicle_type,Minivan,19,1.6191295900193443e-4
2018,New,price_bin,$10k-$20k,vehicle_type,Minivan,61,3.7058187429376817e-4
2019,New,price_bin,$70k+,vehicle_type,Minivan,127,2.3797745397853332e-4
2023,New,price_bin,$10k-$20k,vehicle_type,Pickup,20,0.0025637738751442124
2024,New,price_bin,$0-$10k,vehicle_type,SUV,2,0.028985507246376812
2017,Used,price_bin,$70k+,vehicle_type,Minivan,361,0.0034602076124567475
2016,New,price_bin,$70k+,vehicle_type,Minivan,5,6.324230657340535e-5
2018,New,price_bin,$0-$10k,vehicle_type,SUV,7,0.5
2018,New,price_bin,$0-$10k,vehicle_type,Car,7,0.5
2022,New,price_bin,$10k-$20k,vehicle_type,SUV,1,6.628662335940607e-5
2024,New,price_bin,$10k-$20k,vehicle_type,Pickup,1,2.513131110050011e-5
2024,New,price_bin,$0-$10k,vehicle_type,Pickup,2,0.028985507246376812
2023,New,price_bin,$0-$10k,vehicle_type,CUV,22,0.9565217391304348
2016,New,price_bin,$10k-$20k,vehicle_type,SUV,1,5.510856387082553e-5
2017,New,price_bin,$0-$10k,vehicle_type,SUV,1,0.25
2024,New,price_bin,$10k-$20k,vehicle_type,SUV,1,2.513131110050011e-5
2021,New,powertrain,Battery Electric (BEV),NA,NA,95882,0.012487801269410357
2020,New,powertrain,Battery Electric (BEV),NA,NA,39999,0.005038047022779847
2019,New,powertrain,Battery Electric (BEV),NA,NA,40541,0.004955099642224719
2018,New,powertrain,Battery Electric (BEV),NA,NA,30956,0.003689984997366851
2017,New,powertrain,Battery Electric (BEV),NA,NA,9283,0.0041429498445557005
2016,New,powertrain,Battery Electric (BEV),NA,NA,3092,0.0020768989990314073
2024,New,powertrain,Battery Electric (BEV),NA,NA,516307,0.04612401393724986
2022,New,powertrain,Battery Electric (BEV),NA,NA,176368,0.019758058779239026
2023,New,powertrain,Battery Electric (BEV),NA,NA,352714,0.03334272665371517
2016,New,powertrain,Gasoline,NA,NA,1444973,0.9705895786957988
2017,New,powertrain,Gasoline,NA,NA,2161769,0.9647851494684189
2018,New,powertrain,Gasoline,NA,NA,8123024,0.9682722797923138
2019,New,powertrain,Gasoline,NA,NA,7889409,0.9642783284394681
2021,New,powertrain,Gasoline,NA,NA,7141636,0.9301363249250819
2020,New,powertrain,Gasoline,NA,NA,7568191,0.9532463845440945
2023,New,powertrain,Gasoline,NA,NA,9791830,0.9256403520405988
2022,New,powertrain,Gasoline,NA,NA,8464647,0.9482728894783027
2024,New,powertrain,Gasoline,NA,NA,10186629,0.9100171370320247
2023,New,powertrain,Hybrid Electric (HEV),NA,NA,418153,0.039528800043182176
2024,New,powertrain,Hybrid Electric (HEV),NA,NA,471992,0.04216515675028701
2022,New,powertrain,Hybrid Electric (HEV),NA,NA,270446,0.030297378008539405
2017,New,powertrain,Hybrid Electric (HEV),NA,NA,59907,0.026736151711493954
2016,New,powertrain,Hybrid Electric (HEV),NA,NA,36565,0.024560741235311583
2020,New,powertrain,Hybrid Electric (HEV),NA,NA,312721,0.03938856228932565
2021,New,powertrain,Hybrid Electric (HEV),NA,NA,420864,0.054813896179148544
2018,New,powertrain,Hybrid Electric (HEV),NA,NA,184268,0.021964922971145977
2019,New,powertrain,Hybrid Electric (HEV),NA,NA,215206,0.026303425510091336
2022,Used,powertrain,Battery Electric (BEV),NA,NA,114812,0.008327402130068984
2024,Used,powertrain,Battery Electric (BEV),NA,NA,300620,0.020952729577082725
2023,Used,powertrain,Battery Electric (BEV),NA,NA,172878,0.012443263123716963
2016,Used,powertrain,Gasoline,NA,NA,9193629,0.9562134540938696
2017,Used,powertrain,Gasoline,NA,NA,11306353,0.9548310442650784
2020,Used,powertrain,Gasoline,NA,NA,9904644,0.941030648488905
2019,Used,powertrain,Gasoline,NA,NA,9634850,0.9411029370682922
2018,Used,powertrain,Gasoline,NA,NA,9038427,0.9470838989931082
2021,Used,powertrain,Gasoline,NA,NA,10479770,0.9397900599236924
2022,Used,powertrain,Gasoline,NA,NA,12931325,0.937918887830665
2023,Used,powertrain,Gasoline,NA,NA,12912694,0.9294187176971117
2024,Used,powertrain,Gasoline,NA,NA,13200362,0.9200439601676497
2020,Used,powertrain,Diesel,NA,NA,333628,0.031697673656322874
2019,Used,powertrain,Diesel,NA,NA,334886,0.0327106491728519
2018,Used,powertrain,Diesel,NA,NA,280484,0.029390277791166864
2021,Used,powertrain,Diesel,NA,NA,333116,0.02987270766453278
2023,Used,powertrain,Diesel,NA,NA,434472,0.031272049745413276
2022,Used,powertrain,Diesel,NA,NA,430197,0.031202517281723924
2024,Used,powertrain,Diesel,NA,NA,444053,0.03094977854730994
2017,Used,powertrain,Diesel,NA,NA,268149,0.022645409150823127
2016,Used,powertrain,Diesel,NA,NA,204279,0.021246705538024383
2017,Used,powertrain,Hybrid Electric (HEV),NA,NA,219221,0.018513398295173938
2016,Used,powertrain,Hybrid Electric (HEV),NA,NA,187476,0.019499054564818995
2020,Used,powertrain,Hybrid Electric (HEV),NA,NA,213161,0.020252220479862124
2021,Used,powertrain,Hybrid Electric (HEV),NA,NA,237367,0.021286263644517685
2018,Used,powertrain,Hybrid Electric (HEV),NA,NA,182205,0.019092196221315864
2019,Used,powertrain,Hybrid Electric (HEV),NA,NA,199423,0.0194790340294836
2024,Used,powertrain,Hybrid Electric (HEV),NA,NA,348885,0.024316722302243715
2023,Used,powertrain,Hybrid Electric (HEV),NA,NA,325521,0.02343006892314505
2022,Used,powertrain,Hybrid Electric (HEV),NA,NA,271855,0.019717850974374663
2016,Used,powertrain,Plug-In Hybrid Electric (PHEV),NA,NA,17373,0.0018069356875258721
2017,Used,powertrain,Plug-In Hybrid Electric (PHEV),NA,NA,23397,0.001975896378139798
2019,Used,powertrain,Plug-In Hybrid Electric (PHEV),NA,NA,32253,0.0031503752553764335
2020,Used,powertrain,Plug-In Hybrid Electric (PHEV),NA,NA,33168,0.003151259606007041
2021,Used,powertrain,Plug-In Hybrid Electric (PHEV),NA,NA,41191,0.0036938685064955446
2018,Used,powertrain,Plug-In Hybrid Electric (PHEV),NA,NA,20723,0.0021714419598492284
2016,Used,powertrain,Battery Electric (BEV),NA,NA,11863,0.0012338501157612054
2017,Used,powertrain,Battery Electric (BEV),NA,NA,24088,0.002034251910784778
2023,Used,powertrain,Plug-In Hybrid Electric (PHEV),NA,NA,47736,0.0034359005106129924
2022,Used,powertrain,Plug-In Hybrid Electric (PHEV),NA,NA,39064,0.002833341783167394
2024,Used,powertrain,Plug-In Hybrid Electric (PHEV),NA,NA,53614,0.003736809405713902
2021,Used,powertrain,Battery Electric (BEV),NA,NA,59738,0.005357100260761595
2020,Used,powertrain,Battery Electric (BEV),NA,NA,40714,0.0038681977689028783
2019,Used,powertrain,Battery Electric (BEV),NA,NA,36416,0.0035570044739958516
2018,Used,powertrain,Battery Electric (BEV),NA,NA,21589,0.0022621850345599086
2016,New,powertrain,Plug-In Hybrid Electric (PHEV),NA,NA,4128,0.002772781069858231
2018,New,powertrain,Plug-In Hybrid Electric (PHEV),NA,NA,50946,0.006072812239173394
2020,New,powertrain,Plug-In Hybrid Electric (PHEV),NA,NA,18475,0.002327006143800037
2019,New,powertrain,Plug-In Hybrid Electric (PHEV),NA,NA,36516,0.004463146408215827
2021,New,powertrain,Plug-In Hybrid Electric (PHEV),NA,NA,19671,0.0025619776263591824
2022,New,powertrain,Plug-In Hybrid Electric (PHEV),NA,NA,14922,0.0016716737339188784
2023,New,powertrain,Plug-In Hybrid Electric (PHEV),NA,NA,15742,0.0014881212625038533
2024,New,powertrain,Plug-In Hybrid Electric (PHEV),NA,NA,18959,0.0016936922804384215
2017,New,powertrain,Plug-In Hybrid Electric (PHEV),NA,NA,9715,0.004335748975531469
2021,New,vehicle_type,CUV,NA,NA,3543980,0.46157274506961593
2020,New,vehicle_type,CUV,NA,NA,3177432,0.40021130097465973
2019,New,vehicle_type,CUV,NA,NA,3136409,0.3833457268880982
2018,New,vehicle_type,CUV,NA,NA,3072390,0.36623184539539794
2017,New,vehicle_type,Car,NA,NA,839745,0.37477339407696075
2016,New,vehicle_type,Car,NA,NA,574163,0.3856657697221442
2018,New,vehicle_type,Car,NA,NA,2601651,0.3101193034753994
2019,New,vehicle_type,Car,NA,NA,2283157,0.27905750804969937
2020,New,vehicle_type,Car,NA,NA,1940470,0.2444105879220383
2021,New,vehicle_type,Car,NA,NA,1735337,0.2260126362764102
2024,New,vehicle_type,Car,NA,NA,2278712,0.20356753645985529
2022,New,vehicle_type,Car,NA,NA,1835210,0.20559391189017992
2023,New,vehicle_type,Car,NA,NA,2231277,0.21092686737617905
2024,New,vehicle_type,SUV,NA,NA,1107088,0.09890112344353663
2023,New,vehicle_type,SUV,NA,NA,1067830,0.10094400506539765
2022,New,vehicle_type,Pickup,NA,NA,1662118,0.18620285506458775
2024,New,vehicle_type,Pickup,NA,NA,2077140,0.18556020799566764
2023,New,vehicle_type,Pickup,NA,NA,1924978,0.18197183913429948
2017,New,vehicle_type,CUV,NA,NA,735579,0.3282847036204285
2016,New,vehicle_type,CUV,NA,NA,444242,0.29839772481491283
2016,New,vehicle_type,Minivan,NA,NA,55454,0.03724849841277091
2017,New,vehicle_type,Minivan,NA,NA,62347,0.027825109766079315
2023,New,vehicle_type,Minivan,NA,NA,202959,0.019186101087315433
2024,New,vehicle_type,Minivan,NA,NA,236723,0.02114752453727646
2022,New,vehicle_type,Minivan,NA,NA,127865,0.014324390965523213
2017,New,vehicle_type,Pickup,NA,NA,400233,0.1786217004347799
2016,New,vehicle_type,Pickup,NA,NA,251601,0.16900060318735483
2020,New,vehicle_type,Minivan,NA,NA,151412,0.01907099617023281
2019,New,vehicle_type,Minivan,NA,NA,183468,0.022424267313576003
2018,New,vehicle_type,Minivan,NA,NA,221934,0.02645474642736835
2021,New,vehicle_type,Minivan,NA,NA,142081,0.01850482146971374
2018,New,vehicle_type,Pickup,NA,NA,1549749,0.18473157254439462
2020,New,vehicle_type,Pickup,NA,NA,1692656,0.21319734296833534
2019,New,vehicle_type,Pickup,NA,NA,1639006,0.20032653472297593
2021,New,vehicle_type,Pickup,NA,NA,1335100,0.17388522845570356
2016,New,vehicle_type,SUV,NA,NA,163298,0.1096874038628172
2017,New,vehicle_type,SUV,NA,NA,202770,0.09049509210175152
2021,New,vehicle_type,SUV,NA,NA,921555,0.12002456872855657
2019,New,vehicle_type,SUV,NA,NA,939632,0.1148459630256505
2020,New,vehicle_type,SUV,NA,NA,977416,0.1231097719647338
2018,New,vehicle_type,SUV,NA,NA,943470,0.11246253215743968
2022,New,vehicle_type,SUV,NA,NA,1066378,0.11946361701038372
2023,New,vehicle_type,CUV,NA,NA,5151395,0.4869711873368084
2022,New,vehicle_type,CUV,NA,NA,4234812,0.4744152250693254
2024,New,vehicle_type,CUV,NA,NA,5494224,0.490823607563664
2023,Used,vehicle_type,Pickup,NA,NA,2561444,0.18436540027456397
2024,Used,vehicle_type,Pickup,NA,NA,2702303,0.18834616457434428
2022,Used,vehicle_type,Pickup,NA,NA,2642165,0.1916382472998791
2017,Used,vehicle_type,CUV,NA,NA,3149878,0.2660098530487768
2016,Used,vehicle_type,CUV,NA,NA,2426468,0.2523727406803389
2020,Used,vehicle_type,CUV,NA,NA,2956504,0.28089458605276896
2021,Used,vehicle_type,CUV,NA,NA,3284296,0.2945244728316693
2019,Used,vehicle_type,CUV,NA,NA,2812584,0.27472467792973276
2018,Used,vehicle_type,CUV,NA,NA,2511583,0.26317409216059473
2016,Used,vehicle_type,Car,NA,NA,4142329,0.43083647611658077
2017,Used,vehicle_type,Car,NA,NA,4907472,0.41444014833621706
2019,Used,vehicle_type,Minivan,NA,NA,380549,0.03717087257179941
2018,Used,vehicle_type,Minivan,NA,NA,385494,0.040393661480968894
2020,Used,vehicle_type,Minivan,NA,NA,372038,0.035346970613231055
2021,Used,vehicle_type,Minivan,NA,NA,338443,0.030350414870818177
2023,Used,vehicle_type,Minivan,NA,NA,403683,0.02905594573960501
2024,Used,vehicle_type,Minivan,NA,NA,384211,0.026778887577474986
2022,Used,vehicle_type,Minivan,NA,NA,393107,0.028512351227615827
2017,Used,vehicle_type,Pickup,NA,NA,1971802,0.16652034150569772
2016,Used,vehicle_type,Pickup,NA,NA,1552687,0.1614922898668902
2018,Used,vehicle_type,Pickup,NA,NA,1595599,0.16719348644952317
2020,Used,vehicle_type,Pickup,NA,NA,1907117,0.18119334195698655
2019,Used,vehicle_type,Pickup,NA,NA,1753025,0.1712301671799917
2021,Used,vehicle_type,Pickup,NA,NA,2105542,0.18881783115009693
2017,Used,vehicle_type,SUV,NA,NA,1310368,0.11066168249050266
2016,Used,vehicle_type,SUV,NA,NA,1062715,0.11053114943700323
2020,Used,vehicle_type,Car,NA,NA,3981200,0.3782499621151481
2019,Used,vehicle_type,Car,NA,NA,4079505,0.3984736801595026
2018,Used,vehicle_type,Car,NA,NA,3933938,0.4122143531653406
2021,Used,vehicle_type,Car,NA,NA,4000612,0.35876125060105735
2021,Used,vehicle_type,SUV,NA,NA,1422289,0.1275460305463582
2020,Used,vehicle_type,SUV,NA,NA,1308456,0.12431513926186533
2019,Used,vehicle_type,SUV,NA,NA,1212165,0.11840060215897356
2018,Used,vehicle_type,SUV,NA,NA,1116814,0.11702440674357265
2023,Used,vehicle_type,CUV,NA,NA,4815849,0.34663101303282784
2024,Used,vehicle_type,CUV,NA,NA,5284563,0.36832552548751585
2022,Used,vehicle_type,CUV,NA,NA,4503924,0.3266730508245551
2023,Used,vehicle_type,SUV,NA,NA,1746071,0.12567718787637294
2022,Used,vehicle_type,SUV,NA,NA,1747950,0.12678014975136817
2024,Used,vehicle_type,SUV,NA,NA,1821959,0.1269876063719382
2022,Used,vehicle_type,Car,NA,NA,4500107,0.3263962008965818
2023,Used,vehicle_type,Car,NA,NA,4366254,0.31427045307663026
2024,Used,vehicle_type,Car,NA,NA,4154498,0.2895618159887267
2016,Used,vehicle_type,Minivan,NA,NA,430421,0.044767343899186865
2017,Used,vehicle_type,Minivan,NA,NA,501688,0.04236797461880579
2021,New,price_bin,$50k-$60k,NA,NA,1310061,0.17062411525421875
2021,New,price_bin,$60k-$70k,NA,NA,594955,0.07748774331200892
2021,New,price_bin,$40k-$50k,NA,NA,1692238,0.2203993642659148
2020,New,price_bin,$50k-$60k,NA,NA,1268757,0.15980543079779722
2020,New,price_bin,$40k-$50k,NA,NA,1766726,0.22252677977868818
2019,New,price_bin,$50k-$60k,NA,NA,1205329,0.14732062101731774
2019,New,price_bin,$40k-$50k,NA,NA,1829281,0.2235827835679553
2021,New,price_bin,$70k+,NA,NA,549262,0.07153662523559033
2020,New,price_bin,$70k+,NA,NA,517511,0.06518274838885525
2019,New,price_bin,$70k+,NA,NA,533664,0.06522676538487487
2021,New,price_bin,$30k-$40k,NA,NA,2238973,0.2916068696061358
2020,New,price_bin,$60k-$70k,NA,NA,554582,0.06985200114971107
2021,New,price_bin,$20k-$30k,NA,NA,1263289,0.16453246675947666
2018,New,price_bin,$70k+,NA,NA,509650,0.06075077057462255
2019,New,price_bin,$60k-$70k,NA,NA,542274,0.06627911752023302
2020,New,price_bin,$30k-$40k,NA,NA,2194924,0.2764601695899406
2019,New,price_bin,$30k-$40k,NA,NA,2254921,0.2756063797228733
2017,New,price_bin,$30k-$40k,NA,NA,631683,0.28191651262075607
2016,New,price_bin,$30k-$40k,NA,NA,453585,0.304673425768325
2017,New,price_bin,$40k-$50k,NA,NA,453779,0.20251897420151257
2017,New,price_bin,$50k-$60k,NA,NA,327565,0.14619038735666143
2016,New,price_bin,$40k-$50k,NA,NA,309034,0.20757839756360671
2016,New,price_bin,$20k-$30k,NA,NA,306380,0.2057957035327434
2017,New,price_bin,$60k-$70k,NA,NA,147388,0.06577842202837182
2016,New,price_bin,$60k-$70k,NA,NA,102208,0.06865319951261387
2016,New,price_bin,$70k+,NA,NA,79061,0.05310534015602267
2017,New,price_bin,$20k-$30k,NA,NA,503004,0.22448781036420293
2016,New,price_bin,$50k-$60k,NA,NA,220344,0.14800525001376988
2017,New,price_bin,$70k+,NA,NA,134092,0.059844493219450935
2018,New,price_bin,$50k-$60k,NA,NA,1193083,0.14221664202782772
2018,New,price_bin,$60k-$70k,NA,NA,524587,0.06253127535255473
2018,New,price_bin,$40k-$50k,NA,NA,1771594,0.2111757100860941
2018,New,price_bin,$30k-$40k,NA,NA,2360141,0.2813310790047292
2020,New,price_bin,$20k-$30k,NA,NA,1575764,0.19847429007734352
2018,New,price_bin,$20k-$30k,NA,NA,1865519,0.22237166049563284
2019,New,price_bin,$20k-$30k,NA,NA,1698856,0.20764166541997772
2024,New,price_bin,$20k-$30k,NA,NA,2068447,0.18478362341874632
2024,New,price_bin,$30k-$40k,NA,NA,3375078,0.30151081568002247
2022,New,price_bin,$40k-$50k,NA,NA,2058445,0.2306023615612281
2022,New,price_bin,$30k-$40k,NA,NA,2775633,0.31094711038054273
2023,New,price_bin,$30k-$40k,NA,NA,3204658,0.3029424284622712
2023,New,price_bin,$40k-$50k,NA,NA,2332137,0.22046135540413855
2023,New,price_bin,$70k+,NA,NA,932744,0.08817406802648292
2022,New,price_bin,$70k+,NA,NA,746751,0.0836566165713481
2024,New,price_bin,$70k+,NA,NA,888883,0.0794078946839467
2024,New,price_bin,$60k-$70k,NA,NA,754778,0.06742769513396017
2024,New,price_bin,$50k-$60k,NA,NA,1663442,0.14860271503544747
2022,New,price_bin,$60k-$70k,NA,NA,708637,0.07938680202272298
2023,New,price_bin,$50k-$60k,NA,NA,1621535,0.1532867940156388
2023,New,price_bin,$60k-$70k,NA,NA,820882,0.07759953996993318
2022,New,price_bin,$50k-$60k,NA,NA,1429019,0.16008936654409742
2024,New,price_bin,$40k-$50k,NA,NA,2403399,0.21470638393973426
2023,New,price_bin,$20k-$30k,NA,NA,1658659,0.15679619648986018
2022,New,price_bin,$20k-$30k,NA,NA,1192812,0.13362769668296778
2024,New,price_bin,$10k-$20k,NA,NA,39791,0.0035547080294807336
2022,New,price_bin,$10k-$20k,NA,NA,15086,0.0016900462370928965
2017,New,price_bin,$10k-$20k,NA,NA,43159,0.019261615031905578
2016,New,price_bin,$10k-$20k,NA,NA,18146,0.012188683452918472
2017,New,price_bin,$0-$10k,NA,NA,4,1.785177138664527e-6
2019,New,price_bin,$10k-$20k,NA,NA,117347,0.014342667366768064
2018,New,price_bin,$10k-$20k,NA,NA,164606,0.019621193645062922
2020,New,price_bin,$10k-$20k,NA,NA,61122,0.007698580217664187
2021,New,price_bin,$10k-$20k,NA,NA,29275,0.0038128155666547234
2023,New,price_bin,$10k-$20k,NA,NA,7801,7.374433978397002e-4
2024,New,price_bin,$0-$10k,NA,NA,69,6.164078661862497e-6
2016,Used,price_bin,$30k-$40k,NA,NA,1600991,0.16651630537660356
2017,Used,price_bin,$20k-$30k,NA,NA,3344438,0.2824406091000175
2017,Used,price_bin,$30k-$40k,NA,NA,1791603,0.15130238401352294
2017,Used,price_bin,$10k-$20k,NA,NA,4173975,0.352495708208149
2016,Used,price_bin,$10k-$20k,NA,NA,3199127,0.332735667140251
2017,Used,price_bin,$60k-$70k,NA,NA,147126,0.012424914755318883
2016,Used,price_bin,$20k-$30k,NA,NA,2849795,0.2964022499069126
2016,Used,price_bin,$40k-$50k,NA,NA,743448,0.07732474086339346
2017,Used,price_bin,$70k+,NA,NA,104329,0.00881067201927371
2017,Used,price_bin,$0-$10k,NA,NA,1130886,0.09550427625289581
2017,Used,price_bin,$50k-$60k,NA,NA,322721,0.02725406056544231
2016,Used,price_bin,$0-$10k,NA,NA,741335,0.07710497138732472
2016,Used,price_bin,$60k-$70k,NA,NA,115911,0.012055702669476276
2017,Used,price_bin,$40k-$50k,NA,NA,826130,0.069767375085379807
2016,Used,price_bin,$70k+,NA,NA,84690,0.008808460448774886
2016,Used,price_bin,$50k-$60k,NA,NA,279323,0.029051902207263523
2019,Used,price_bin,$10k-$20k,NA,NA,3555435,0.34728411143457383
2018,Used,price_bin,$50k-$60k,NA,NA,258578,0.027094876180760206
2020,Used,price_bin,$50k-$60k,NA,NA,317950,0.030208122037202686
2020,Used,price_bin,$10k-$20k,NA,NA,3540095,0.33634100262082417
2019,Used,price_bin,$60k-$70k,NA,NA,116131,0.011343323994112814
2019,Used,price_bin,$70k+,NA,NA,91754,0.008962252540284913
2020,Used,price_bin,$70k+,NA,NA,104262,0.009905831796958095
2021,Used,price_bin,$30k-$40k,NA,NA,2003212,0.1796412254772633
2021,Used,price_bin,$10k-$20k,NA,NA,2937958,0.2634660612659716
2018,Used,price_bin,$40k-$50k,NA,NA,649019,0.06800690485641009
2019,Used,price_bin,$40k-$50k,NA,NA,678829,0.06630595864669733
2021,Used,price_bin,$60k-$70k,NA,NA,251902,0.022589712911151482
2018,Used,price_bin,$70k+,NA,NA,83553,0.008755030163165688
2019,Used,price_bin,$20k-$30k,NA,NA,2982509,0.29132243675123276
2020,Used,price_bin,$20k-$30k,NA,NA,2963467,0.28155613394943524
2020,Used,price_bin,$40k-$50k,NA,NA,794415,0.07547660093783416
2018,Used,price_bin,$10k-$20k,NA,NA,3322179,0.34811170577281036
2021,Used,price_bin,$20k-$30k,NA,NA,3168093,0.2841037837961931
2021,Used,price_bin,$50k-$60k,NA,NA,528985,0.0474375720887705
2018,Used,price_bin,$20k-$30k,NA,NA,2700268,0.2829452896799766
2021,Used,price_bin,$40k-$50k,NA,NA,1206150,0.10816342159961159
2021,Used,price_bin,$70k+,NA,NA,255694,0.022929766548514766
2018,Used,price_bin,$30k-$40k,NA,NA,1481687,0.1552573142480878
2019,Used,price_bin,$30k-$40k,NA,NA,1602971,0.15657334739360732
2019,Used,price_bin,$50k-$60k,NA,NA,288615,0.028191038177238375
2021,Used,price_bin,$0-$10k,NA,NA,799188,0.07166845631252364
2020,Used,price_bin,$0-$10k,NA,NA,1083948,0.10298485128473589
2020,Used,price_bin,$30k-$40k,NA,NA,1596046,0.1516387870576795
2018,Used,price_bin,$60k-$70k,NA,NA,115720,0.012125621946327882
2019,Used,price_bin,$0-$10k,NA,NA,921584,0.09001753106225266
2018,Used,price_bin,$0-$10k,NA,NA,932424,0.09770325715246136
2020,Used,price_bin,$60k-$70k,NA,NA,125132,0.01188867031533023
2022,Used,price_bin,$20k-$30k,NA,NA,4163008,0.3019461527252746
2022,Used,price_bin,$10k-$20k,NA,NA,3296475,0.23909585179875933
2022,Used,price_bin,$30k-$40k,NA,NA,2688227,0.19497915937279167
2023,Used,price_bin,$10k-$20k,NA,NA,3996765,0.2876756934870986
2024,Used,price_bin,$10k-$20k,NA,NA,4567930,0.3183773601791081
2024,Used,price_bin,$20k-$30k,NA,NA,4371695,0.3047000968946998
2022,Used,price_bin,$40k-$50k,NA,NA,1439061,0.1043761944456956
2022,Used,price_bin,$50k-$60k,NA,NA,614784,0.04459075350252875
2022,Used,price_bin,$60k-$70k,NA,NA,304197,0.022063640958789977
2024,Used,price_bin,$70k+,NA,NA,167479,0.011673016422194923
2024,Used,price_bin,$60k-$70k,NA,NA,185417,0.012923266116672036
2022,Used,price_bin,$0-$10k,NA,NA,934744,0.06779769690162354
2023,Used,price_bin,$20k-$30k,NA,NA,4251087,0.30598106238395034
2023,Used,price_bin,$70k+,NA,NA,243613,0.017534565759426073
2023,Used,price_bin,$40k-$50k,NA,NA,1066402,0.0767565605898843
2024,Used,price_bin,$50k-$60k,NA,NA,361009,0.025161745565474875
2024,Used,price_bin,$40k-$50k,NA,NA,865322,0.06031154900904922
2023,Used,price_bin,$60k-$70k,NA,NA,231105,0.01663427575635193
2024,Used,price_bin,$30k-$40k,NA,NA,2126574,0.14821878101142677
2022,Used,price_bin,$70k+,NA,NA,346757,0.025150550294536556
2023,Used,price_bin,$30k-$40k,NA,NA,2389854,0.17201484370057196
2023,Used,price_bin,$0-$10k,NA,NA,1262219,0.0908509072106046
2023,Used,price_bin,$50k-$60k,NA,NA,452256,0.032552091112112234
2024,Used,price_bin,$0-$10k,NA,NA,1702108,0.11863418480137423
2018,New,price_bin,$0-$10k,NA,NA,14,1.6688134760025813e-6
2023,New,price_bin,$0-$10k,NA,NA,23,2.1742338354458535e-6
