listing_year,state,year,vehicle_type,avg_price,n_listings,n_make_model_year
2018,AK,2016,pickup,44915.884408451944,1,407
2018,AK,2016,car,31867.347440161146,6,407
2018,AK,2016,suv,57233.702264781394,1,407
2018,AK,2017,car,35670.13036991965,359,407
2018,AK,2017,cuv,42770.37613791691,230,407
2018,AK,2017,minivan,40072.077121165436,25,407
2018,AK,2017,pickup,52027.46342181179,368,407
2018,AK,2017,suv,70851.1403822532,97,407
2018,AK,2018,cuv,41896.273701628226,3048,407
2018,AK,2018,minivan,45911.83171508446,145,407
2018,AK,2018,car,35256.39770793025,1417,407
2018,AK,2018,pickup,57156.05252097226,2409,407
2018,AK,2018,suv,57741.34795123541,1096,407
2018,AK,2019,cuv,44365.42885418899,596,407
2018,AK,2019,minivan,52002.987638474646,40,407
2018,AK,2019,pickup,60734.18123025533,519,407
2018,AK,2019,suv,48213.953935324156,287,407
2018,AK,2019,car,39207.676888626585,221,407
2018,AL,2016,pickup,58704.473695083,19,536
2018,AL,2016,cuv,34011.52036626503,13,536
2018,AL,2016,minivan,31695.336018136393,1,536
2018,AL,2016,car,33179.80612681291,53,536
2018,AL,2016,suv,50671.25508159744,8,536
2018,AL,2017,car,32077.827535164517,2712,536
2018,AL,2017,minivan,39106.76169371157,114,536
2018,AL,2017,cuv,38904.16764248991,1484,536
2018,AL,2017,pickup,47979.389533121495,1620,536
2018,AL,2017,suv,61479.355415253136,856,536
2018,AL,2018,car,31445.86947827222,26401,536
2018,AL,2018,minivan,44539.57872779928,1303,536
2018,AL,2018,cuv,39682.073566141895,23222,536
2018,AL,2018,pickup,50554.01038468634,20030,536
2018,AL,2018,suv,62200.42146007592,8964,536
2018,AL,2019,car,35006.40512762168,4473,536
2018,AL,2019,cuv,46304.71429313818,4977,536
2018,AL,2019,minivan,49612.547510713186,633,536
2018,AL,2019,pickup,56967.651409682265,2905,536
2018,AL,2019,suv,58645.88592517712,2103,536
2018,AR,2016,car,32204.957783011087,58,517
2018,AR,2016,suv,69951.5142738443,16,517
2018,AR,2016,cuv,35795.472400201084,16,517
2018,AR,2016,pickup,53126.11286069993,47,517
2018,AR,2016,minivan,46566.04612899769,1,517
2018,AR,2017,car,30931.857143098252,1808,517
2018,AR,2017,minivan,40835.94316351668,248,517
2018,AR,2017,pickup,49386.06961970715,1789,517
2018,AR,2017,suv,64192.556124123206,667,517
2018,AR,2017,cuv,38169.48836321492,1499,517
2018,AR,2018,car,31678.330611837795,16119,517
2018,AR,2018,minivan,42423.815843250864,1125,517
2018,AR,2018,pickup,52337.524538967205,15207,517
2018,AR,2018,cuv,38431.96898046734,16853,517
2018,AR,2018,suv,62000.42262803443,7105,517
2018,AR,2019,car,35372.930019341395,2473,517
2018,AR,2019,minivan,47770.635515169146,305,517
2018,AR,2019,pickup,58741.686679066246,2780,517
2018,AR,2019,cuv,44277.8393557171,3202,517
2018,AR,2019,suv,48206.81676896422,2632,517
2018,AZ,2016,minivan,46380.2813288963,16,561
2018,AZ,2016,car,28948.912042636555,158,561
2018,AZ,2016,cuv,35826.31893506957,19,561
2018,AZ,2016,pickup,43033.31506483061,10,561
2018,AZ,2016,suv,47492.72749631349,3,561
2018,AZ,2017,car,32452.022696250242,3244,561
2018,AZ,2017,cuv,37634.858892807875,2741,561
2018,AZ,2017,minivan,39641.4056620521,380,561
2018,AZ,2017,pickup,45257.933885547965,2021,561
2018,AZ,2017,suv,58462.34761742292,1206,561
2018,AZ,2018,car,32065.42940734591,47063,561
2018,AZ,2018,cuv,39533.97014349137,45698,561
2018,AZ,2018,minivan,43327.87686341272,3020,561
2018,AZ,2018,pickup,48931.144179405164,26750,561
2018,AZ,2018,suv,58121.61262565136,14457,561
2018,AZ,2019,car,38596.71251867471,14119,561
2018,AZ,2019,cuv,49084.38510906971,15203,561
2018,AZ,2019,minivan,48076.69231187716,1702,561
2018,AZ,2019,pickup,52042.4088888533,7087,561
2018,AZ,2019,suv,59205.42916334822,4674,561
2018,CA,2016,car,35811.70178846515,488,681
2018,CA,2016,cuv,42995.18128280575,154,681
2018,CA,2016,minivan,36705.158364901516,36,681
2018,CA,2016,pickup,50074.054122624155,91,681
2018,CA,2016,suv,67415.15805156226,57,681
2018,CA,2017,car,37801.14372329909,18367,681
2018,CA,2017,cuv,38948.96306582754,10098,681
2018,CA,2017,minivan,41464.01413059125,1920,681
2018,CA,2017,pickup,45630.886631028196,6228,681
2018,CA,2017,suv,65021.94830116397,4157,681
2018,CA,2018,car,37310.31849267207,276834,681
2018,CA,2018,cuv,44020.91915844453,196787,681
2018,CA,2018,minivan,47194.24194747378,15452,681
2018,CA,2018,pickup,49721.674982778044,94936,681
2018,CA,2018,suv,64836.322244200244,57044,681
2018,CA,2019,car,39900.88978854967,56300,681
2018,CA,2019,cuv,49068.10990004266,47238,681
2018,CA,2019,minivan,49203.55559236494,4447,681
2018,CA,2019,pickup,53009.57619254662,17745,681
2018,CA,2019,suv,62690.97277464984,12025,681
2018,CO,2016,car,42238.35080305026,68,567
2018,CO,2016,cuv,38622.92137285711,48,567
2018,CO,2016,pickup,57541.6091457552,37,567
2018,CO,2016,suv,79846.37397764287,21,567
2018,CO,2016,minivan,37207.20028130184,1,567
2018,CO,2017,car,34188.91126804508,2180,567
2018,CO,2017,cuv,38041.86007424875,2567,567
2018,CO,2017,minivan,39573.08040746101,135,567
2018,CO,2017,pickup,49940.8264801709,1457,567
2018,CO,2017,suv,61308.171621840076,956,567
2018,CO,2018,car,35720.72499543436,22632,567
2018,CO,2018,cuv,42971.6725209808,38120,567
2018,CO,2018,minivan,47474.29189758572,1363,567
2018,CO,2018,pickup,55450.251197309386,19404,567
2018,CO,2018,suv,61355.72211817484,14659,567
2018,CO,2019,car,37603.5995284932,5155,567
2018,CO,2019,cuv,47833.00244229492,8273,567
2018,CO,2019,minivan,50975.41967527692,443,567
2018,CO,2019,pickup,58627.53612111152,4510,567
2018,CO,2019,suv,57478.57122824519,3818,567
2018,CT,2016,car,37207.7205528903,86,560
2018,CT,2016,cuv,38596.7925574354,36,560
2018,CT,2016,pickup,51105.20554752448,24,560
2018,CT,2016,suv,72944.0580613927,12,560
2018,CT,2017,car,34633.10137767979,1875,560
2018,CT,2017,cuv,41683.80657062951,1451,560
2018,CT,2017,minivan,41475.600357989686,193,560
2018,CT,2017,pickup,50019.30607301048,844,560
2018,CT,2017,suv,61826.33060882168,472,560
2018,CT,2018,car,37004.29320900774,22972,560
2018,CT,2018,cuv,43879.1074343632,33845,560
2018,CT,2018,minivan,45059.25079335887,1262,560
2018,CT,2018,pickup,52645.61359878185,8644,560
2018,CT,2018,suv,62789.10505802353,7557,560
2018,CT,2019,car,41520.86029085671,5262,560
2018,CT,2019,cuv,47315.19922156086,8646,560
2018,CT,2019,minivan,47447.63045689295,360,560
2018,CT,2019,pickup,56678.44765100776,1652,560
2018,CT,2019,suv,59228.98242788818,2089,560
2018,DE,2016,car,41522.399650868385,12,468
2018,DE,2016,suv,49170.62584476463,5,468
2018,DE,2016,cuv,62493.608437165494,3,468
2018,DE,2016,pickup,56923.16490791809,4,468
2018,DE,2017,car,34557.9715110699,533,468
2018,DE,2017,cuv,37052.87410378991,448,468
2018,DE,2017,suv,57086.399940932846,217,468
2018,DE,2017,pickup,51488.25588886357,328,468
2018,DE,2017,minivan,36544.844288633554,75,468
2018,DE,2018,car,33543.474599264206,5618,468
2018,DE,2018,minivan,43249.39631415949,403,468
2018,DE,2018,cuv,41397.00896505013,6929,468
2018,DE,2018,suv,61164.54410477401,2302,468
2018,DE,2018,pickup,51816.67807130273,3436,468
2018,DE,2019,minivan,45736.697263820555,102,468
2018,DE,2019,car,37297.3228523836,1064,468
2018,DE,2019,cuv,45218.42998631814,1939,468
2018,DE,2019,suv,52621.97775897228,666,468
2018,DE,2019,pickup,56760.315381889646,733,468
2018,FL,2016,car,38847.385311230275,279,644
2018,FL,2016,cuv,37953.34845339854,87,644
2018,FL,2016,pickup,48772.08048456418,104,644
2018,FL,2016,suv,64663.176104927676,44,644
2018,FL,2016,minivan,37624.051433525776,10,644
2018,FL,2017,car,33003.42001478183,10452,644
2018,FL,2017,cuv,37465.97224607885,6959,644
2018,FL,2017,minivan,40136.51540715872,1069,644
2018,FL,2017,pickup,45281.629104164014,5159,644
2018,FL,2017,suv,57503.05914127606,3433,644
2018,FL,2018,car,33587.8647033282,175201,644
2018,FL,2018,cuv,40341.929770445895,167728,644
2018,FL,2018,minivan,44414.71218788133,10095,644
2018,FL,2018,pickup,47599.068670493994,76044,644
2018,FL,2018,suv,62300.8091595631,45864,644
2018,FL,2019,car,37190.04147280851,43504,644
2018,FL,2019,cuv,46032.641954921186,42399,644
2018,FL,2019,minivan,48275.49094469089,3532,644
2018,FL,2019,pickup,52677.674151333864,15133,644
2018,FL,2019,suv,61195.8560965779,10970,644
2018,GA,2016,car,34630.372844990496,148,591
2018,GA,2016,suv,65631.35478421723,19,591
2018,GA,2016,cuv,38386.07625177225,32,591
2018,GA,2016,pickup,50811.23891021776,61,591
2018,GA,2016,minivan,48262.79727230896,18,591
2018,GA,2017,car,31142.810332874076,5182,591
2018,GA,2017,minivan,40331.63569570621,317,591
2018,GA,2017,cuv,38423.48220293064,3225,591
2018,GA,2017,pickup,47567.267933460746,3456,591
2018,GA,2017,suv,61530.25101567166,1505,591
2018,GA,2018,car,32589.89718190374,66784,591
2018,GA,2018,minivan,45234.64795559183,3899,591
2018,GA,2018,cuv,40751.130430386045,61062,591
2018,GA,2018,pickup,49699.87426710946,37765,591
2018,GA,2018,suv,61469.585175663735,22476,591
2018,GA,2019,car,35079.479718498624,14707,591
2018,GA,2019,minivan,48669.47341205117,1552,591
2018,GA,2019,cuv,46940.37574331154,13728,591
2018,GA,2019,pickup,55423.148696409844,6937,591
2018,GA,2019,suv,53924.214862080305,5230,591
2018,HI,2016,car,34934.88372433747,29,464
2018,HI,2016,pickup,55716.07985077219,13,464
2018,HI,2016,minivan,37524.134442258015,8,464
2018,HI,2016,suv,107336.15622700837,6,464
2018,HI,2016,cuv,46132.21204796303,6,464
2018,HI,2017,car,33478.41657140884,791,464
2018,HI,2017,minivan,40623.81358144469,60,464
2018,HI,2017,cuv,41839.82050437226,626,464
2018,HI,2017,pickup,42937.36874605691,785,464
2018,HI,2017,suv,62947.79051559567,127,464
2018,HI,2018,car,34112.33198781557,7605,464
2018,HI,2018,cuv,40927.52380852413,6992,464
2018,HI,2018,minivan,46206.45098607201,927,464
2018,HI,2018,pickup,47137.36929626092,5820,464
2018,HI,2018,suv,54810.42200041167,2106,464
2018,HI,2019,car,35533.63601803903,1049,464
2018,HI,2019,cuv,44192.80735731897,1343,464
2018,HI,2019,minivan,46312.58954942378,247,464
2018,HI,2019,pickup,50374.615516705744,606,464
2018,HI,2019,suv,49552.124654526684,467,464
2018,IA,2016,cuv,42987.656669306525,10,518
2018,IA,2016,pickup,49632.834203659295,10,518
2018,IA,2016,car,47470.339656474505,33,518
2018,IA,2016,minivan,28195.612969858837,1,518
2018,IA,2016,suv,29167.079998547608,1,518
2018,IA,2017,car,34185.49740440232,1079,518
2018,IA,2017,minivan,38518.783637183704,246,518
2018,IA,2017,pickup,52420.53615383932,1041,518
2018,IA,2017,cuv,38056.56147862088,1157,518
2018,IA,2017,suv,64808.2438908091,566,518
2018,IA,2018,car,32893.58220466396,12743,518
2018,IA,2018,minivan,43957.31133325231,2338,518
2018,IA,2018,cuv,41370.13376209015,20001,518
2018,IA,2018,pickup,54645.08903786168,16511,518
2018,IA,2018,suv,62709.182622208165,6269,518
2018,IA,2019,car,37231.94779888385,2048,518
2018,IA,2019,minivan,49341.95425449715,574,518
2018,IA,2019,cuv,46029.26710386764,5339,518
2018,IA,2019,pickup,59954.47555636057,2979,518
2018,IA,2019,suv,55296.487852478305,1935,518
2018,ID,2016,car,41681.491105961126,17,460
2018,ID,2016,suv,82824.16388044435,3,460
2018,ID,2016,cuv,32574.10935862218,2,460
2018,ID,2016,pickup,55204.84708956224,2,460
2018,ID,2017,car,33818.7344503722,691,460
2018,ID,2017,cuv,35989.10239052534,593,460
2018,ID,2017,minivan,40128.59972957173,84,460
2018,ID,2017,pickup,49301.93511125957,463,460
2018,ID,2017,suv,64945.60262457484,286,460
2018,ID,2018,car,32806.144449812426,5230,460
2018,ID,2018,cuv,39815.404000442555,8496,460
2018,ID,2018,minivan,43844.59159255509,415,460
2018,ID,2018,pickup,54407.10119522691,8749,460
2018,ID,2018,suv,62866.74628593666,4056,460
2018,ID,2019,car,35559.30594689783,975,460
2018,ID,2019,cuv,45995.07348170204,1684,460
2018,ID,2019,minivan,48048.70162864248,88,460
2018,ID,2019,pickup,59503.235540470225,1724,460
2018,ID,2019,suv,54230.58669799629,1023,460
2018,IL,2016,cuv,35669.66523428343,85,612
2018,IL,2016,car,38768.24477865953,185,612
2018,IL,2016,pickup,53543.12160608796,36,612
2018,IL,2016,suv,66224.83460338265,24,612
2018,IL,2016,minivan,35979.31174797506,3,612
2018,IL,2017,car,32927.25643860026,6085,612
2018,IL,2017,minivan,35844.363351601285,917,612
2018,IL,2017,cuv,36864.52137137858,5510,612
2018,IL,2017,pickup,48449.6290979968,2476,612
2018,IL,2017,suv,62696.77943991865,2171,612
2018,IL,2018,car,32552.157256141687,72109,612
2018,IL,2018,minivan,43073.14727042359,8552,612
2018,IL,2018,cuv,40368.77679488999,96829,612
2018,IL,2018,pickup,51985.191721651754,30461,612
2018,IL,2018,suv,60153.99064702032,25369,612
2018,IL,2019,car,37722.93171283683,12680,612
2018,IL,2019,cuv,46063.87155579536,23021,612
2018,IL,2019,minivan,47490.581042728176,2410,612
2018,IL,2019,pickup,57687.621161072144,5371,612
2018,IL,2019,suv,51569.4049696341,7677,612
2018,IN,2016,minivan,35695.94338065797,8,587
2018,IN,2016,car,37879.354646480395,86,587
2018,IN,2016,pickup,51983.09116791049,30,587
2018,IN,2016,cuv,41931.537442886656,50,587
2018,IN,2016,suv,74559.99725696472,15,587
2018,IN,2017,car,33953.26535747016,3000,587
2018,IN,2017,minivan,39476.860529498896,322,587
2018,IN,2017,cuv,39507.3003035775,2838,587
2018,IN,2017,pickup,49469.9007023773,1525,587
2018,IN,2017,suv,61442.52928277495,1041,587
2018,IN,2018,car,32718.4054271557,33159,587
2018,IN,2018,minivan,44998.60236548399,3959,587
2018,IN,2018,cuv,40141.44618188762,45675,587
2018,IN,2018,pickup,52325.5430797141,21862,587
2018,IN,2018,suv,61712.21752372092,12122,587
2018,IN,2019,car,36575.96850387235,5286,587
2018,IN,2019,minivan,48219.190755307034,1337,587
2018,IN,2019,cuv,43306.46507227023,11089,587
2018,IN,2019,pickup,57719.47233951181,4069,587
2018,IN,2019,suv,55165.10495400237,3069,587
2018,KS,2016,car,39174.58519178626,42,519
2018,KS,2016,minivan,36175.03760855907,3,519
2018,KS,2016,suv,57767.13778230178,12,519
2018,KS,2016,cuv,33657.14642816118,26,519
2018,KS,2016,pickup,50696.36842653582,13,519
2018,KS,2017,car,31839.803306224367,1090,519
2018,KS,2017,cuv,37417.63164546119,920,519
2018,KS,2017,minivan,40566.3412864605,134,519
2018,KS,2017,pickup,50165.22368400404,898,519
2018,KS,2017,suv,59728.56853605052,429,519
2018,KS,2018,car,32966.84366240951,11315,519
2018,KS,2018,cuv,40461.84228059974,14095,519
2018,KS,2018,minivan,45344.93402826525,1087,519
2018,KS,2018,pickup,53448.88970951795,10225,519
2018,KS,2018,suv,61142.50698498565,5142,519
2018,KS,2019,car,39397.187762725334,1689,519
2018,KS,2019,cuv,45303.809122144026,3113,519
2018,KS,2019,minivan,49495.86136892337,325,519
2018,KS,2019,pickup,59568.33860490333,1583,519
2018,KS,2019,suv,56964.181334442575,990,519
2018,KY,2016,cuv,34651.39506707346,23,529
2018,KY,2016,car,42171.59076119307,48,529
2018,KY,2016,pickup,51211.65777510662,9,529
2018,KY,2016,minivan,34825.817841833436,2,529
2018,KY,2016,suv,67044.319747014335,10,529
2018,KY,2017,car,33180.91130519365,1999,529
2018,KY,2017,minivan,38608.51106146967,184,529
2018,KY,2017,cuv,36020.52295807124,1783,529
2018,KY,2017,pickup,48541.50209933898,1159,529
2018,KY,2017,suv,62093.94324978373,716,529
2018,KY,2018,car,30951.816719334427,20652,529
2018,KY,2018,minivan,42642.59900901071,1937,529
2018,KY,2018,cuv,38561.304433836034,23540,529
2018,KY,2018,pickup,50756.04039285866,13962,529
2018,KY,2018,suv,60523.80100487361,7254,529
2018,KY,2019,car,34960.84642575448,3718,529
2018,KY,2019,minivan,46638.69950395047,697,529
2018,KY,2019,cuv,43564.822814544765,4848,529
2018,KY,2019,pickup,56009.10714247729,2913,529
2018,KY,2019,suv,51271.151815631565,2105,529
2018,LA,2016,minivan,44538.80009784687,17,564
2018,LA,2016,car,37409.124593850036,204,564
2018,LA,2016,pickup,54254.19385691323,67,564
2018,LA,2016,cuv,43403.27677036968,88,564
2018,LA,2016,suv,59030.57993861604,50,564
2018,LA,2017,car,32985.11791345566,2275,564
2018,LA,2017,minivan,41504.817437360834,202,564
2018,LA,2017,pickup,49007.717277723685,2090,564
2018,LA,2017,cuv,40550.366645273825,1625,564
2018,LA,2017,suv,63612.45024435332,937,564
2018,LA,2018,car,32656.364324459137,25019,564
2018,LA,2018,minivan,44386.774162582646,1308,564
2018,LA,2018,cuv,40446.04793603951,23245,564
2018,LA,2018,pickup,50405.20457068173,26254,564
2018,LA,2018,suv,63337.14848004135,11451,564
2018,LA,2019,car,36012.52611100783,3871,564
2018,LA,2019,minivan,47153.127039016086,376,564
2018,LA,2019,cuv,45909.18300559537,5212,564
2018,LA,2019,pickup,56809.05442923603,4417,564
2018,LA,2019,suv,56773.5660667199,2800,564
2018,MA,2016,car,36881.48229988895,119,591
2018,MA,2016,minivan,34146.842013530055,2,591
2018,MA,2016,pickup,49529.2048276391,51,591
2018,MA,2016,cuv,37288.65656729623,37,591
2018,MA,2016,suv,85915.42607179002,8,591
2018,MA,2017,car,33708.61219483251,3566,591
2018,MA,2017,cuv,39539.45373561988,2933,591
2018,MA,2017,minivan,41360.10902638089,337,591
2018,MA,2017,pickup,51156.2031498156,1622,591
2018,MA,2017,suv,60160.329290882495,1006,591
2018,MA,2018,car,34854.14967573889,45863,591
2018,MA,2018,cuv,42492.481812625345,69676,591
2018,MA,2018,minivan,45666.977265075664,3063,591
2018,MA,2018,pickup,50991.92058926911,23612,591
2018,MA,2018,suv,59851.25178235325,16409,591
2018,MA,2019,car,37391.41213507857,10363,591
2018,MA,2019,cuv,46656.18253783451,14908,591
2018,MA,2019,minivan,46697.62383142027,1014,591
2018,MA,2019,pickup,54112.937053688875,4870,591
2018,MA,2019,suv,53364.18393832355,4755,591
2018,MD,2016,car,30522.48395234087,283,585
2018,MD,2016,cuv,40430.263366731226,140,585
2018,MD,2016,pickup,49623.54916177145,18,585
2018,MD,2016,suv,57866.186618857435,14,585
2018,MD,2016,minivan,42551.978760408376,33,585
2018,MD,2017,car,31945.812272094307,4405,585
2018,MD,2017,cuv,37172.77593323284,3338,585
2018,MD,2017,minivan,40673.678838612366,307,585
2018,MD,2017,pickup,45237.05737778462,1483,585
2018,MD,2017,suv,60997.47787116188,913,585
2018,MD,2018,car,31676.44562812862,59042,585
2018,MD,2018,cuv,40120.90804571099,59635,585
2018,MD,2018,minivan,43861.47847734071,4646,585
2018,MD,2018,pickup,48704.470989995374,18072,585
2018,MD,2018,suv,58572.09625941918,13775,585
2018,MD,2019,car,36381.06266663115,12292,585
2018,MD,2019,cuv,47047.30783702981,12283,585
2018,MD,2019,minivan,48104.855630836144,1742,585
2018,MD,2019,pickup,53502.41532117908,3965,585
2018,MD,2019,suv,53030.867006319306,3289,585
2018,ME,2016,car,39362.72780968867,13,470
2018,ME,2016,pickup,55191.07291224644,7,470
2018,ME,2016,minivan,37146.93997722001,2,470
2018,ME,2016,suv,66637.76801671865,1,470
2018,ME,2016,cuv,37095.81452754905,2,470
2018,ME,2017,car,30969.75012875267,817,470
2018,ME,2017,minivan,43600.39169018299,96,470
2018,ME,2017,pickup,50161.74459985491,677,470
2018,ME,2017,cuv,38755.28510404034,540,470
2018,ME,2017,suv,64796.255744684204,163,470
2018,ME,2018,car,32604.215087384906,6485,470
2018,ME,2018,minivan,43485.071673393264,520,470
2018,ME,2018,pickup,51991.26129616481,8888,470
2018,ME,2018,cuv,39185.12692967718,12467,470
2018,ME,2018,suv,57639.400138283585,2806,470
2018,ME,2019,car,36854.6101815349,1484,470
2018,ME,2019,minivan,44803.40710988773,138,470
2018,ME,2019,pickup,56126.674039616984,1745,470
2018,ME,2019,cuv,43212.022253458934,2623,470
2018,ME,2019,suv,49947.046174849485,829,470
2018,MI,2016,car,38142.95314022223,133,589
2018,MI,2016,minivan,38369.34161311777,3,589
2018,MI,2016,cuv,36937.636910067726,44,589
2018,MI,2016,pickup,52111.38701003306,56,589
2018,MI,2016,suv,63448.3781005231,22,589
2018,MI,2017,car,36598.58067096189,3722,589
2018,MI,2017,minivan,39871.80386208006,478,589
2018,MI,2017,cuv,40129.33051193702,3212,589
2018,MI,2017,pickup,49955.169262393814,1621,589
2018,MI,2017,suv,63685.27400467297,1427,589
2018,MI,2018,car,34648.923741201856,53204,589
2018,MI,2018,minivan,45137.75623487958,9254,589
2018,MI,2018,cuv,38179.572293425605,130252,589
2018,MI,2018,pickup,52066.479546176386,62567,589
2018,MI,2018,suv,60079.85411844004,29394,589
2018,MI,2019,car,39131.335339312005,7321,589
2018,MI,2019,cuv,39745.49423696573,36661,589
2018,MI,2019,minivan,47804.38109005463,1359,589
2018,MI,2019,pickup,56078.99789054281,13430,589
2018,MI,2019,suv,52055.35896026451,9129,589
2018,MN,2016,car,34166.03392531848,104,538
2018,MN,2016,cuv,40833.308537432466,82,538
2018,MN,2016,suv,76327.51222872495,27,538
2018,MN,2016,pickup,54048.280231883706,63,538
2018,MN,2017,car,33929.43066720426,1679,538
2018,MN,2017,minivan,40232.45363775804,309,538
2018,MN,2017,cuv,36740.93854039489,2357,538
2018,MN,2017,pickup,52163.7555741042,1340,538
2018,MN,2017,suv,58748.36948841962,950,538
2018,MN,2018,car,34500.6251260828,23360,538
2018,MN,2018,minivan,44170.59456388148,3602,538
2018,MN,2018,cuv,41368.71189091705,44859,538
2018,MN,2018,pickup,54369.97802718935,26656,538
2018,MN,2018,suv,61688.62987887105,11601,538
2018,MN,2019,car,37977.35646219908,4087,538
2018,MN,2019,minivan,45815.47406986597,848,538
2018,MN,2019,cuv,46090.740265817345,10664,538
2018,MN,2019,pickup,59044.82562788035,5371,538
2018,MN,2019,suv,51399.452526392786,4266,538
2018,MO,2016,car,39342.59366006623,76,559
2018,MO,2016,suv,78362.08666154588,9,559
2018,MO,2016,cuv,33242.85162143301,39,559
2018,MO,2016,minivan,34767.508149673275,15,559
2018,MO,2016,pickup,48818.52785854609,32,559
2018,MO,2017,car,30413.499284480942,3402,559
2018,MO,2017,minivan,38826.09502921692,506,559
2018,MO,2017,pickup,48322.7893154798,2023,559
2018,MO,2017,cuv,35873.269247913595,3111,559
2018,MO,2017,suv,62464.20625871839,1137,559
2018,MO,2018,car,31482.271853617232,32792,559
2018,MO,2018,minivan,43045.321315191315,3280,559
2018,MO,2018,pickup,51761.33425273653,25127,559
2018,MO,2018,cuv,38569.215907697384,40486,559
2018,MO,2018,suv,60542.13957934267,13129,559
2018,MO,2019,car,35800.924868516864,4564,559
2018,MO,2019,cuv,44214.91905013128,8039,559
2018,MO,2019,minivan,47833.84632318206,874,559
2018,MO,2019,pickup,57599.24458688054,4023,559
2018,MO,2019,suv,52686.615434810126,3077,559
2018,MS,2016,minivan,36229.22913277645,3,473
2018,MS,2016,pickup,51842.68007868407,11,473
2018,MS,2016,suv,64222.95410747241,2,473
2018,MS,2016,car,33869.418448117074,29,473
2018,MS,2016,cuv,27844.505859208257,5,473
2018,MS,2017,car,31333.306121832615,1088,473
2018,MS,2017,cuv,40011.564451386555,773,473
2018,MS,2017,minivan,42625.037953462204,92,473
2018,MS,2017,pickup,50153.22537640444,1047,473
2018,MS,2017,suv,61935.21686004398,449,473
2018,MS,2018,car,32430.708851921136,11933,473
2018,MS,2018,cuv,39422.543622783094,10854,473
2018,MS,2018,minivan,43997.950570824534,583,473
2018,MS,2018,pickup,51664.799909933754,10440,473
2018,MS,2018,suv,62906.97769449916,4929,473
2018,MS,2019,car,34988.13409253411,2074,473
2018,MS,2019,cuv,44908.68408338634,2274,473
2018,MS,2019,minivan,47815.19098029788,273,473
2018,MS,2019,pickup,57557.73346032394,1956,473
2018,MS,2019,suv,55139.17949341823,1237,473
2018,MT,2016,cuv,46332.075594520174,12,495
2018,MT,2016,car,52578.67366990049,38,495
2018,MT,2016,pickup,55067.519395582305,5,495
2018,MT,2016,suv,49290.08868220906,1,495
2018,MT,2016,minivan,39400.71975442171,2,495
2018,MT,2017,car,36611.321738171406,884,495
2018,MT,2017,cuv,41792.32339833964,641,495
2018,MT,2017,minivan,44233.301504502015,50,495
2018,MT,2017,pickup,54413.18856307979,485,495
2018,MT,2017,suv,67795.5050143973,230,495
2018,MT,2018,car,37141.54349744209,11305,495
2018,MT,2018,cuv,42754.573206978996,14330,495
2018,MT,2018,minivan,47044.0466087041,874,495
2018,MT,2018,pickup,55977.39290808603,8346,495
2018,MT,2018,suv,62463.816809055454,4358,495
2018,MT,2019,car,41980.77341692837,1943,495
2018,MT,2019,cuv,48969.47877123091,2699,495
2018,MT,2019,minivan,49592.7261913563,271,495
2018,MT,2019,pickup,60462.79830042012,1831,495
2018,MT,2019,suv,53154.23366428179,1275,495
2018,NC,2016,car,31043.184733193833,575,612
2018,NC,2016,cuv,36695.8348094291,127,612
2018,NC,2016,pickup,51086.07420277881,48,612
2018,NC,2016,suv,64881.22309735675,17,612
2018,NC,2016,minivan,32650.334617237633,6,612
2018,NC,2017,car,32115.964107887736,5866,612
2018,NC,2017,cuv,38360.782646912456,4172,612
2018,NC,2017,minivan,40508.999590427054,360,612
2018,NC,2017,pickup,47636.07408266133,3579,612
2018,NC,2017,suv,62728.2542580349,1731,612
2018,NC,2018,car,34277.86683548859,71606,612
2018,NC,2018,cuv,42058.800234824084,68826,612
2018,NC,2018,minivan,46107.03766051931,4622,612
2018,NC,2018,pickup,51137.958889018206,36561,612
2018,NC,2018,suv,61735.20833962747,22935,612
2018,NC,2019,car,38075.654428513495,14279,612
2018,NC,2019,cuv,49182.58735626568,15996,612
2018,NC,2019,minivan,49149.71229116544,2109,612
2018,NC,2019,pickup,55892.203548149046,6832,612
2018,NC,2019,suv,56189.031912737155,5876,612
2018,ND,2016,car,56018.88508337715,3,373
2018,ND,2017,car,38151.523116133074,216,373
2018,ND,2017,pickup,53195.21407377914,267,373
2018,ND,2017,suv,65138.35371879914,102,373
2018,ND,2017,cuv,39054.34280270961,243,373
2018,ND,2017,minivan,44400.10614451496,40,373
2018,ND,2018,car,33343.63076962267,2719,373
2018,ND,2018,minivan,45082.03906706448,323,373
2018,ND,2018,pickup,56302.96290533452,6311,373
2018,ND,2018,cuv,41849.62051010046,5393,373
2018,ND,2018,suv,66745.90158104902,1957,373
2018,ND,2019,car,37847.53749934969,338,373
2018,ND,2019,pickup,60862.53418062166,1092,373
2018,ND,2019,cuv,46967.20430304698,1376,373
2018,ND,2019,suv,62690.23737714644,583,373
2018,ND,2019,minivan,46737.968911976204,66,373
2018,NE,2016,car,32429.59131411857,18,500
2018,NE,2016,pickup,53801.57793650535,10,500
2018,NE,2016,cuv,42250.35454995398,6,500
2018,NE,2016,suv,91550.6569650214,3,500
2018,NE,2016,minivan,31886.67503136763,1,500
2018,NE,2017,car,34368.21401784608,657,500
2018,NE,2017,cuv,39484.50941050583,780,500
2018,NE,2017,minivan,42837.42864308997,109,500
2018,NE,2017,pickup,50962.48231184713,824,500
2018,NE,2017,suv,62697.967307059356,407,500
2018,NE,2018,car,34639.52905365735,9227,500
2018,NE,2018,cuv,41888.6306303795,14027,500
2018,NE,2018,minivan,45691.022345931146,1241,500
2018,NE,2018,pickup,56125.52204458118,11759,500
2018,NE,2018,suv,65361.82700159512,5248,500
2018,NE,2019,car,36883.80705174382,1628,500
2018,NE,2019,cuv,46691.671462516424,3351,500
2018,NE,2019,minivan,48960.843088336995,302,500
2018,NE,2019,pickup,59381.7690891928,2336,500
2018,NE,2019,suv,52305.964282575005,1758,500
2018,NH,2016,pickup,57606.481828111806,8,504
2018,NH,2016,suv,88710.82578125336,2,504
2018,NH,2016,car,32988.270112436825,31,504
2018,NH,2016,cuv,44453.83163029488,11,504
2018,NH,2017,car,31309.201441372883,945,504
2018,NH,2017,minivan,39001.21245781725,99,504
2018,NH,2017,cuv,40121.139673380574,664,504
2018,NH,2017,suv,65746.83319695624,207,504
2018,NH,2017,pickup,51125.84872422987,585,504
2018,NH,2018,car,32901.01647551421,11213,504
2018,NH,2018,minivan,44848.72830283801,630,504
2018,NH,2018,pickup,51288.46319833036,11091,504
2018,NH,2018,cuv,40625.103949516335,18309,504
2018,NH,2018,suv,58795.36419450126,3442,504
2018,NH,2019,car,36587.078846105396,3180,504
2018,NH,2019,minivan,47529.98188287706,154,504
2018,NH,2019,pickup,55477.43941074953,1982,504
2018,NH,2019,suv,53485.07382003337,994,504
2018,NH,2019,cuv,44143.982858703326,4733,504
2018,NJ,2016,car,40127.14834598684,97,605
2018,NJ,2016,cuv,41481.67597754999,47,605
2018,NJ,2016,suv,89212.22704781867,8,605
2018,NJ,2016,minivan,34368.96088109988,3,605
2018,NJ,2016,pickup,55240.14383356906,20,605
2018,NJ,2017,car,35569.06495706221,3819,605
2018,NJ,2017,cuv,42091.55717830921,3204,605
2018,NJ,2017,minivan,43531.369458318026,438,605
2018,NJ,2017,pickup,51082.35457608916,1307,605
2018,NJ,2017,suv,64777.141056970024,1237,605
2018,NJ,2018,car,36566.823851412155,74825,605
2018,NJ,2018,cuv,44142.099868681784,97726,605
2018,NJ,2018,minivan,46577.82805147573,5026,605
2018,NJ,2018,pickup,53921.74183899915,18402,605
2018,NJ,2018,suv,62836.29485868151,26418,605
2018,NJ,2019,car,41674.58194628695,16184,605
2018,NJ,2019,cuv,48884.33047486207,26604,605
2018,NJ,2019,minivan,47973.66909115679,1829,605
2018,NJ,2019,pickup,58080.75581777648,4553,605
2018,NJ,2019,suv,58804.26592103629,7404,605
2018,NM,2016,car,33930.96306865521,39,503
2018,NM,2016,cuv,43759.83251555582,8,503
2018,NM,2016,suv,54685.730983035035,5,503
2018,NM,2016,pickup,54769.680282422465,14,503
2018,NM,2016,minivan,32075.07299075714,1,503
2018,NM,2017,car,34116.12285746456,990,503
2018,NM,2017,cuv,39930.62236830305,653,503
2018,NM,2017,minivan,41683.207518919255,67,503
2018,NM,2017,pickup,51495.90657352933,699,503
2018,NM,2017,suv,60388.80769521203,264,503
2018,NM,2018,car,31450.158255263817,10387,503
2018,NM,2018,cuv,38264.98287831993,9170,503
2018,NM,2018,minivan,42869.23041780285,454,503
2018,NM,2018,pickup,54097.58265802503,7668,503
2018,NM,2018,suv,61086.18403420041,3457,503
2018,NM,2019,car,34529.507972911975,1577,503
2018,NM,2019,cuv,44263.98917479473,1806,503
2018,NM,2019,minivan,45172.03851252791,141,503
2018,NM,2019,pickup,58004.26080848221,1428,503
2018,NM,2019,suv,53636.07368015422,979,503
2018,NV,2016,car,32807.492624262006,28,503
2018,NV,2016,pickup,56053.77127056159,6,503
2018,NV,2016,suv,57810.88140849681,3,503
2018,NV,2016,minivan,42175.92036592083,1,503
2018,NV,2016,cuv,46873.767704569254,2,503
2018,NV,2017,car,33163.49437480781,1357,503
2018,NV,2017,cuv,37802.44806026271,997,503
2018,NV,2017,minivan,38537.44159065591,146,503
2018,NV,2017,pickup,48150.47830025612,499,503
2018,NV,2017,suv,60291.59747479028,448,503
2018,NV,2018,car,34507.47945305548,18301,503
2018,NV,2018,cuv,40474.654089440475,17813,503
2018,NV,2018,minivan,44692.75492399942,963,503
2018,NV,2018,pickup,50280.69154776762,10111,503
2018,NV,2018,suv,58865.024931157364,6588,503
2018,NV,2019,car,36945.13867636408,3968,503
2018,NV,2019,cuv,45641.583537352824,3969,503
2018,NV,2019,minivan,47831.36948871086,304,503
2018,NV,2019,pickup,54104.74472536062,2203,503
2018,NV,2019,suv,52763.71769988284,1604,503
2018,NY,2016,car,33808.77475974543,707,654
2018,NY,2016,cuv,40151.92310965987,488,654
2018,NY,2016,suv,61712.504739856064,59,654
2018,NY,2016,pickup,51258.75110689653,67,654
2018,NY,2016,minivan,44671.52225176323,62,654
2018,NY,2017,car,34472.25393467346,7065,654
2018,NY,2017,cuv,39202.51858241055,6332,654
2018,NY,2017,minivan,41247.9622967858,914,654
2018,NY,2017,pickup,50792.756305823474,2494,654
2018,NY,2017,suv,63644.01557752741,1958,654
2018,NY,2018,car,35021.981490308965,101571,654
2018,NY,2018,cuv,41283.10332294125,165068,654
2018,NY,2018,minivan,45348.541936450165,9748,654
2018,NY,2018,pickup,52745.291961837596,47352,654
2018,NY,2018,suv,61640.03427588152,40560,654
2018,NY,2019,car,40265.30561179198,20367,654
2018,NY,2019,cuv,44949.13990135327,42596,654
2018,NY,2019,minivan,46443.70221511756,2749,654
2018,NY,2019,pickup,57450.568335283366,10443,654
2018,NY,2019,suv,54853.73492245688,13957,654
2018,OH,2016,car,38619.93938007437,174,600
2018,OH,2016,minivan,34702.77331821018,4,600
2018,OH,2016,cuv,38762.73931007191,46,600
2018,OH,2016,pickup,49739.815152912,61,600
2018,OH,2016,suv,75957.55121084122,25,600
2018,OH,2017,car,33793.52163825594,5979,600
2018,OH,2017,cuv,37188.05727424034,5424,600
2018,OH,2017,minivan,38415.32671380798,571,600
2018,OH,2017,pickup,48049.49492206436,2587,600
2018,OH,2017,suv,60087.86163186781,2066,600
2018,OH,2018,car,31918.65461203792,84687,600
2018,OH,2018,cuv,38957.22888632182,110678,600
2018,OH,2018,minivan,43690.91991482173,8110,600
2018,OH,2018,pickup,51529.34587743914,45005,600
2018,OH,2018,suv,59867.11977216856,24167,600
2018,OH,2019,car,35180.046030960446,14571,600
2018,OH,2019,cuv,42180.501367592886,26855,600
2018,OH,2019,minivan,47514.78604405377,2553,600
2018,OH,2019,pickup,55454.686429143134,8985,600
2018,OH,2019,suv,50134.41831757632,7238,600
2018,OK,2016,car,35827.61004823157,111,562
2018,OK,2016,cuv,39565.1680964753,32,562
2018,OK,2016,suv,69178.88634985486,28,562
2018,OK,2016,pickup,50944.94438338775,61,562
2018,OK,2016,minivan,36890.64065340585,2,562
2018,OK,2017,car,32942.5775329419,1815,562
2018,OK,2017,cuv,39141.143455699144,1361,562
2018,OK,2017,minivan,39534.783826205276,187,562
2018,OK,2017,pickup,50071.17467643748,1929,562
2018,OK,2017,suv,65292.82473800179,951,562
2018,OK,2018,car,31829.096863667513,18842,562
2018,OK,2018,cuv,39261.864980516366,20504,562
2018,OK,2018,minivan,41496.32441685416,1196,562
2018,OK,2018,pickup,51256.49442103304,19411,562
2018,OK,2018,suv,65252.15189192994,8886,562
2018,OK,2019,cuv,44494.05249111742,4825,562
2018,OK,2019,car,37246.40116609893,3195,562
2018,OK,2019,minivan,47080.94076289397,392,562
2018,OK,2019,pickup,56530.65153441002,3936,562
2018,OK,2019,suv,55265.32039565434,2697,562
2018,OR,2016,car,38108.027961701206,56,538
2018,OR,2016,cuv,49877.000354773234,9,538
2018,OR,2016,suv,87681.94824240419,1,538
2018,OR,2016,pickup,57113.666784041736,5,538
2018,OR,2016,minivan,38481.47052053859,1,538
2018,OR,2017,car,36478.20696485016,2011,538
2018,OR,2017,cuv,40361.02565384633,1464,538
2018,OR,2017,minivan,40907.57231547127,284,538
2018,OR,2017,pickup,49289.90948008574,836,538
2018,OR,2017,suv,59276.380625483725,489,538
2018,OR,2018,car,36737.707820872034,28336,538
2018,OR,2018,cuv,43231.52051579879,33139,538
2018,OR,2018,minivan,46986.629056387,2225,538
2018,OR,2018,pickup,53013.11208393928,13885,538
2018,OR,2018,suv,60539.75699523335,8151,538
2018,OR,2019,car,38975.9819475989,6500,538
2018,OR,2019,cuv,48755.337853476245,7097,538
2018,OR,2019,minivan,49450.27938151079,616,538
2018,OR,2019,pickup,57473.00184077167,3177,538
2018,OR,2019,suv,50838.26756869736,2666,538
2018,PA,2016,car,35159.32747339013,184,635
2018,PA,2016,pickup,50330.63397505135,59,635
2018,PA,2016,cuv,41909.09499663092,90,635
2018,PA,2016,suv,72413.38590149497,29,635
2018,PA,2016,minivan,33486.2014919177,10,635
2018,PA,2017,car,32936.40397356854,6286,635
2018,PA,2017,cuv,39024.474822310134,5884,635
2018,PA,2017,minivan,39382.695033902135,609,635
2018,PA,2017,pickup,49206.78411436964,3280,635
2018,PA,2017,suv,62181.114827608486,1795,635
2018,PA,2018,car,33054.12991283129,79132,635
2018,PA,2018,cuv,39748.29288477798,124162,635
2018,PA,2018,minivan,42896.98529103197,6398,635
2018,PA,2018,pickup,52121.294830573424,47427,635
2018,PA,2018,suv,58395.00800499546,28570,635
2018,PA,2019,car,36614.2311317394,16156,635
2018,PA,2019,cuv,44909.28431065231,26899,635
2018,PA,2019,minivan,46716.05136667383,1995,635
2018,PA,2019,pickup,55875.13161112792,9850,635
2018,PA,2019,suv,48792.74341287226,9714,635
2018,RI,2016,car,31026.890287088532,10,462
2018,RI,2016,minivan,36432.28812474274,2,462
2018,RI,2016,suv,43222.97800942806,5,462
2018,RI,2016,cuv,30765.954415556425,1,462
2018,RI,2016,pickup,47760.715501771,2,462
2018,RI,2017,car,35124.96912636977,429,462
2018,RI,2017,minivan,42269.16580575016,47,462
2018,RI,2017,cuv,39202.02539952787,473,462
2018,RI,2017,suv,58254.33072315981,159,462
2018,RI,2017,pickup,47656.42171293698,151,462
2018,RI,2018,car,35036.145628299026,5328,462
2018,RI,2018,minivan,43932.76452655036,207,462
2018,RI,2018,cuv,42135.662690447076,7679,462
2018,RI,2018,suv,57889.62517900089,1852,462
2018,RI,2018,pickup,51188.05496200965,3077,462
2018,RI,2019,car,38995.03198335121,1017,462
2018,RI,2019,minivan,45903.4082877175,72,462
2018,RI,2019,cuv,45808.0291466585,1901,462
2018,RI,2019,suv,54294.625070964474,529,462
2018,RI,2019,pickup,55840.3441707027,592,462
2018,SC,2016,car,37390.170989465485,91,552
2018,SC,2016,cuv,33769.770275743875,23,552
2018,SC,2016,pickup,46329.48451409123,15,552
2018,SC,2016,minivan,38352.720470914566,3,552
2018,SC,2016,suv,58659.99766487539,13,552
2018,SC,2017,car,32129.512891427657,2475,552
2018,SC,2017,cuv,39162.29355527378,1471,552
2018,SC,2017,minivan,41918.09775558717,242,552
2018,SC,2017,pickup,47766.26208816231,1445,552
2018,SC,2017,suv,63187.445715384005,791,552
2018,SC,2018,car,32505.66250437887,25465,552
2018,SC,2018,cuv,40762.10211556108,26357,552
2018,SC,2018,minivan,44614.35469266626,1841,552
2018,SC,2018,pickup,50050.887090836295,17306,552
2018,SC,2018,suv,60869.37687714853,9280,552
2018,SC,2019,car,35193.05518072673,4881,552
2018,SC,2019,cuv,47087.286842758396,5905,552
2018,SC,2019,minivan,48711.77068567749,613,552
2018,SC,2019,pickup,54666.28831765298,3209,552
2018,SC,2019,suv,56261.91850001137,2291,552
2018,SD,2016,minivan,29066.140895776563,3,450
2018,SD,2016,car,31394.133592796334,38,450
2018,SD,2016,pickup,55105.24920942219,9,450
2018,SD,2016,cuv,36271.65782944752,9,450
2018,SD,2016,suv,99055.8495246382,1,450
2018,SD,2017,minivan,42551.37583519928,64,450
2018,SD,2017,car,32596.60527189356,330,450
2018,SD,2017,pickup,52047.40523073801,409,450
2018,SD,2017,cuv,40057.94064181217,425,450
2018,SD,2017,suv,63350.892183005795,148,450
2018,SD,2018,minivan,46175.32950270922,650,450
2018,SD,2018,car,33110.94113104037,4476,450
2018,SD,2018,pickup,56779.709312954794,6216,450
2018,SD,2018,cuv,43627.48987845078,7585,450
2018,SD,2018,suv,65219.10417564174,2362,450
2018,SD,2019,minivan,49713.48221708899,192,450
2018,SD,2019,car,36386.92247322764,676,450
2018,SD,2019,pickup,61648.75625200974,1084,450
2018,SD,2019,cuv,48031.691370425506,1927,450
2018,SD,2019,suv,55393.269483231066,734,450
2018,TN,2016,minivan,35443.02154475324,4,575
2018,TN,2016,car,40112.163480306335,87,575
2018,TN,2016,pickup,50554.85914120737,23,575
2018,TN,2016,cuv,41707.074946928544,27,575
2018,TN,2016,suv,58763.03601953151,10,575
2018,TN,2017,car,32050.95096475742,3353,575
2018,TN,2017,minivan,41067.85412314475,285,575
2018,TN,2017,cuv,38079.109758419225,2608,575
2018,TN,2017,pickup,46904.540350908384,2376,575
2018,TN,2017,suv,63063.281977450766,994,575
2018,TN,2018,car,31744.415052428038,31733,575
2018,TN,2018,minivan,44905.1167730702,2019,575
2018,TN,2018,cuv,39440.802563043086,35212,575
2018,TN,2018,pickup,50315.099838997885,22344,575
2018,TN,2018,suv,61632.63513476844,12318,575
2018,TN,2019,cuv,45370.71728869524,6964,575
2018,TN,2019,car,35196.33157366632,5409,575
2018,TN,2019,minivan,48241.25553987587,764,575
2018,TN,2019,pickup,56638.91625465616,3786,575
2018,TN,2019,suv,56417.811266481374,2743,575
2018,TX,2016,car,34410.27411070632,575,677
2018,TX,2016,cuv,37780.16838512382,245,677
2018,TX,2016,minivan,43007.7724076206,34,677
2018,TX,2016,pickup,52189.94316367033,235,677
2018,TX,2016,suv,66823.57043171932,63,677
2018,TX,2017,car,31888.45848772142,16037,677
2018,TX,2017,cuv,38857.63190049259,11967,677
2018,TX,2017,minivan,43049.10622576614,1442,677
2018,TX,2017,pickup,48950.63097940619,13199,677
2018,TX,2017,suv,63329.57954982662,5894,677
2018,TX,2018,car,33074.78613702099,205289,677
2018,TX,2018,cuv,40961.75603065158,207132,677
2018,TX,2018,minivan,44467.94070721691,10991,677
2018,TX,2018,pickup,50884.05605266004,170847,677
2018,TX,2018,suv,64771.58589331394,87711,677
2018,TX,2019,car,36648.60029530478,38183,677
2018,TX,2019,cuv,47872.18908682062,44026,677
2018,TX,2019,minivan,48582.78510001274,3666,677
2018,TX,2019,pickup,56095.47197759628,33571,677
2018,TX,2019,suv,60346.54035771706,19162,677
2018,UT,2016,car,35672.32818917612,32,523
2018,UT,2016,cuv,37774.643464612585,7,523
2018,UT,2016,minivan,29461.90396773447,2,523
2018,UT,2016,suv,70792.87822324496,2,523
2018,UT,2016,pickup,71223.03065792045,3,523
2018,UT,2017,car,32969.169633255035,1635,523
2018,UT,2017,cuv,36062.99689126003,1458,523
2018,UT,2017,minivan,40331.53876767667,190,523
2018,UT,2017,pickup,48575.328440595345,903,523
2018,UT,2017,suv,63551.053296052545,658,523
2018,UT,2018,car,32911.77058986513,17957,523
2018,UT,2018,cuv,40949.787029584986,21360,523
2018,UT,2018,minivan,44967.76905650396,1670,523
2018,UT,2018,pickup,53313.13912440926,13232,523
2018,UT,2018,suv,60284.9939120483,8456,523
2018,UT,2019,car,33854.177346145196,3889,523
2018,UT,2019,cuv,46473.02825435672,3761,523
2018,UT,2019,minivan,48033.54314680245,479,523
2018,UT,2019,pickup,56248.7078751115,2866,523
2018,UT,2019,suv,53105.197214131,2042,523
2018,VA,2016,car,34154.846453010745,251,617
2018,VA,2016,cuv,38033.45886637107,116,617
2018,VA,2016,minivan,46959.798193315386,24,617
2018,VA,2016,suv,64747.70202559414,27,617
2018,VA,2016,pickup,51704.022754848294,42,617
2018,VA,2017,car,29966.933327643037,5045,617
2018,VA,2017,cuv,38683.60347139064,4405,617
2018,VA,2017,minivan,40474.32878541042,481,617
2018,VA,2017,pickup,47994.56553038358,2519,617
2018,VA,2017,suv,61340.75393887369,1567,617
2018,VA,2018,car,32361.698565484745,62912,617
2018,VA,2018,cuv,41194.00078360022,68284,617
2018,VA,2018,minivan,45170.81019358001,5009,617
2018,VA,2018,pickup,50751.64006852652,26712,617
2018,VA,2018,suv,59262.676137364746,20401,617
2018,VA,2019,car,35615.070373773975,12320,617
2018,VA,2019,cuv,48533.09299879441,13467,617
2018,VA,2019,minivan,48590.47522324751,1873,617
2018,VA,2019,pickup,54823.0038094835,4917,617
2018,VA,2019,suv,55232.2686279415,4192,617
2018,VT,2016,pickup,46359.24206180245,23,428
2018,VT,2016,suv,84643.90078295323,3,428
2018,VT,2016,cuv,38821.38442734487,6,428
2018,VT,2016,car,34230.33024295858,8,428
2018,VT,2016,minivan,25472.173080724744,1,428
2018,VT,2017,cuv,39653.0904884383,264,428
2018,VT,2017,car,34945.429472254466,377,428
2018,VT,2017,pickup,51364.40474277504,384,428
2018,VT,2017,suv,59724.060751009405,70,428
2018,VT,2017,minivan,38010.46025071049,32,428
2018,VT,2018,cuv,38286.08654378723,7502,428
2018,VT,2018,car,33419.612401166916,4493,428
2018,VT,2018,pickup,51865.22988371456,5553,428
2018,VT,2018,suv,56703.685328794236,1163,428
2018,VT,2018,minivan,43098.34859757721,302,428
2018,VT,2019,cuv,40501.96217872004,1920,428
2018,VT,2019,car,34752.31072559001,1317,428
2018,VT,2019,pickup,55102.26384397543,1013,428
2018,VT,2019,suv,47566.360600574524,408,428
2018,VT,2019,minivan,46406.36842749372,70,428
2018,WA,2016,car,45267.09583033516,1243,670
2018,WA,2016,suv,65975.73895081361,330,670
2018,WA,2016,pickup,51228.61063594496,380,670
2018,WA,2016,cuv,48014.964251750724,758,670
2018,WA,2016,minivan,39433.98037193963,65,670
2018,WA,2017,car,34086.68139317775,2953,670
2018,WA,2017,cuv,37738.87021420493,2298,670
2018,WA,2017,minivan,38772.559375782446,356,670
2018,WA,2017,pickup,48588.925219698795,1232,670
2018,WA,2017,suv,62384.812660638716,762,670
2018,WA,2018,car,33821.922534284524,34822,670
2018,WA,2018,cuv,41686.71382572049,41387,670
2018,WA,2018,minivan,46114.57733473678,2809,670
2018,WA,2018,pickup,52618.00952704566,19044,670
2018,WA,2018,suv,62140.2828598624,10419,670
2018,WA,2019,car,36642.58427140669,7030,670
2018,WA,2019,cuv,47110.60574234041,8819,670
2018,WA,2019,minivan,50507.13071714836,645,670
2018,WA,2019,pickup,57474.68187325351,3341,670
2018,WA,2019,suv,54616.86027360801,2689,670
2018,WI,2016,car,35879.01142239733,90,565
2018,WI,2016,pickup,49317.92580613584,26,565
2018,WI,2016,cuv,33921.102926505315,44,565
2018,WI,2016,minivan,34752.308801484,5,565
2018,WI,2016,suv,55521.81898079972,4,565
2018,WI,2017,car,33321.25698351783,2628,565
2018,WI,2017,cuv,36642.62150691753,2729,565
2018,WI,2017,minivan,38169.799265660666,456,565
2018,WI,2017,pickup,49416.801804586146,1501,565
2018,WI,2017,suv,61381.674667181716,904,565
2018,WI,2018,car,32987.09331786523,27472,565
2018,WI,2018,cuv,40215.50997173525,47892,565
2018,WI,2018,minivan,42559.426337986275,4990,565
2018,WI,2018,pickup,53713.309324131194,27930,565
2018,WI,2018,suv,59826.78116967147,12474,565
2018,WI,2019,car,36987.997618927235,5023,565
2018,WI,2019,cuv,44461.034026084875,12093,565
2018,WI,2019,minivan,46304.268533308954,1118,565
2018,WI,2019,pickup,59544.415122775456,4873,565
2018,WI,2019,suv,49695.78063348766,4117,565
2018,WV,2016,car,39021.18436133333,13,480
2018,WV,2016,cuv,48726.05864156478,17,480
2018,WV,2016,minivan,44592.90715881211,2,480
2018,WV,2016,suv,79021.20514857143,2,480
2018,WV,2016,pickup,56693.54209091187,7,480
2018,WV,2017,car,33167.73026040342,856,480
2018,WV,2017,minivan,42416.78682492503,86,480
2018,WV,2017,cuv,38728.69381154643,910,480
2018,WV,2017,pickup,50864.43045185368,722,480
2018,WV,2017,suv,60877.66928145453,359,480
2018,WV,2018,car,31164.289371804945,7724,480
2018,WV,2018,minivan,43950.11648827407,597,480
2018,WV,2018,cuv,38583.56445911629,11859,480
2018,WV,2018,pickup,52101.55195279942,8585,480
2018,WV,2018,suv,59197.89033022743,3911,480
2018,WV,2019,car,33494.192827575396,1565,480
2018,WV,2019,minivan,47165.35194094461,207,480
2018,WV,2019,cuv,42836.82357894343,2879,480
2018,WV,2019,pickup,57390.60260257804,1668,480
2018,WV,2019,suv,48224.86217478531,1298,480
2018,WY,2016,car,45966.83262468072,17,340
2018,WY,2016,suv,74145.61939050752,2,340
2018,WY,2016,cuv,38988.70073611323,2,340
2018,WY,2016,pickup,51127.115358780255,2,340
2018,WY,2017,car,33676.545305418906,305,340
2018,WY,2017,minivan,41753.33563016074,18,340
2018,WY,2017,pickup,55109.71238250799,311,340
2018,WY,2017,suv,57418.08832742539,163,340
2018,WY,2017,cuv,38441.69226613766,285,340
2018,WY,2018,car,33972.570657619915,1249,340
2018,WY,2018,cuv,39221.77512231334,2793,340
2018,WY,2018,minivan,44999.87349876819,145,340
2018,WY,2018,pickup,58105.07256029472,3048,340
2018,WY,2018,suv,63986.196793414376,1495,340
2018,WY,2019,car,35133.007360213596,265,340
2018,WY,2019,cuv,46381.664110758764,484,340
2018,WY,2019,suv,55578.37016872213,418,340
2018,WY,2019,pickup,60763.85949541455,732,340
2018,WY,2019,minivan,48349.29576020464,36,340
2019,AK,2017,cuv,49692.76824038895,7,375
2019,AK,2017,pickup,62795.97460699054,2,375
2019,AK,2017,car,40095.14558923553,9,375
2019,AK,2018,cuv,37406.26074892789,298,375
2019,AK,2018,minivan,45377.584371724086,26,375
2019,AK,2018,car,35252.540272054284,260,375
2019,AK,2018,pickup,57435.26366131885,498,375
2019,AK,2018,suv,57619.62824456843,129,375
2019,AK,2019,car,35240.361284794635,1280,375
2019,AK,2019,cuv,42861.336488452755,3449,375
2019,AK,2019,minivan,46928.61639412708,146,375
2019,AK,2019,pickup,55695.160926044904,3263,375
2019,AK,2019,suv,57909.90777904494,1302,375
2019,AK,2020,cuv,46223.820816447515,511,375
2019,AK,2020,minivan,52106.57996664151,37,375
2019,AK,2020,pickup,60208.96546066171,370,375
2019,AK,2020,suv,64917.46727670976,253,375
2019,AK,2020,car,38280.69834180101,134,375
2019,AL,2017,car,31385.525978549376,117,550
2019,AL,2017,pickup,47598.61590799872,35,550
2019,AL,2017,cuv,42304.01273700843,45,550
2019,AL,2017,suv,65457.43617907256,21,550
2019,AL,2017,minivan,39059.7701539437,2,550
2019,AL,2018,car,31699.59344319363,2197,550
2019,AL,2018,minivan,44218.957832367356,132,550
2019,AL,2018,cuv,33399.23267852375,2513,550
2019,AL,2018,pickup,50341.02988786609,2579,550
2019,AL,2018,suv,57236.63089141154,1013,550
2019,AL,2019,car,33140.73438995639,23104,550
2019,AL,2019,cuv,40551.459849521445,23490,550
2019,AL,2019,minivan,45991.779450827366,1321,550
2019,AL,2019,pickup,51500.29555763613,20655,550
2019,AL,2019,suv,59507.725402866476,9137,550
2019,AL,2020,car,32265.343606241782,4974,550
2019,AL,2020,minivan,49492.80046088139,417,550
2019,AL,2020,cuv,45471.8092070236,4775,550
2019,AL,2020,pickup,57834.55643585366,2458,550
2019,AL,2020,suv,63766.81860113916,2301,550
2019,AR,2017,car,34851.44010146045,38,502
2019,AR,2017,minivan,34207.49810310346,5,502
2019,AR,2017,pickup,47161.930743340774,39,502
2019,AR,2017,suv,59475.9257519226,23,502
2019,AR,2017,cuv,49022.590697882384,17,502
2019,AR,2018,car,32679.271399857087,1335,502
2019,AR,2018,minivan,45235.22563163884,77,502
2019,AR,2018,pickup,52387.912979414,2148,502
2019,AR,2018,cuv,30657.790070739986,2226,502
2019,AR,2018,suv,59046.28781726903,1038,502
2019,AR,2019,car,32798.001008403466,13294,502
2019,AR,2019,minivan,44066.88841296734,913,502
2019,AR,2019,pickup,52530.90506816693,16364,502
2019,AR,2019,cuv,38944.24505925154,15938,502
2019,AR,2019,suv,57923.12116523099,7514,502
2019,AR,2020,car,32248.2462780947,2773,502
2019,AR,2020,minivan,48265.058666686484,241,502
2019,AR,2020,pickup,59893.23445712606,1988,502
2019,AR,2020,cuv,45466.5261795257,2947,502
2019,AR,2020,suv,64990.06991011127,1320,502
2019,AZ,2017,cuv,42993.025404179396,297,586
2019,AZ,2017,minivan,41390.86916623478,57,586
2019,AZ,2017,car,33628.66134435436,397,586
2019,AZ,2017,suv,53808.71613675847,24,586
2019,AZ,2017,pickup,51837.884803470144,160,586
2019,AZ,2018,car,34385.22296624634,4197,586
2019,AZ,2018,cuv,36985.29593586757,4904,586
2019,AZ,2018,minivan,45444.48613297351,352,586
2019,AZ,2018,pickup,49608.726972589066,3460,586
2019,AZ,2018,suv,54139.69393523287,1905,586
2019,AZ,2019,car,33735.12802619774,39910,586
2019,AZ,2019,cuv,40171.10762514823,43629,586
2019,AZ,2019,minivan,44201.668682747295,2613,586
2019,AZ,2019,pickup,49016.019589908035,28209,586
2019,AZ,2019,suv,57906.10532035066,13407,586
2019,AZ,2020,cuv,43682.1241444211,7712,586
2019,AZ,2020,car,31818.50279290144,8336,586
2019,AZ,2020,minivan,46286.04610182444,627,586
2019,AZ,2020,pickup,53099.93252646682,3963,586
2019,AZ,2020,suv,61884.64836768415,2738,586
2019,CA,2017,car,39602.33526346746,383,689
2019,CA,2017,cuv,45617.30730043162,216,689
2019,CA,2017,minivan,41374.61480694623,24,689
2019,CA,2017,pickup,47759.63223392882,118,689
2019,CA,2017,suv,71661.57268256767,128,689
2019,CA,2018,car,37328.41453588004,17762,689
2019,CA,2018,cuv,40850.84995442949,14538,689
2019,CA,2018,minivan,48114.196760130006,817,689
2019,CA,2018,pickup,49735.209673508645,9314,689
2019,CA,2018,suv,58247.62829089889,5729,689
2019,CA,2019,car,38237.34963090909,262715,689
2019,CA,2019,cuv,45093.95264788563,211368,689
2019,CA,2019,minivan,46950.53514667113,11550,689
2019,CA,2019,pickup,49692.613160822424,99795,689
2019,CA,2019,suv,64670.688717890655,52806,689
2019,CA,2020,car,36937.77294553606,54899,689
2019,CA,2020,cuv,51246.504854228784,45604,689
2019,CA,2020,minivan,48405.81023534796,4033,689
2019,CA,2020,pickup,53826.029969568495,12909,689
2019,CA,2020,suv,70529.92159595779,11726,689
2019,CO,2017,car,41346.38437268393,38,555
2019,CO,2017,minivan,37141.099040029505,3,555
2019,CO,2017,cuv,47521.89360492134,26,555
2019,CO,2017,pickup,50433.83282578528,9,555
2019,CO,2017,suv,58899.74592756929,15,555
2019,CO,2018,car,34819.08261034247,1723,555
2019,CO,2018,cuv,39900.114759567696,2208,555
2019,CO,2018,minivan,46606.902301779635,76,555
2019,CO,2018,pickup,56125.00348898155,2199,555
2019,CO,2018,suv,60344.34150204872,1036,555
2019,CO,2019,cuv,44071.971688886544,36671,555
2019,CO,2019,car,36750.84634646424,18541,555
2019,CO,2019,minivan,47471.622519389224,1078,555
2019,CO,2019,pickup,54842.79305326775,22901,555
2019,CO,2019,suv,60726.588469895505,13034,555
2019,CO,2020,cuv,47870.95069032857,7451,555
2019,CO,2020,car,36748.58759225315,3725,555
2019,CO,2020,minivan,49168.994300416205,378,555
2019,CO,2020,pickup,58571.21068336904,3310,555
2019,CO,2020,suv,63312.35720634722,3488,555
2019,CT,2017,car,37893.76044212283,52,558
2019,CT,2017,pickup,53656.867042550686,18,558
2019,CT,2017,suv,60485.59063806712,21,558
2019,CT,2017,cuv,44785.210270779746,43,558
2019,CT,2017,minivan,44087.49144437588,3,558
2019,CT,2018,car,37036.38444867584,1619,558
2019,CT,2018,cuv,44691.30923785014,1512,558
2019,CT,2018,minivan,45769.45833986347,76,558
2019,CT,2018,pickup,53309.702735202096,814,558
2019,CT,2018,suv,56634.4549606534,686,558
2019,CT,2019,car,38311.589068741094,21270,558
2019,CT,2019,cuv,44067.670286958404,35093,558
2019,CT,2019,minivan,45107.03020832211,1068,558
2019,CT,2019,pickup,52114.753738218446,9316,558
2019,CT,2019,suv,61859.240679073846,7789,558
2019,CT,2020,car,40667.85134867352,4721,558
2019,CT,2020,cuv,50210.66707967727,7305,558
2019,CT,2020,minivan,47957.796130840514,355,558
2019,CT,2020,pickup,58446.16217647705,1084,558
2019,CT,2020,suv,62815.00446702937,2010,558
2019,DE,2017,car,55564.391523545615,11,452
2019,DE,2017,pickup,45197.358791347295,9,452
2019,DE,2017,cuv,49762.26662672009,2,452
2019,DE,2017,suv,61521.36994859204,2,452
2019,DE,2018,car,36052.96583729814,541,452
2019,DE,2018,suv,56596.2395111182,307,452
2019,DE,2018,cuv,37112.893975305335,545,452
2019,DE,2018,pickup,50684.54712419359,502,452
2019,DE,2018,minivan,44609.040992120055,26,452
2019,DE,2019,car,35718.22347000243,4384,452
2019,DE,2019,minivan,42390.930410336565,359,452
2019,DE,2019,suv,55672.911241203416,2508,452
2019,DE,2019,cuv,40653.73818790435,7143,452
2019,DE,2019,pickup,52142.38811431323,3610,452
2019,DE,2020,minivan,47069.22832252586,69,452
2019,DE,2020,car,35465.442126008165,793,452
2019,DE,2020,suv,61631.982107941265,515,452
2019,DE,2020,cuv,45133.658050603655,1399,452
2019,DE,2020,pickup,56830.793184800394,397,452
2019,FL,2017,car,36345.975543536326,218,636
2019,FL,2017,cuv,37842.94842723528,117,636
2019,FL,2017,pickup,48670.754745908765,118,636
2019,FL,2017,suv,58147.83446417164,62,636
2019,FL,2017,minivan,41416.41900343845,21,636
2019,FL,2018,car,34046.1095834748,10454,636
2019,FL,2018,cuv,37233.38025297625,10148,636
2019,FL,2018,minivan,45096.44048235483,630,636
2019,FL,2018,pickup,47647.97859348846,7994,636
2019,FL,2018,suv,56737.53981943957,4589,636
2019,FL,2019,car,35580.07721781343,160527,636
2019,FL,2019,cuv,41067.97158636549,183768,636
2019,FL,2019,minivan,45131.74810773844,8733,636
2019,FL,2019,pickup,48374.87377423705,83355,636
2019,FL,2019,suv,61775.96515526418,46004,636
2019,FL,2020,car,32940.908990762946,50000,636
2019,FL,2020,cuv,46300.464799322,41909,636
2019,FL,2020,minivan,47897.61153407651,2908,636
2019,FL,2020,pickup,52056.7106516923,12666,636
2019,FL,2020,suv,66156.88286131767,10824,636
2019,GA,2017,car,37862.024565200925,138,598
2019,GA,2017,cuv,43031.84489730586,84,598
2019,GA,2017,pickup,50754.76190778496,107,598
2019,GA,2017,suv,75458.89485477991,43,598
2019,GA,2017,minivan,36335.64557299594,4,598
2019,GA,2018,car,33432.343148886466,4241,598
2019,GA,2018,minivan,49505.85146583076,332,598
2019,GA,2018,cuv,35125.95321790477,5880,598
2019,GA,2018,pickup,49806.78817803824,4499,598
2019,GA,2018,suv,56720.8328367392,2548,598
2019,GA,2019,car,34296.28414785898,58727,598
2019,GA,2019,cuv,41710.154617508226,63556,598
2019,GA,2019,minivan,46166.810704335374,3670,598
2019,GA,2019,pickup,50730.49595613817,43903,598
2019,GA,2019,suv,61594.45542648289,20799,598
2019,GA,2020,car,32774.397250888345,13749,598
2019,GA,2020,minivan,48322.95018700465,1082,598
2019,GA,2020,cuv,47811.45589963844,12779,598
2019,GA,2020,pickup,55729.42479214569,5276,598
2019,GA,2020,suv,63771.22985382912,4647,598
2019,HI,2017,pickup,56144.546100559186,14,475
2019,HI,2017,minivan,62425.97611405276,1,475
2019,HI,2017,car,37648.13770735394,6,475
2019,HI,2017,cuv,51784.25428397563,8,475
2019,HI,2017,suv,103474.78582665905,3,475
2019,HI,2018,car,35232.8841391996,863,475
2019,HI,2018,cuv,39170.344152077996,768,475
2019,HI,2018,minivan,41982.952147740376,46,475
2019,HI,2018,pickup,47638.231092002476,604,475
2019,HI,2018,suv,59653.25545955927,228,475
2019,HI,2019,cuv,42144.85839338243,7596,475
2019,HI,2019,car,35724.57500696614,6670,475
2019,HI,2019,minivan,45388.16873468997,901,475
2019,HI,2019,pickup,46645.22813777929,6038,475
2019,HI,2019,suv,52784.90320412057,2253,475
2019,HI,2020,cuv,50156.359942668816,1129,475
2019,HI,2020,minivan,47931.11205982202,306,475
2019,HI,2020,pickup,52840.26181077758,594,475
2019,HI,2020,suv,56245.15990224713,475,475
2019,HI,2020,car,34596.03247183109,1356,475
2019,IA,2017,suv,59656.62957928916,7,515
2019,IA,2017,cuv,49434.10202622217,15,515
2019,IA,2017,car,35492.98769257677,18,515
2019,IA,2017,pickup,54190.68215557413,13,515
2019,IA,2017,minivan,44125.57077781616,5,515
2019,IA,2018,minivan,41329.28195925634,133,515
2019,IA,2018,car,34010.96399039746,1190,515
2019,IA,2018,pickup,53100.68075655867,2370,515
2019,IA,2018,cuv,35773.5104991604,1558,515
2019,IA,2018,suv,57459.978328910875,642,515
2019,IA,2019,car,33389.652458205426,10013,515
2019,IA,2019,cuv,41481.36269367461,23231,515
2019,IA,2019,minivan,45433.29887236626,1890,515
2019,IA,2019,pickup,54598.85235047357,18208,515
2019,IA,2019,suv,60312.89769153652,6739,515
2019,IA,2020,car,32875.55951069031,1990,515
2019,IA,2020,minivan,49504.22690064838,529,515
2019,IA,2020,cuv,44473.35043384354,5049,515
2019,IA,2020,pickup,61180.818033797186,2501,515
2019,IA,2020,suv,63192.35311153037,1684,515
2019,ID,2017,minivan,37639.80598206319,4,460
2019,ID,2017,car,35945.93362766213,15,460
2019,ID,2017,suv,59504.394110316454,5,460
2019,ID,2017,cuv,53251.11508137366,2,460
2019,ID,2017,pickup,48839.834225166494,6,460
2019,ID,2018,car,33955.773655383135,536,460
2019,ID,2018,cuv,35178.02966646525,842,460
2019,ID,2018,minivan,45159.220015391234,62,460
2019,ID,2018,pickup,53082.828838865345,1119,460
2019,ID,2018,suv,57221.10486566003,420,460
2019,ID,2019,car,33396.876275374525,3855,460
2019,ID,2019,cuv,42291.76085249041,7593,460
2019,ID,2019,minivan,44523.71286913168,303,460
2019,ID,2019,pickup,54706.68991115107,8819,460
2019,ID,2019,suv,60003.00955695714,3524,460
2019,ID,2020,car,32727.034109183245,811,460
2019,ID,2020,cuv,45319.916055011454,1456,460
2019,ID,2020,minivan,47191.78966894133,69,460
2019,ID,2020,pickup,60803.29881672483,1182,460
2019,ID,2020,suv,64451.51641975808,934,460
2019,IL,2017,car,36430.69868171613,611,637
2019,IL,2017,minivan,43994.44013261426,140,637
2019,IL,2017,cuv,39540.9801810666,726,637
2019,IL,2017,pickup,58561.25418593557,743,637
2019,IL,2017,suv,55555.92624060471,606,637
2019,IL,2018,car,32419.65598825283,6421,637
2019,IL,2018,minivan,43903.37998852766,449,637
2019,IL,2018,cuv,35322.956765803836,8395,637
2019,IL,2018,pickup,52558.94718001874,4456,637
2019,IL,2018,suv,56818.549275378995,3027,637
2019,IL,2019,car,33847.229450388906,59330,637
2019,IL,2019,cuv,41088.15367697511,99107,637
2019,IL,2019,minivan,44140.39258650496,7670,637
2019,IL,2019,pickup,52867.03140873383,33049,637
2019,IL,2019,suv,58466.92629105353,24570,637
2019,IL,2020,cuv,46614.04017788935,22534,637
2019,IL,2020,car,35541.65117931136,12411,637
2019,IL,2020,minivan,47639.71510296244,2116,637
2019,IL,2020,pickup,58681.17380287061,4237,637
2019,IL,2020,suv,63467.85414566038,6225,637
2019,IN,2017,car,36664.02485113107,176,577
2019,IN,2017,minivan,41750.35674063592,7,577
2019,IN,2017,pickup,55431.37491452438,109,577
2019,IN,2017,cuv,40054.46961243742,130,577
2019,IN,2017,suv,75763.12297546209,31,577
2019,IN,2018,car,33734.8226906732,3057,577
2019,IN,2018,cuv,36983.2688976993,3407,577
2019,IN,2018,minivan,45419.06290596967,200,577
2019,IN,2018,pickup,52625.515253321064,2539,577
2019,IN,2018,suv,55085.51402788539,1652,577
2019,IN,2019,car,33833.25185190861,26617,577
2019,IN,2019,cuv,40362.24119266991,47612,577
2019,IN,2019,minivan,45193.04168635113,3699,577
2019,IN,2019,pickup,52666.58353361423,24122,577
2019,IN,2019,suv,60846.56026587906,10905,577
2019,IN,2020,cuv,43898.22767783663,9848,577
2019,IN,2020,car,33261.73815479472,4895,577
2019,IN,2020,minivan,47922.15673418111,1012,577
2019,IN,2020,pickup,56690.94243048211,3189,577
2019,IN,2020,suv,62292.78218039584,2744,577
2019,KS,2017,minivan,38033.120187262306,7,515
2019,KS,2017,car,36146.823248351284,34,515
2019,KS,2017,suv,67099.65257404096,9,515
2019,KS,2017,pickup,48162.20163597151,23,515
2019,KS,2017,cuv,39335.40307842861,23,515
2019,KS,2018,car,33235.3890296349,977,515
2019,KS,2018,cuv,33955.21091631804,1151,515
2019,KS,2018,minivan,46821.03350658075,56,515
2019,KS,2018,pickup,52481.635157250945,1324,515
2019,KS,2018,suv,57174.4041181254,533,515
2019,KS,2019,car,35150.700993811995,9288,515
2019,KS,2019,cuv,41748.99920228478,15642,515
2019,KS,2019,minivan,47432.96725215798,1074,515
2019,KS,2019,pickup,53811.16973580713,11001,515
2019,KS,2019,suv,62200.47833992365,4450,515
2019,KS,2020,car,35115.89188712247,1723,515
2019,KS,2020,cuv,47150.43685016446,2486,515
2019,KS,2020,minivan,50449.422329680405,374,515
2019,KS,2020,pickup,59352.195085627856,1182,515
2019,KS,2020,suv,63872.926333193616,941,515
2019,KY,2017,minivan,38496.48376374598,10,530
2019,KY,2017,car,38775.21767720602,49,530
2019,KY,2017,cuv,37953.49422866989,26,530
2019,KY,2017,pickup,45031.42936543724,38,530
2019,KY,2017,suv,50496.33833086444,28,530
2019,KY,2018,minivan,43898.0876924844,96,530
2019,KY,2018,car,32964.522190808006,1730,530
2019,KY,2018,cuv,32411.842171944485,2306,530
2019,KY,2018,pickup,49950.447834820385,1618,530
2019,KY,2018,suv,55087.616247906895,993,530
2019,KY,2019,car,32674.456389569044,16852,530
2019,KY,2019,minivan,43612.186494011505,1890,530
2019,KY,2019,cuv,38797.614608817355,24731,530
2019,KY,2019,pickup,51036.09401365706,16299,530
2019,KY,2019,suv,58812.6110893286,7710,530
2019,KY,2020,minivan,46655.086767973946,518,530
2019,KY,2020,car,31716.120061391575,3734,530
2019,KY,2020,cuv,43593.01084792347,4439,530
2019,KY,2020,pickup,55172.72180735362,2366,530
2019,KY,2020,suv,61615.569685447575,1925,530
2019,LA,2017,car,41513.18765918108,41,531
2019,LA,2017,pickup,49584.26391346923,52,531
2019,LA,2017,cuv,56893.71254575452,21,531
2019,LA,2017,suv,66516.99588663595,32,531
2019,LA,2017,minivan,44850.57596855149,2,531
2019,LA,2018,car,34227.2292467678,1823,531
2019,LA,2018,minivan,42992.83535554367,55,531
2019,LA,2018,pickup,50784.81780174395,3053,531
2019,LA,2018,cuv,35325.1149627995,1814,531
2019,LA,2018,suv,60580.61648053912,1090,531
2019,LA,2019,car,33750.2255627637,19057,531
2019,LA,2019,cuv,40726.03105457238,22643,531
2019,LA,2019,minivan,44478.45708771365,1060,531
2019,LA,2019,pickup,51335.18818436136,25931,531
2019,LA,2019,suv,62822.25660128445,10621,531
2019,LA,2020,cuv,46380.44955560964,3939,531
2019,LA,2020,car,32914.520091059174,3574,531
2019,LA,2020,minivan,48135.79537170257,294,531
2019,LA,2020,pickup,55803.82928204389,3142,531
2019,LA,2020,suv,64490.32507498132,2025,531
2019,MA,2017,car,37404.53844406528,293,608
2019,MA,2017,minivan,54055.69643874418,4,608
2019,MA,2017,suv,73186.93878269967,70,608
2019,MA,2017,cuv,43354.62986382615,175,608
2019,MA,2017,pickup,53834.89870595322,115,608
2019,MA,2018,car,35534.554935484586,3674,608
2019,MA,2018,cuv,41790.828262823794,3575,608
2019,MA,2018,minivan,49038.29538434059,114,608
2019,MA,2018,pickup,53213.291006345484,1907,608
2019,MA,2018,suv,54952.53381528467,2044,608
2019,MA,2019,car,35589.23224024757,39618,608
2019,MA,2019,cuv,42652.0923583481,71170,608
2019,MA,2019,minivan,44347.54197028471,2881,608
2019,MA,2019,pickup,51333.46139931143,25792,608
2019,MA,2019,suv,57379.529174946176,16843,608
2019,MA,2020,car,37268.46316918516,8239,608
2019,MA,2020,cuv,49386.20256586674,12529,608
2019,MA,2020,minivan,47254.728412584554,736,608
2019,MA,2020,pickup,57378.095569793964,2622,608
2019,MA,2020,suv,59769.34837756958,4479,608
2019,MD,2017,car,42377.641591933265,85,592
2019,MD,2017,pickup,45311.76440841363,25,592
2019,MD,2017,cuv,46525.86030756324,42,592
2019,MD,2017,suv,64639.02554488887,14,592
2019,MD,2017,minivan,49097.500175579444,6,592
2019,MD,2018,car,33206.26913621086,4446,592
2019,MD,2018,cuv,36556.136852175514,3588,592
2019,MD,2018,minivan,45250.21485924605,175,592
2019,MD,2018,pickup,49181.37502085323,2010,592
2019,MD,2018,suv,55900.06666848144,1564,592
2019,MD,2019,cuv,42081.04659121299,60784,592
2019,MD,2019,car,34874.20365053597,49046,592
2019,MD,2019,minivan,44653.40250521238,4446,592
2019,MD,2019,pickup,49338.35426875369,22336,592
2019,MD,2019,suv,56531.658017536516,14880,592
2019,MD,2020,car,34657.80530385825,9743,592
2019,MD,2020,cuv,47915.221818043225,10768,592
2019,MD,2020,minivan,46897.70386066715,1443,592
2019,MD,2020,pickup,55080.129857137,2716,592
2019,MD,2020,suv,60740.084190046175,3376,592
2019,ME,2017,car,34546.04558502896,25,472
2019,ME,2017,suv,72134.09908804935,5,472
2019,ME,2017,cuv,37403.36384209231,3,472
2019,ME,2017,pickup,54324.23692528472,7,472
2019,ME,2017,minivan,33602.62908631718,1,472
2019,ME,2018,minivan,46820.18070588639,34,472
2019,ME,2018,car,31724.1866581517,546,472
2019,ME,2018,pickup,53025.31827496416,858,472
2019,ME,2018,cuv,37175.78182347125,867,472
2019,ME,2018,suv,53908.630093628315,423,472
2019,ME,2019,car,33750.30761385275,5521,472
2019,ME,2019,cuv,40075.40846149326,12082,472
2019,ME,2019,minivan,43386.753985425254,472,472
2019,ME,2019,pickup,51685.12939577981,9853,472
2019,ME,2019,suv,53854.083016989505,2919,472
2019,ME,2020,cuv,44361.34338873374,1929,472
2019,ME,2020,minivan,47261.46538575447,78,472
2019,ME,2020,car,36134.39530989767,1142,472
2019,ME,2020,pickup,58060.977028862,988,472
2019,ME,2020,suv,59919.0860184693,745,472
2019,MI,2017,car,40515.586201454316,149,589
2019,MI,2017,pickup,55077.95652024434,47,589
2019,MI,2017,cuv,41383.77290031646,106,589
2019,MI,2017,suv,66947.08110616694,54,589
2019,MI,2017,minivan,40113.93862385579,24,589
2019,MI,2018,car,35533.678591032294,3162,589
2019,MI,2018,minivan,47267.298939209046,367,589
2019,MI,2018,cuv,37183.34037205403,4505,589
2019,MI,2018,pickup,54290.04825687779,2920,589
2019,MI,2018,suv,54851.65635744997,2176,589
2019,MI,2019,cuv,37692.35658691014,133106,589
2019,MI,2019,car,36712.1314185173,34372,589
2019,MI,2019,minivan,47060.59253134792,5699,589
2019,MI,2019,pickup,51926.363311896836,67105,589
2019,MI,2019,suv,57656.20085549363,31056,589
2019,MI,2020,cuv,38738.54200542214,34236,589
2019,MI,2020,car,33312.45306880984,8403,589
2019,MI,2020,minivan,50048.12669397057,1455,589
2019,MI,2020,pickup,56227.800078490065,9268,589
2019,MI,2020,suv,55147.43771973087,11468,589
2019,MN,2017,car,34687.0359622571,34,536
2019,MN,2017,pickup,54465.86190695179,24,536
2019,MN,2017,suv,65823.84556345377,13,536
2019,MN,2017,cuv,39674.808576678915,38,536
2019,MN,2017,minivan,35532.77954567124,1,536
2019,MN,2018,car,32959.115587497785,2084,536
2019,MN,2018,pickup,53375.74297304229,3057,536
2019,MN,2018,cuv,36914.425535456125,2477,536
2019,MN,2018,suv,59966.868204565675,807,536
2019,MN,2018,minivan,45878.09688942866,119,536
2019,MN,2019,car,35311.80180108035,16534,536
2019,MN,2019,cuv,41781.29142037568,43149,536
2019,MN,2019,minivan,43252.36372557672,2773,536
2019,MN,2019,pickup,54094.31218099572,29767,536
2019,MN,2019,suv,55126.95854069812,13576,536
2019,MN,2020,cuv,44813.460463907984,8878,536
2019,MN,2020,minivan,48307.25227705479,678,536
2019,MN,2020,car,35900.63300499516,3055,536
2019,MN,2020,pickup,59465.46131388487,3139,536
2019,MN,2020,suv,57543.213020354924,3574,536
2019,MO,2017,car,37317.20229374279,62,546
2019,MO,2017,minivan,42093.3790857925,10,546
2019,MO,2017,pickup,51679.866258660884,22,546
2019,MO,2017,suv,61738.689353406364,29,546
2019,MO,2017,cuv,40256.00866235602,32,546
2019,MO,2018,car,31393.099323059098,2950,546
2019,MO,2018,minivan,41552.04053391131,200,546
2019,MO,2018,pickup,51234.242461013535,3593,546
2019,MO,2018,cuv,32831.12204924721,3784,546
2019,MO,2018,suv,57262.77761654209,1515,546
2019,MO,2019,car,33119.315698568375,24466,546
2019,MO,2019,cuv,39711.05667172047,40764,546
2019,MO,2019,minivan,44197.891373739556,2667,546
2019,MO,2019,pickup,52279.82055915296,26321,546
2019,MO,2019,suv,58981.655244131805,12034,546
2019,MO,2020,car,33943.6841659908,4189,546
2019,MO,2020,minivan,47845.58170153147,730,546
2019,MO,2020,pickup,57130.56331178103,3203,546
2019,MO,2020,cuv,43900.56624905744,7310,546
2019,MO,2020,suv,63592.627945918844,2788,546
2019,MS,2017,pickup,55403.42877591996,17,501
2019,MS,2017,suv,48962.94872305044,18,501
2019,MS,2017,car,33166.9864905821,21,501
2019,MS,2017,cuv,44744.95076356948,25,501
2019,MS,2017,minivan,52894.93817906405,1,501
2019,MS,2018,car,33090.515042011284,1035,501
2019,MS,2018,cuv,34084.694852201574,1251,501
2019,MS,2018,minivan,43991.88367106249,42,501
2019,MS,2018,pickup,51382.23192214468,1659,501
2019,MS,2018,suv,59183.66685635997,628,501
2019,MS,2019,cuv,39804.30875416137,11971,501
2019,MS,2019,car,33229.12650694567,11284,501
2019,MS,2019,minivan,45878.56012311867,627,501
2019,MS,2019,pickup,52526.87633366208,12251,501
2019,MS,2019,suv,60387.30382941837,5297,501
2019,MS,2020,car,33043.20764765723,2003,501
2019,MS,2020,cuv,45252.88499666096,1574,501
2019,MS,2020,minivan,48560.48775890853,134,501
2019,MS,2020,pickup,58184.8235608588,1245,501
2019,MS,2020,suv,65254.065462396124,876,501
2019,MT,2017,car,35609.208879588135,63,505
2019,MT,2017,minivan,38616.99426320436,3,505
2019,MT,2017,suv,76569.16423480625,6,505
2019,MT,2017,pickup,54888.3368995578,11,505
2019,MT,2017,cuv,41679.19155188082,9,505
2019,MT,2018,car,37429.0771949786,816,505
2019,MT,2018,cuv,39376.04226015295,1333,505
2019,MT,2018,minivan,44612.589611719006,58,505
2019,MT,2018,pickup,55058.63603622119,963,505
2019,MT,2018,suv,59383.146361015904,518,505
2019,MT,2019,car,37757.973035081515,11403,505
2019,MT,2019,cuv,44245.193853396624,15951,505
2019,MT,2019,minivan,47023.75091377591,981,505
2019,MT,2019,pickup,55700.94714614881,9258,505
2019,MT,2019,suv,57781.283431765616,5621,505
2019,MT,2020,car,39794.73381300202,2381,505
2019,MT,2020,cuv,51618.832197625,2976,505
2019,MT,2020,minivan,48631.995266181366,308,505
2019,MT,2020,pickup,61024.21621930757,1396,505
2019,MT,2020,suv,64529.90623383585,1254,505
2019,NC,2017,car,40465.22743473291,131,615
2019,NC,2017,cuv,37922.268177604376,132,615
2019,NC,2017,pickup,49594.02647666815,68,615
2019,NC,2017,suv,62460.345764165126,57,615
2019,NC,2017,minivan,38947.91406122586,18,615
2019,NC,2018,car,34932.65675972116,5182,615
2019,NC,2018,cuv,36741.67058895293,4976,615
2019,NC,2018,minivan,45291.446782115236,242,615
2019,NC,2018,pickup,50675.84308622378,4642,615
2019,NC,2018,suv,58662.500302731685,2062,615
2019,NC,2019,car,36026.217609763786,66210,615
2019,NC,2019,cuv,43517.87181121331,79329,615
2019,NC,2019,minivan,46610.78617309711,5205,615
2019,NC,2019,pickup,51301.233463272205,43509,615
2019,NC,2019,suv,62052.21483639466,23661,615
2019,NC,2020,cuv,51036.54287357608,16398,615
2019,NC,2020,car,36132.66936607867,14537,615
2019,NC,2020,minivan,49077.19580642443,1526,615
2019,NC,2020,pickup,56297.372352463564,5257,615
2019,NC,2020,suv,67319.3173546682,5379,615
2019,ND,2017,car,44702.22247712407,9,372
2019,ND,2017,pickup,53337.05465288965,5,372
2019,ND,2017,cuv,46071.80969008177,6,372
2019,ND,2017,minivan,37201.29207472315,1,372
2019,ND,2018,car,34280.58577181574,295,372
2019,ND,2018,minivan,42293.373281071246,14,372
2019,ND,2018,pickup,55065.767387426866,623,372
2019,ND,2018,cuv,36269.78274058135,339,372
2019,ND,2018,suv,63660.57517563197,108,372
2019,ND,2019,car,33829.63642656453,1598,372
2019,ND,2019,cuv,41823.951157003256,5268,372
2019,ND,2019,minivan,44792.76898815952,239,372
2019,ND,2019,pickup,56237.86278404161,6574,372
2019,ND,2019,suv,63211.71432414489,2044,372
2019,ND,2020,car,32304.898124274736,231,372
2019,ND,2020,minivan,48514.74021005332,56,372
2019,ND,2020,pickup,62780.292543347634,841,372
2019,ND,2020,cuv,44792.530155670414,1223,372
2019,ND,2020,suv,63881.281456870056,580,372
2019,NE,2017,cuv,47041.61321797906,50,502
2019,NE,2017,car,40980.35909321104,17,502
2019,NE,2017,suv,65852.1240296214,7,502
2019,NE,2017,pickup,56850.13118965269,13,502
2019,NE,2017,minivan,49699.025545103075,1,502
2019,NE,2018,car,35571.096601497535,942,502
2019,NE,2018,cuv,38548.57026053518,1139,502
2019,NE,2018,minivan,44609.241174376184,66,502
2019,NE,2018,suv,60713.64390124172,560,502
2019,NE,2018,pickup,54445.76650135369,1592,502
2019,NE,2019,cuv,42837.46771004324,14491,502
2019,NE,2019,car,35188.491450813766,8488,502
2019,NE,2019,minivan,45983.015833913014,1258,502
2019,NE,2019,pickup,55851.17825032593,14197,502
2019,NE,2019,suv,58464.15379973028,6928,502
2019,NE,2020,car,35650.31410414744,1203,502
2019,NE,2020,cuv,47053.42061973141,3138,502
2019,NE,2020,minivan,48826.95784456274,222,502
2019,NE,2020,suv,57233.6476588091,1854,502
2019,NE,2020,pickup,61498.06535637568,1472,502
2019,NH,2017,car,33254.20681228716,29,494
2019,NH,2017,pickup,45122.668436679065,7,494
2019,NH,2017,cuv,43099.495390191114,6,494
2019,NH,2017,suv,85100.96826606982,11,494
2019,NH,2017,minivan,34244.23513380371,2,494
2019,NH,2018,car,34087.989792772736,683,494
2019,NH,2018,minivan,48130.99341893773,20,494
2019,NH,2018,pickup,54643.137526949526,864,494
2019,NH,2018,cuv,41205.72449975193,830,494
2019,NH,2018,suv,55760.4717809522,350,494
2019,NH,2019,car,35818.16336560333,11029,494
2019,NH,2019,cuv,41972.284575166464,19355,494
2019,NH,2019,minivan,44964.93241960044,534,494
2019,NH,2019,pickup,51736.99667166056,11724,494
2019,NH,2019,suv,58601.02509584714,3533,494
2019,NH,2020,car,34649.55715235467,2275,494
2019,NH,2020,minivan,47538.92896198593,213,494
2019,NH,2020,pickup,57011.13878975739,1051,494
2019,NH,2020,cuv,46244.7862334194,3442,494
2019,NH,2020,suv,60271.1594489827,899,494
2019,NJ,2017,car,35685.588736858794,131,616
2019,NJ,2017,cuv,44791.68284634606,96,616
2019,NJ,2017,suv,63327.52288242214,42,616
2019,NJ,2017,pickup,50114.02857712568,29,616
2019,NJ,2017,minivan,35309.53949854777,4,616
2019,NJ,2018,car,37250.547952543944,4561,616
2019,NJ,2018,cuv,44514.02002113023,3964,616
2019,NJ,2018,minivan,47158.02453737093,194,616
2019,NJ,2018,pickup,55482.388912288334,1272,616
2019,NJ,2018,suv,57876.7087778718,2208,616
2019,NJ,2019,car,38169.19145278692,73548,616
2019,NJ,2019,cuv,44694.71001531551,108514,616
2019,NJ,2019,minivan,46152.029115627294,5054,616
2019,NJ,2019,pickup,54378.837363647515,22043,616
2019,NJ,2019,suv,61763.597449480134,27457,616
2019,NJ,2020,car,38441.197663630664,15945,616
2019,NJ,2020,cuv,49241.61835199841,24520,616
2019,NJ,2020,minivan,48388.77615326926,1685,616
2019,NJ,2020,pickup,58817.41520419354,2808,616
2019,NJ,2020,suv,62903.10735933814,8241,616
2019,NM,2017,car,36020.54328809389,26,490
2019,NM,2017,pickup,53496.55437876049,9,490
2019,NM,2017,suv,50078.40184966607,5,490
2019,NM,2017,cuv,46139.228839647236,11,490
2019,NM,2017,minivan,35723.42942292654,2,490
2019,NM,2018,car,32021.471042268036,1154,490
2019,NM,2018,cuv,35190.90372260709,1093,490
2019,NM,2018,minivan,45088.18880231551,44,490
2019,NM,2018,pickup,52459.51509052368,1202,490
2019,NM,2018,suv,64711.085859395804,329,490
2019,NM,2019,cuv,39520.87978239298,8430,490
2019,NM,2019,car,32113.417310531167,8299,490
2019,NM,2019,minivan,45120.35027961185,354,490
2019,NM,2019,pickup,53177.83534493848,8495,490
2019,NM,2019,suv,60162.238086124875,3288,490
2019,NM,2020,cuv,43874.12500605907,1457,490
2019,NM,2020,car,32531.444195764605,1260,490
2019,NM,2020,minivan,47650.73447726176,83,490
2019,NM,2020,pickup,57037.77755875425,966,490
2019,NM,2020,suv,64676.473062539495,641,490
2019,NV,2017,car,39625.88621033847,43,513
2019,NV,2017,pickup,48981.02981166639,9,513
2019,NV,2017,suv,65793.72539901984,15,513
2019,NV,2017,cuv,51701.96401653142,19,513
2019,NV,2017,minivan,41516.426493315266,3,513
2019,NV,2018,car,35731.72962209924,950,513
2019,NV,2018,cuv,33319.420257455786,1575,513
2019,NV,2018,minivan,46892.610103718354,121,513
2019,NV,2018,pickup,50357.7510782297,958,513
2019,NV,2018,suv,52903.18754477076,1136,513
2019,NV,2019,cuv,42712.54021289353,18113,513
2019,NV,2019,car,35891.35041940833,15740,513
2019,NV,2019,minivan,44909.34323859614,839,513
2019,NV,2019,pickup,51503.109511308634,11294,513
2019,NV,2019,suv,58538.71075156085,5934,513
2019,NV,2020,cuv,45635.25021603659,4165,513
2019,NV,2020,car,34265.941259704676,3809,513
2019,NV,2020,minivan,48141.39820719413,335,513
2019,NV,2020,pickup,55697.45471767834,1610,513
2019,NV,2020,suv,66806.69682749,1370,513
2019,NY,2017,car,36345.45359542961,257,650
2019,NY,2017,cuv,44610.7972389736,149,650
2019,NY,2017,minivan,42505.30137737579,28,650
2019,NY,2017,pickup,53282.91920104084,64,650
2019,NY,2017,suv,61494.878536533084,65,650
2019,NY,2018,car,35251.697134900634,7227,650
2019,NY,2018,cuv,41009.942860397634,7578,650
2019,NY,2018,minivan,45183.68554221069,335,650
2019,NY,2018,pickup,54286.39036369683,3398,650
2019,NY,2018,suv,58795.23916857754,3182,650
2019,NY,2019,cuv,41895.45439519142,175428,650
2019,NY,2019,car,37178.573493058546,90017,650
2019,NY,2019,minivan,45030.047251986354,8643,650
2019,NY,2019,pickup,53225.84025753151,54484,650
2019,NY,2019,suv,58804.816942614525,45685,650
2019,NY,2020,cuv,45548.887091262855,39146,650
2019,NY,2020,car,38036.49296048424,19268,650
2019,NY,2020,minivan,47006.2704114485,2676,650
2019,NY,2020,pickup,59134.91426807903,5984,650
2019,NY,2020,suv,58895.69392087424,13541,650
2019,OH,2017,car,39017.44571517026,129,604
2019,OH,2017,cuv,42113.99537698806,94,604
2019,OH,2017,pickup,49496.08547622211,43,604
2019,OH,2017,suv,63592.997688303585,33,604
2019,OH,2017,minivan,48792.482057576264,3,604
2019,OH,2018,car,32808.03382494542,6175,604
2019,OH,2018,cuv,36140.302003130004,6593,604
2019,OH,2018,minivan,45036.56030284017,267,604
2019,OH,2018,pickup,52229.336734254306,3875,604
2019,OH,2018,suv,55154.22442723107,2270,604
2019,OH,2019,cuv,38923.387068603435,114682,604
2019,OH,2019,car,33130.051615176206,68243,604
2019,OH,2019,minivan,44895.99143368187,7203,604
2019,OH,2019,pickup,51416.629543516035,49838,604
2019,OH,2019,suv,57317.123799331595,24211,604
2019,OH,2020,car,32292.36386047621,13209,604
2019,OH,2020,cuv,41843.39560519603,23820,604
2019,OH,2020,minivan,47914.83254156886,1921,604
2019,OH,2020,pickup,54975.914755144666,6613,604
2019,OH,2020,suv,56087.01090164477,7360,604
2019,OK,2017,car,39577.79046763401,44,542
2019,OK,2017,pickup,49838.22082431172,71,542
2019,OK,2017,suv,73006.31818096654,33,542
2019,OK,2017,cuv,42976.219369808365,41,542
2019,OK,2017,minivan,29657.97617912535,1,542
2019,OK,2018,car,31760.68970260701,1694,542
2019,OK,2018,cuv,33935.726303462434,1888,542
2019,OK,2018,minivan,44291.47244463166,59,542
2019,OK,2018,pickup,50939.6315280065,3004,542
2019,OK,2018,suv,60579.464923885294,976,542
2019,OK,2019,car,33531.506798191396,15090,542
2019,OK,2019,cuv,39323.79609391149,21429,542
2019,OK,2019,minivan,43232.570164973964,1089,542
2019,OK,2019,pickup,51443.317819472715,23032,542
2019,OK,2019,suv,62527.319559533375,9358,542
2019,OK,2020,cuv,44965.47256628988,3894,542
2019,OK,2020,car,32019.863550265836,3256,542
2019,OK,2020,minivan,48417.592101754206,327,542
2019,OK,2020,pickup,56863.99749451575,2709,542
2019,OK,2020,suv,64039.75534941928,1838,542
2019,OR,2017,car,36135.79788518962,82,579
2019,OR,2017,pickup,44213.089963445615,14,579
2019,OR,2017,suv,54714.87472820239,13,579
2019,OR,2017,cuv,47974.564207153184,25,579
2019,OR,2017,minivan,41085.59341967657,11,579
2019,OR,2018,car,37315.39484505006,2459,579
2019,OR,2018,cuv,40318.02628174347,2695,579
2019,OR,2018,minivan,48222.17035329673,179,579
2019,OR,2018,pickup,55097.73413222446,1670,579
2019,OR,2018,suv,59648.49861091981,982,579
2019,OR,2019,car,37173.885361650006,22869,579
2019,OR,2019,cuv,44842.66243208041,29487,579
2019,OR,2019,minivan,47435.094528617046,1652,579
2019,OR,2019,pickup,53051.98276946583,15741,579
2019,OR,2019,suv,58554.91554537439,7988,579
2019,OR,2020,cuv,49017.69131800681,4472,579
2019,OR,2020,car,35467.63194740016,4031,579
2019,OR,2020,minivan,48385.343137380994,346,579
2019,OR,2020,pickup,55083.86435090134,1670,579
2019,OR,2020,suv,62845.615619933276,1561,579
2019,PA,2017,car,37015.71156736684,255,628
2019,PA,2017,cuv,41126.00674485019,147,628
2019,PA,2017,suv,54197.76317097503,64,628
2019,PA,2017,pickup,52282.94453538856,79,628
2019,PA,2017,minivan,43234.7143813965,9,628
2019,PA,2018,car,33503.4543445095,6331,628
2019,PA,2018,cuv,36440.78851898645,7235,628
2019,PA,2018,minivan,44717.70585395768,194,628
2019,PA,2018,pickup,53628.635279374175,4284,628
2019,PA,2018,suv,56093.60148499317,2418,628
2019,PA,2019,car,34866.46694163581,66730,628
2019,PA,2019,cuv,40660.106493835745,125757,628
2019,PA,2019,minivan,43150.59184199215,5790,628
2019,PA,2019,pickup,52097.83918880977,53511,628
2019,PA,2019,suv,54869.08080295724,31969,628
2019,PA,2020,car,35005.38645707179,13755,628
2019,PA,2020,cuv,45111.551149260216,24488,628
2019,PA,2020,minivan,47282.541092426356,1665,628
2019,PA,2020,pickup,56864.08426876129,6418,628
2019,PA,2020,suv,57557.21877023244,7827,628
2019,RI,2017,suv,75106.52043362873,7,436
2019,RI,2017,car,35458.95143271514,6,436
2019,RI,2017,pickup,59194.571429163574,4,436
2019,RI,2017,minivan,37188.49545290905,1,436
2019,RI,2018,car,32674.98241762951,474,436
2019,RI,2018,minivan,44725.46445556052,17,436
2019,RI,2018,cuv,39417.553202790645,321,436
2019,RI,2018,suv,54071.13170270268,260,436
2019,RI,2018,pickup,51775.6408439444,216,436
2019,RI,2019,car,36956.70240189014,4060,436
2019,RI,2019,cuv,42597.47041215483,7386,436
2019,RI,2019,minivan,43382.63201028745,180,436
2019,RI,2019,suv,57834.75108938242,1646,436
2019,RI,2019,pickup,52001.00949337183,3192,436
2019,RI,2020,car,36075.65307752918,919,436
2019,RI,2020,minivan,48073.78749339828,50,436
2019,RI,2020,cuv,47031.24105053551,1369,436
2019,RI,2020,suv,59421.67591875003,502,436
2019,RI,2020,pickup,56516.33508897114,367,436
2019,SC,2017,car,30504.92713277554,60,565
2019,SC,2017,cuv,45400.06774174955,37,565
2019,SC,2017,suv,60160.56570792686,17,565
2019,SC,2017,pickup,47836.43237361541,37,565
2019,SC,2017,minivan,39785.82977604263,8,565
2019,SC,2018,car,35437.46134012078,2476,565
2019,SC,2018,cuv,36906.72554892802,2993,565
2019,SC,2018,pickup,50030.28061821683,2435,565
2019,SC,2018,suv,58642.05367086302,1069,565
2019,SC,2018,minivan,44802.98538819108,136,565
2019,SC,2019,car,35120.136583611915,24689,565
2019,SC,2019,cuv,42410.63792671672,31077,565
2019,SC,2019,minivan,45625.03933015019,1895,565
2019,SC,2019,pickup,50559.77635215733,19625,565
2019,SC,2019,suv,60439.52785956563,10330,565
2019,SC,2020,car,33568.92143544719,4704,565
2019,SC,2020,cuv,48140.88698325055,4998,565
2019,SC,2020,minivan,49326.904749552166,498,565
2019,SC,2020,pickup,57266.793679186376,1970,565
2019,SC,2020,suv,65262.5839237089,1845,565
2019,SD,2017,car,30450.91680441173,10,411
2019,SD,2017,pickup,53906.747120696156,9,411
2019,SD,2017,cuv,33288.05307355012,5,411
2019,SD,2017,suv,50042.25905942782,3,411
2019,SD,2018,minivan,45354.06101214918,41,411
2019,SD,2018,car,33577.16486512635,399,411
2019,SD,2018,pickup,55198.21482850398,650,411
2019,SD,2018,cuv,37391.31116207535,456,411
2019,SD,2018,suv,59942.50690456959,185,411
2019,SD,2019,minivan,46580.85259991997,313,411
2019,SD,2019,car,35631.34330743912,1840,411
2019,SD,2019,pickup,56414.74377100919,4830,411
2019,SD,2019,cuv,43934.27151410045,4592,411
2019,SD,2019,suv,61095.89314040729,1932,411
2019,SD,2020,minivan,49530.7606422961,68,411
2019,SD,2020,car,36478.88175093161,289,411
2019,SD,2020,pickup,62947.996215983956,672,411
2019,SD,2020,cuv,47008.58924577148,923,411
2019,SD,2020,suv,63035.62141681186,579,411
2019,TN,2017,car,38284.1939482751,101,554
2019,TN,2017,cuv,39199.089139716154,41,554
2019,TN,2017,pickup,49584.43010101244,50,554
2019,TN,2017,suv,68915.46991402806,22,554
2019,TN,2017,minivan,27019.679479064464,1,554
2019,TN,2018,car,33714.80234546492,2346,554
2019,TN,2018,minivan,44706.992141484705,133,554
2019,TN,2018,cuv,34428.92540214829,3304,554
2019,TN,2018,pickup,50994.60060426391,2885,554
2019,TN,2018,suv,56426.18046530387,1382,554
2019,TN,2019,car,32717.26771255633,26698,554
2019,TN,2019,cuv,40440.33669117469,34619,554
2019,TN,2019,minivan,45748.07048084777,2059,554
2019,TN,2019,pickup,51131.78006835531,24099,554
2019,TN,2019,suv,61801.62698083896,11211,554
2019,TN,2020,cuv,45786.95896155761,6260,554
2019,TN,2020,minivan,48901.81176147574,672,554
2019,TN,2020,car,32096.36774322298,5870,554
2019,TN,2020,pickup,56585.63096925143,2564,554
2019,TN,2020,suv,66863.03812962276,2216,554
2019,TX,2017,car,35183.65130275165,341,669
2019,TX,2017,cuv,46653.66294049591,331,669
2019,TX,2017,minivan,46050.50410417558,25,669
2019,TX,2017,pickup,53275.99261104269,337,669
2019,TX,2017,suv,71115.59961469719,166,669
2019,TX,2018,car,33877.79404026232,14229,669
2019,TX,2018,cuv,35556.6575982934,16852,669
2019,TX,2018,minivan,43695.96539855523,600,669
2019,TX,2018,pickup,50522.51557750469,21537,669
2019,TX,2018,suv,60253.10541037278,7892,669
2019,TX,2019,car,34908.409186819496,165229,669
2019,TX,2019,cuv,42022.116943373716,200484,669
2019,TX,2019,minivan,45439.549999574156,9619,669
2019,TX,2019,pickup,51707.283528733795,178280,669
2019,TX,2019,suv,64598.6711181916,78349,669
2019,TX,2020,cuv,48555.04229629953,39860,669
2019,TX,2020,car,34140.778531347,35434,669
2019,TX,2020,minivan,48058.09687242205,2917,669
2019,TX,2020,pickup,55486.827580353136,27000,669
2019,TX,2020,suv,67430.77574895494,16686,669
2019,UT,2017,car,42191.31616573901,15,509
2019,UT,2017,suv,62382.94058590847,7,509
2019,UT,2017,cuv,35683.19307846308,3,509
2019,UT,2017,minivan,44491.623668570886,2,509
2019,UT,2017,pickup,49809.6634148228,4,509
2019,UT,2018,car,33231.28038337751,1111,509
2019,UT,2018,cuv,34520.366840617025,1795,509
2019,UT,2018,minivan,46188.007734719264,62,509
2019,UT,2018,pickup,51018.64779124454,1422,509
2019,UT,2018,suv,57495.826955306395,670,509
2019,UT,2019,car,32662.836960165434,14380,509
2019,UT,2019,cuv,42065.09042915991,18339,509
2019,UT,2019,minivan,44710.325850125504,1023,509
2019,UT,2019,pickup,53963.941165866716,11909,509
2019,UT,2019,suv,59427.77231608554,6498,509
2019,UT,2020,cuv,46292.86381903655,3567,509
2019,UT,2020,car,34071.7416624087,2488,509
2019,UT,2020,minivan,48687.38494110189,355,509
2019,UT,2020,pickup,57993.41830139189,2232,509
2019,UT,2020,suv,62284.83014978447,1921,509
2019,VA,2017,cuv,41248.28687826222,83,613
2019,VA,2017,minivan,46248.229398174466,10,613
2019,VA,2017,car,36979.902519093164,115,613
2019,VA,2017,pickup,49468.8253812493,44,613
2019,VA,2017,suv,63981.7179589163,39,613
2019,VA,2018,car,33437.28624460078,4189,613
2019,VA,2018,cuv,36698.89312138668,4373,613
2019,VA,2018,minivan,45895.697593194316,246,613
2019,VA,2018,pickup,52031.711472241564,2711,613
2019,VA,2018,suv,55314.26333099867,1899,613
2019,VA,2019,car,33698.54219373287,54314,613
2019,VA,2019,cuv,42279.25988241085,69375,613
2019,VA,2019,minivan,45791.88311889115,4824,613
2019,VA,2019,pickup,50151.747752303774,29083,613
2019,VA,2019,suv,58380.27966367107,17984,613
2019,VA,2020,car,33858.07641363387,10484,613
2019,VA,2020,cuv,48637.84532545082,12454,613
2019,VA,2020,minivan,47282.38130003092,1574,613
2019,VA,2020,pickup,55729.33875238012,3502,613
2019,VA,2020,suv,60921.44430279922,4259,613
2019,VT,2017,car,44538.096962997304,14,427
2019,VT,2017,pickup,52624.553994013964,10,427
2019,VT,2017,cuv,44216.51489999274,12,427
2019,VT,2017,minivan,41892.37520935402,1,427
2019,VT,2017,suv,97164.57812897279,1,427
2019,VT,2018,cuv,37222.424399668336,451,427
2019,VT,2018,car,36441.56273121273,334,427
2019,VT,2018,pickup,54002.507760445435,435,427
2019,VT,2018,suv,57030.265380565645,133,427
2019,VT,2018,minivan,46601.70596735658,13,427
2019,VT,2019,car,33715.0731936619,4044,427
2019,VT,2019,cuv,39141.74348005339,8792,427
2019,VT,2019,pickup,52144.19132718501,6148,427
2019,VT,2019,suv,54017.63888841435,1318,427
2019,VT,2019,minivan,45489.115543936394,232,427
2019,VT,2020,cuv,41438.70210518803,1464,427
2019,VT,2020,car,35156.884231842894,970,427
2019,VT,2020,pickup,56681.79126237944,601,427
2019,VT,2020,suv,58405.20808007183,339,427
2019,VT,2020,minivan,47387.23030190491,75,427
2019,WA,2017,car,41531.09627975474,59,570
2019,WA,2017,suv,70965.02655258884,21,570
2019,WA,2017,pickup,49265.28963131925,28,570
2019,WA,2017,cuv,39850.0305658069,39,570
2019,WA,2017,minivan,43422.53346696641,3,570
2019,WA,2018,car,34376.135652783945,3160,570
2019,WA,2018,cuv,37734.68922205611,3390,570
2019,WA,2018,minivan,47590.23163888808,191,570
2019,WA,2018,pickup,52954.93393477,2047,570
2019,WA,2018,suv,57687.30787984384,1277,570
2019,WA,2019,car,35357.5619343701,28231,570
2019,WA,2019,cuv,42989.25053110078,41854,570
2019,WA,2019,minivan,46862.41418089935,2054,570
2019,WA,2019,pickup,52892.296883116745,19269,570
2019,WA,2019,suv,60570.45515366293,9643,570
2019,WA,2020,car,34842.82419234442,5398,570
2019,WA,2020,cuv,48425.494056303454,8043,570
2019,WA,2020,minivan,48987.77224189571,517,570
2019,WA,2020,pickup,59101.68165003355,2714,570
2019,WA,2020,suv,66236.29669846188,2428,570
2019,WI,2017,car,35053.452678216294,400,603
2019,WI,2017,minivan,44089.792758060576,55,603
2019,WI,2017,pickup,58752.10128372992,554,603
2019,WI,2017,cuv,40717.06045405755,445,603
2019,WI,2017,suv,61376.13823007246,313,603
2019,WI,2018,car,33137.50012023719,2728,603
2019,WI,2018,cuv,36681.94379404588,3779,603
2019,WI,2018,minivan,43168.20295312559,352,603
2019,WI,2018,pickup,54292.27616705651,4078,603
2019,WI,2018,suv,58601.991881325324,1462,603
2019,WI,2019,car,34177.85979718412,23724,603
2019,WI,2019,cuv,40852.479199416106,50087,603
2019,WI,2019,minivan,43687.219362322976,3659,603
2019,WI,2019,pickup,54166.6562215749,28312,603
2019,WI,2019,suv,57724.05945546008,12124,603
2019,WI,2020,car,34978.482119250424,4462,603
2019,WI,2020,minivan,47321.99860381477,892,603
2019,WI,2020,cuv,44425.14709380422,10432,603
2019,WI,2020,pickup,59002.80727528199,3228,603
2019,WI,2020,suv,59585.14514459034,2783,603
2019,WV,2017,car,39242.588306322876,25,472
2019,WV,2017,cuv,43390.45347233148,17,472
2019,WV,2017,suv,68749.45376960661,6,472
2019,WV,2017,minivan,43516.50973914609,5,472
2019,WV,2017,pickup,58408.62544006919,9,472
2019,WV,2018,car,32482.1209558114,811,472
2019,WV,2018,cuv,36146.47699792076,998,472
2019,WV,2018,pickup,53650.40876089394,1039,472
2019,WV,2018,suv,58522.27276183002,496,472
2019,WV,2018,minivan,44179.31834475043,53,472
2019,WV,2019,cuv,38838.98110208824,12152,472
2019,WV,2019,car,32175.493209210326,6397,472
2019,WV,2019,minivan,43613.916307371546,521,472
2019,WV,2019,pickup,52189.063151628885,9646,472
2019,WV,2019,suv,56988.18532501734,3804,472
2019,WV,2020,car,32684.482087219996,1321,472
2019,WV,2020,minivan,47222.19444555702,137,472
2019,WV,2020,cuv,43293.06252849662,2299,472
2019,WV,2020,pickup,56291.31305576148,1050,472
2019,WV,2020,suv,59911.58887368894,850,472
2019,WY,2017,car,28378.5316618865,20,328
2019,WY,2017,suv,62382.24709961825,4,328
2019,WY,2017,cuv,44716.59749966573,16,328
2019,WY,2017,pickup,48355.77115127098,1,328
2019,WY,2018,car,33419.10135602508,212,328
2019,WY,2018,cuv,32702.212406801882,448,328
2019,WY,2018,minivan,43261.67020773111,17,328
2019,WY,2018,pickup,57122.77587790112,525,328
2019,WY,2018,suv,59699.65112801381,240,328
2019,WY,2019,car,33970.45652583033,1041,328
2019,WY,2019,cuv,41609.61468478601,2447,328
2019,WY,2019,minivan,45024.040159109456,101,328
2019,WY,2019,pickup,56781.19230261223,3669,328
2019,WY,2019,suv,60878.54796914657,1538,328
2019,WY,2020,car,32717.31241077547,153,328
2019,WY,2020,cuv,45862.53589706352,350,328
2019,WY,2020,pickup,61803.87685670064,366,328
2019,WY,2020,suv,66351.6845387835,313,328
2019,WY,2020,minivan,51290.89705264768,25,328
2020,AK,2018,pickup,58431.617282859246,6,369
2020,AK,2018,car,39532.83920900689,11,369
2020,AK,2019,cuv,43706.525636352904,231,369
2020,AK,2019,minivan,41227.347370118885,28,369
2020,AK,2019,car,34145.66413441784,171,369
2020,AK,2019,pickup,52053.67565114361,719,369
2020,AK,2019,suv,60846.87047076372,105,369
2020,AK,2020,cuv,41656.521843138114,2996,369
2020,AK,2020,minivan,48438.86224092597,109,369
2020,AK,2020,pickup,58766.40502368306,2923,369
2020,AK,2020,suv,59191.842311493456,1248,369
2020,AK,2020,car,41866.43547719276,692,369
2020,AK,2021,cuv,46562.30460238754,674,369
2020,AK,2021,pickup,57239.18552382175,310,369
2020,AK,2021,suv,61742.705444352345,236,369
2020,AK,2021,car,41883.72736163165,105,369
2020,AK,2021,minivan,53542.2252202503,8,369
2020,AL,2018,car,36203.003829745394,44,552
2020,AL,2018,cuv,36608.19203832817,27,552
2020,AL,2018,suv,52469.82874190021,32,552
2020,AL,2018,pickup,54100.377788306876,21,552
2020,AL,2018,minivan,47756.81979147193,5,552
2020,AL,2019,cuv,36491.42347374203,2215,552
2020,AL,2019,car,33086.885588452555,2176,552
2020,AL,2019,minivan,38149.414582155616,145,552
2020,AL,2019,pickup,47594.89229849369,4219,552
2020,AL,2019,suv,59958.197642327876,637,552
2020,AL,2020,car,33752.68624837432,23522,552
2020,AL,2020,cuv,39649.82290015419,27519,552
2020,AL,2020,minivan,46870.33952100855,1363,552
2020,AL,2020,pickup,54123.92557261424,21828,552
2020,AL,2020,suv,58679.69980433017,10494,552
2020,AL,2021,cuv,45967.68566960384,7121,552
2020,AL,2021,car,33813.80172027037,4418,552
2020,AL,2021,minivan,50115.67561831907,410,552
2020,AL,2021,pickup,52775.99426408325,4226,552
2020,AL,2021,suv,70224.38543878881,3329,552
2020,AR,2018,pickup,51206.03792555816,22,494
2020,AR,2018,suv,55849.29213463532,18,494
2020,AR,2018,cuv,36785.91161004787,15,494
2020,AR,2018,car,31740.743070654982,29,494
2020,AR,2019,car,34301.36732090466,1144,494
2020,AR,2019,minivan,35980.52507974326,122,494
2020,AR,2019,pickup,47646.27113984565,3452,494
2020,AR,2019,cuv,35033.31109681142,1618,494
2020,AR,2019,suv,63987.797876996265,498,494
2020,AR,2020,car,32645.215481353513,12646,494
2020,AR,2020,cuv,38073.97197499368,17524,494
2020,AR,2020,minivan,44612.048714865545,912,494
2020,AR,2020,pickup,54877.12601518969,16553,494
2020,AR,2020,suv,58037.764701674976,7772,494
2020,AR,2021,car,34775.76297241007,1780,494
2020,AR,2021,minivan,48262.74737321938,198,494
2020,AR,2021,pickup,55865.44795709773,2393,494
2020,AR,2021,cuv,44537.44179683791,3749,494
2020,AR,2021,suv,72276.49040929845,1889,494
2020,AZ,2018,car,33918.59554474419,22,563
2020,AZ,2018,suv,59655.89156503585,27,563
2020,AZ,2018,cuv,32778.77144150757,30,563
2020,AZ,2018,pickup,48017.522906624676,27,563
2020,AZ,2018,minivan,46031.37793230852,2,563
2020,AZ,2019,cuv,40169.6854774153,3956,563
2020,AZ,2019,car,32827.35828497045,3050,563
2020,AZ,2019,minivan,34790.75087416621,196,563
2020,AZ,2019,pickup,44806.56443766777,5079,563
2020,AZ,2019,suv,66572.95725706464,807,563
2020,AZ,2020,car,33406.31810869763,35154,563
2020,AZ,2020,cuv,38470.899503002285,43382,563
2020,AZ,2020,minivan,43466.92276379102,2179,563
2020,AZ,2020,pickup,51980.30732588971,25542,563
2020,AZ,2020,suv,57097.09514077916,13483,563
2020,AZ,2021,cuv,45499.42632079302,10189,563
2020,AZ,2021,car,34773.830821172916,5025,563
2020,AZ,2021,minivan,48134.65815432384,444,563
2020,AZ,2021,suv,68212.92808765442,3546,563
2020,AZ,2021,pickup,50504.599144593456,5187,563
2020,CA,2018,cuv,42931.57557638291,206,702
2020,CA,2018,car,39816.92297950096,292,702
2020,CA,2018,minivan,45695.27133056955,13,702
2020,CA,2018,pickup,51340.83054314817,150,702
2020,CA,2018,suv,63445.956869078786,154,702
2020,CA,2019,car,39604.4292541908,17774,702
2020,CA,2019,cuv,47513.163290680255,17639,702
2020,CA,2019,minivan,37734.9564654275,710,702
2020,CA,2019,pickup,47240.68650545714,15479,702
2020,CA,2019,suv,57146.847155861535,4204,702
2020,CA,2020,car,36995.070590207375,218455,702
2020,CA,2020,cuv,44481.757078264716,183094,702
2020,CA,2020,minivan,47715.48907685977,8695,702
2020,CA,2020,pickup,51715.878375585475,86036,702
2020,CA,2020,suv,64423.45324788587,49907,702
2020,CA,2021,cuv,48706.85331137064,53239,702
2020,CA,2021,car,38113.034299347986,33284,702
2020,CA,2021,minivan,49703.04424973807,2011,702
2020,CA,2021,pickup,50973.12302884789,16436,702
2020,CA,2021,suv,71220.01637867367,13095,702
2020,CO,2018,suv,45336.33767248084,31,582
2020,CO,2018,car,32333.271037783536,31,582
2020,CO,2018,pickup,46135.33799936634,44,582
2020,CO,2018,cuv,32089.61950515803,45,582
2020,CO,2018,minivan,36038.30448727222,4,582
2020,CO,2019,cuv,43614.41014142582,2963,582
2020,CO,2019,car,35813.983020310865,1827,582
2020,CO,2019,minivan,38756.5975020671,152,582
2020,CO,2019,pickup,51441.714680496174,3675,582
2020,CO,2019,suv,61882.517362520775,718,582
2020,CO,2020,cuv,43338.68196296911,32520,582
2020,CO,2020,car,37569.82842221569,14701,582
2020,CO,2020,minivan,47468.792261936134,824,582
2020,CO,2020,pickup,56862.26441971969,20422,582
2020,CO,2020,suv,61455.61803243164,12682,582
2020,CO,2021,cuv,47486.041833548785,9928,582
2020,CO,2021,car,39979.71641603113,2398,582
2020,CO,2021,minivan,49793.29037897555,173,582
2020,CO,2021,pickup,56784.20361857767,3098,582
2020,CO,2021,suv,65944.86749842092,3660,582
2020,CT,2018,minivan,46365.455641865054,3,572
2020,CT,2018,car,33823.38954653967,39,572
2020,CT,2018,cuv,48812.02024884041,30,572
2020,CT,2018,suv,50247.66659859943,17,572
2020,CT,2018,pickup,46820.64783123592,14,572
2020,CT,2019,car,35518.99680198519,1880,572
2020,CT,2019,cuv,42943.66675926773,2570,572
2020,CT,2019,minivan,35496.95999904417,103,572
2020,CT,2019,pickup,48809.29949898797,1793,572
2020,CT,2019,suv,58377.5368143826,495,572
2020,CT,2020,car,37904.91159024439,16091,572
2020,CT,2020,cuv,43378.61050305346,29278,572
2020,CT,2020,minivan,45850.49544585611,854,572
2020,CT,2020,pickup,54692.538656213175,8347,572
2020,CT,2020,suv,59028.852900832855,8551,572
2020,CT,2021,cuv,50544.996084291,7863,572
2020,CT,2021,car,44069.30867299237,1953,572
2020,CT,2021,minivan,47700.43856878306,205,572
2020,CT,2021,pickup,55160.62977602905,1342,572
2020,CT,2021,suv,63313.49073021944,2469,572
2020,DE,2018,car,40275.95084174754,5,460
2020,DE,2018,pickup,51587.15894895855,12,460
2020,DE,2018,suv,73508.13819647675,8,460
2020,DE,2018,cuv,24869.082830303818,3,460
2020,DE,2019,minivan,33004.26239903662,38,460
2020,DE,2019,car,36433.99301959034,476,460
2020,DE,2019,suv,57570.26738474829,137,460
2020,DE,2019,cuv,38369.63641512595,563,460
2020,DE,2019,pickup,50318.20028182554,601,460
2020,DE,2020,car,36066.504242051196,4002,460
2020,DE,2020,minivan,45015.69671970017,359,460
2020,DE,2020,suv,55765.01768517661,2648,460
2020,DE,2020,cuv,40525.5197824542,6867,460
2020,DE,2020,pickup,54329.71780685506,3402,460
2020,DE,2021,minivan,46947.55591426803,47,460
2020,DE,2021,car,36575.46207400253,526,460
2020,DE,2021,suv,65755.53146645376,697,460
2020,DE,2021,cuv,45203.331753895945,1655,460
2020,DE,2021,pickup,50995.85558829058,424,460
2020,FL,2018,car,33070.482492539595,175,642
2020,FL,2018,pickup,45838.01246509067,103,642
2020,FL,2018,cuv,32930.367226876115,210,642
2020,FL,2018,suv,60453.55731744156,91,642
2020,FL,2018,minivan,40531.475663967896,10,642
2020,FL,2019,car,36035.49615671521,10541,642
2020,FL,2019,cuv,38903.138269088005,11842,642
2020,FL,2019,minivan,36316.91570462994,655,642
2020,FL,2019,pickup,44370.018903344026,15059,642
2020,FL,2019,suv,60500.11202907754,2915,642
2020,FL,2020,car,34698.69887104986,151301,642
2020,FL,2020,cuv,39558.16242688638,185482,642
2020,FL,2020,minivan,45165.47709238612,7736,642
2020,FL,2020,pickup,51027.67885890828,82076,642
2020,FL,2020,suv,60646.605928186895,46127,642
2020,FL,2021,car,34692.59353831299,33171,642
2020,FL,2021,cuv,45552.48390899237,55876,642
2020,FL,2021,minivan,47857.385760397876,1996,642
2020,FL,2021,pickup,48713.78395487416,16501,642
2020,FL,2021,suv,68464.46076567454,13984,642
2020,GA,2018,car,36703.84692424758,97,621
2020,GA,2018,cuv,33028.94706532694,113,621
2020,GA,2018,pickup,52414.196105309034,118,621
2020,GA,2018,suv,66705.15727488203,62,621
2020,GA,2018,minivan,42554.6707924718,9,621
2020,GA,2019,car,32951.04683970623,5265,621
2020,GA,2019,cuv,37142.31438485689,5845,621
2020,GA,2019,minivan,46060.447024484274,372,621
2020,GA,2019,pickup,47064.90120318002,9082,621
2020,GA,2019,suv,63677.65086863795,1502,621
2020,GA,2020,car,34492.15516923523,57533,621
2020,GA,2020,cuv,41165.28702380685,66526,621
2020,GA,2020,minivan,46507.02809872383,3633,621
2020,GA,2020,pickup,53744.922395096386,43192,621
2020,GA,2020,suv,59481.748836118015,23228,621
2020,GA,2021,cuv,48510.10585527378,19480,621
2020,GA,2021,car,35046.081520066764,10789,621
2020,GA,2021,minivan,48295.84718740205,1016,621
2020,GA,2021,pickup,52642.26396497804,6822,621
2020,GA,2021,suv,70563.56559790939,6542,621
2020,HI,2018,suv,76165.34463363528,3,474
2020,HI,2018,car,28756.886349600605,6,474
2020,HI,2018,pickup,52316.383524642355,10,474
2020,HI,2018,minivan,42863.88357144807,1,474
2020,HI,2018,cuv,40507.904634803694,10,474
2020,HI,2019,cuv,40261.68432667737,863,474
2020,HI,2019,car,36711.89084776763,647,474
2020,HI,2019,minivan,42303.33246205009,78,474
2020,HI,2019,pickup,42028.515575800986,1332,474
2020,HI,2019,suv,51049.71601554521,211,474
2020,HI,2020,car,34847.46616406207,5224,474
2020,HI,2020,cuv,41427.78912833385,5337,474
2020,HI,2020,minivan,46374.67999132903,724,474
2020,HI,2020,pickup,50379.15165181455,3674,474
2020,HI,2020,suv,56098.625166994214,1519,474
2020,HI,2021,cuv,44266.55571362315,1349,474
2020,HI,2021,pickup,51093.64688234558,381,474
2020,HI,2021,suv,58042.025582673945,359,474
2020,HI,2021,car,35939.121665514635,577,474
2020,HI,2021,minivan,47564.01366884116,61,474
2020,IA,2018,suv,55127.845634002704,10,537
2020,IA,2018,cuv,35729.942049119185,17,537
2020,IA,2018,minivan,47472.16502740634,2,537
2020,IA,2018,car,36624.251602129756,29,537
2020,IA,2018,pickup,55268.832350396195,11,537
2020,IA,2019,car,34135.15528129839,945,537
2020,IA,2019,cuv,39875.11363476705,1771,537
2020,IA,2019,minivan,36521.61412203639,207,537
2020,IA,2019,pickup,50621.1230732763,2594,537
2020,IA,2019,suv,62791.27975003831,399,537
2020,IA,2020,car,33746.18162750507,8537,537
2020,IA,2020,cuv,41053.153473755425,23903,537
2020,IA,2020,minivan,45461.9734482913,1766,537
2020,IA,2020,pickup,56849.18330877135,17624,537
2020,IA,2020,suv,58694.11270493967,7090,537
2020,IA,2021,cuv,46118.96124310662,5016,537
2020,IA,2021,minivan,50399.48840679941,232,537
2020,IA,2021,car,35125.04285845009,1188,537
2020,IA,2021,pickup,57851.18740589703,2891,537
2020,IA,2021,suv,69371.45825129397,1855,537
2020,ID,2018,suv,62954.8146884525,5,477
2020,ID,2018,cuv,35742.564463633025,11,477
2020,ID,2018,pickup,55904.87116565689,16,477
2020,ID,2018,car,23340.073457811337,3,477
2020,ID,2019,car,35870.72095576813,431,477
2020,ID,2019,cuv,39489.55291985254,818,477
2020,ID,2019,minivan,35672.92819856692,37,477
2020,ID,2019,pickup,51566.23026444698,1421,477
2020,ID,2019,suv,58119.34620071723,233,477
2020,ID,2020,car,34660.34293805723,3677,477
2020,ID,2020,cuv,41891.873924563675,8017,477
2020,ID,2020,minivan,45155.573976174084,247,477
2020,ID,2020,pickup,56931.22775320918,8562,477
2020,ID,2020,suv,60199.25323285168,3536,477
2020,ID,2021,cuv,46199.105064885516,2499,477
2020,ID,2021,car,34843.81066656747,764,477
2020,ID,2021,minivan,46304.488981635644,49,477
2020,ID,2021,pickup,56888.82044939541,1496,477
2020,ID,2021,suv,71705.35836275278,968,477
2020,IL,2018,car,34303.92334648721,106,627
2020,IL,2018,cuv,37659.95389882289,74,627
2020,IL,2018,pickup,50729.06233920886,56,627
2020,IL,2018,suv,65944.75395472693,43,627
2020,IL,2018,minivan,47432.91219046593,3,627
2020,IL,2019,car,34797.97028555414,5277,627
2020,IL,2019,cuv,37559.16311073303,7607,627
2020,IL,2019,minivan,35478.14713299383,964,627
2020,IL,2019,pickup,49015.25344796251,6052,627
2020,IL,2019,suv,61075.690069376586,1316,627
2020,IL,2020,cuv,40377.673756287695,96812,627
2020,IL,2020,car,33950.75853368279,52238,627
2020,IL,2020,minivan,44602.87990444568,6781,627
2020,IL,2020,pickup,55178.03169541073,31634,627
2020,IL,2020,suv,57881.77142979963,25832,627
2020,IL,2021,cuv,46534.37480927058,24106,627
2020,IL,2021,car,37239.50325913386,8212,627
2020,IL,2021,minivan,48031.46229538249,1015,627
2020,IL,2021,pickup,54582.40169126513,5373,627
2020,IL,2021,suv,64570.365087597675,7525,627
2020,IN,2018,car,37553.940375116275,47,581
2020,IN,2018,cuv,38035.579728981465,39,581
2020,IN,2018,pickup,54272.433580265206,46,581
2020,IN,2018,suv,60282.382591759575,35,581
2020,IN,2018,minivan,44808.92824082913,2,581
2020,IN,2019,car,35152.09997959383,2540,581
2020,IN,2019,cuv,36924.48941910183,4419,581
2020,IN,2019,minivan,37848.52356680891,308,581
2020,IN,2019,pickup,48041.00304372204,4289,581
2020,IN,2019,suv,63118.0396196509,770,581
2020,IN,2020,car,33778.093275579755,23921,581
2020,IN,2020,cuv,39381.15647861699,49022,581
2020,IN,2020,minivan,45143.68691947745,3420,581
2020,IN,2020,pickup,54529.951491558146,23099,581
2020,IN,2020,suv,58778.0589215526,12430,581
2020,IN,2021,car,34700.26349332267,3738,581
2020,IN,2021,cuv,45341.47484944159,10974,581
2020,IN,2021,minivan,48311.154040991154,714,581
2020,IN,2021,pickup,55164.75342613648,4198,581
2020,IN,2021,suv,67363.87824675124,3619,581
2020,KS,2018,car,28921.932281660724,32,541
2020,KS,2018,pickup,49048.90658546653,22,541
2020,KS,2018,suv,53313.92000310251,15,541
2020,KS,2018,cuv,30279.407122123237,16,541
2020,KS,2018,minivan,32612.306053759374,3,541
2020,KS,2019,cuv,37760.25333211642,1523,541
2020,KS,2019,car,35970.35986427243,852,541
2020,KS,2019,minivan,33898.43330569613,109,541
2020,KS,2019,pickup,51803.00632722114,2277,541
2020,KS,2019,suv,65108.54279115921,384,541
2020,KS,2020,car,35160.212598392,7769,541
2020,KS,2020,cuv,40795.010693739576,14129,541
2020,KS,2020,minivan,45116.98633781851,917,541
2020,KS,2020,pickup,56539.36435963909,10030,541
2020,KS,2020,suv,61716.326856420594,4868,541
2020,KS,2021,cuv,47797.96951560794,3266,541
2020,KS,2021,car,35958.92522114808,1285,541
2020,KS,2021,minivan,49828.49847653487,187,541
2020,KS,2021,pickup,57097.37203243839,1473,541
2020,KS,2021,suv,69788.29432797871,1241,541
2020,KY,2018,minivan,52837.097762469166,1,547
2020,KY,2018,car,35665.89598889396,36,547
2020,KY,2018,suv,56323.56379486328,21,547
2020,KY,2018,pickup,52319.0096122827,25,547
2020,KY,2018,cuv,31795.9096360623,37,547
2020,KY,2019,car,35682.629168770145,1504,547
2020,KY,2019,minivan,35947.881422763174,227,547
2020,KY,2019,cuv,34802.12775832593,2592,547
2020,KY,2019,pickup,47455.17810834688,3034,547
2020,KY,2019,suv,64011.511350428445,520,547
2020,KY,2020,car,32872.20874642292,16051,547
2020,KY,2020,minivan,43827.007983412455,1755,547
2020,KY,2020,cuv,38092.39610119587,26541,547
2020,KY,2020,pickup,53143.8446908225,16137,547
2020,KY,2020,suv,57801.6955102462,8127,547
2020,KY,2021,minivan,47835.22717462675,376,547
2020,KY,2021,car,33339.11290575928,2525,547
2020,KY,2021,cuv,44452.68449882699,5890,547
2020,KY,2021,pickup,54321.95011650841,2689,547
2020,KY,2021,suv,66378.3134282052,2495,547
2020,LA,2018,car,33081.84684396591,35,547
2020,LA,2018,suv,67281.61648235415,16,547
2020,LA,2018,cuv,38560.376592121975,20,547
2020,LA,2018,pickup,48029.815641195535,28,547
2020,LA,2018,minivan,41284.58612708414,5,547
2020,LA,2019,cuv,37804.73334605464,2202,547
2020,LA,2019,minivan,36002.127057504265,147,547
2020,LA,2019,car,34553.429860091135,1890,547
2020,LA,2019,pickup,47113.31827338072,5356,547
2020,LA,2019,suv,65142.04432524348,904,547
2020,LA,2020,car,33622.984704449125,18933,547
2020,LA,2020,cuv,39483.89562081148,24474,547
2020,LA,2020,minivan,45786.103600274444,1042,547
2020,LA,2020,pickup,52975.13312304314,23834,547
2020,LA,2020,suv,60523.01942667533,10626,547
2020,LA,2021,cuv,46589.179813623,6102,547
2020,LA,2021,car,36241.083304876585,2309,547
2020,LA,2021,minivan,48293.156781647354,236,547
2020,LA,2021,pickup,53118.99807638913,4391,547
2020,LA,2021,suv,73665.03923260061,3026,547
2020,MA,2018,car,33307.224724150976,108,592
2020,MA,2018,minivan,52092.58747629542,6,592
2020,MA,2018,pickup,50198.059025228824,34,592
2020,MA,2018,cuv,39459.6324760338,46,592
2020,MA,2018,suv,58975.05725267737,40,592
2020,MA,2019,car,33335.63169560506,3158,592
2020,MA,2019,cuv,42323.87128255084,5179,592
2020,MA,2019,minivan,37097.8936819783,298,592
2020,MA,2019,pickup,49383.23129582812,4265,592
2020,MA,2019,suv,60355.37707488354,789,592
2020,MA,2020,car,35451.196421059394,38000,592
2020,MA,2020,cuv,42063.587590139454,62361,592
2020,MA,2020,minivan,46174.77268677153,1713,592
2020,MA,2020,pickup,53858.29813086524,22470,592
2020,MA,2020,suv,57129.062198916894,17501,592
2020,MA,2021,car,38316.521083868385,8780,592
2020,MA,2021,cuv,43579.31431296452,26771,592
2020,MA,2021,minivan,48531.520148530864,421,592
2020,MA,2021,pickup,53898.97417287496,3938,592
2020,MA,2021,suv,62114.45790686699,5257,592
2020,MD,2018,minivan,54165.43480619736,3,602
2020,MD,2018,car,34056.802437181934,67,602
2020,MD,2018,suv,63490.48890629728,16,602
2020,MD,2018,pickup,49267.07226006315,39,602
2020,MD,2018,cuv,33485.6893291812,30,602
2020,MD,2019,cuv,40718.67163500206,5056,602
2020,MD,2019,car,34403.28806020966,4427,602
2020,MD,2019,minivan,36076.33835917475,310,602
2020,MD,2019,pickup,45873.09542580768,3897,602
2020,MD,2019,suv,58909.34842837087,993,602
2020,MD,2020,car,34530.97812652904,41265,602
2020,MD,2020,cuv,41139.38295645279,53776,602
2020,MD,2020,minivan,45647.641989989854,3623,602
2020,MD,2020,pickup,52565.23733162832,20884,602
2020,MD,2020,suv,56486.2260916494,15606,602
2020,MD,2021,car,36116.46565101661,5995,602
2020,MD,2021,cuv,47525.85814075941,14309,602
2020,MD,2021,minivan,49054.105210402005,901,602
2020,MD,2021,pickup,51708.602562851054,3022,602
2020,MD,2021,suv,65640.40631462091,3839,602
2020,ME,2018,minivan,28833.315478852197,2,479
2020,ME,2018,car,35178.9800557448,9,479
2020,ME,2018,suv,47781.094763261135,5,479
2020,ME,2018,pickup,52770.81220397324,4,479
2020,ME,2018,cuv,44321.82484436318,13,479
2020,ME,2019,car,33380.2036782464,592,479
2020,ME,2019,cuv,37341.77506670627,1079,479
2020,ME,2019,minivan,34236.43365917561,79,479
2020,ME,2019,pickup,49807.6146073374,1527,479
2020,ME,2019,suv,53622.57757158923,224,479
2020,ME,2020,car,34995.74056602175,4036,479
2020,ME,2020,cuv,39670.74926069445,10227,479
2020,ME,2020,minivan,45803.549615079704,317,479
2020,ME,2020,pickup,54260.456645154074,9351,479
2020,ME,2020,suv,56663.8346447545,3415,479
2020,ME,2021,cuv,46369.17755342426,2257,479
2020,ME,2021,minivan,45339.86000512846,61,479
2020,ME,2021,car,35505.42267847714,395,479
2020,ME,2021,pickup,53916.756014846076,1316,479
2020,ME,2021,suv,64391.60292792669,851,479
2020,MI,2018,car,42267.364546974495,74,600
2020,MI,2018,cuv,40288.60108820382,99,600
2020,MI,2018,pickup,51631.882875676914,64,600
2020,MI,2018,suv,58108.021099115904,61,600
2020,MI,2018,minivan,47841.36375259464,13,600
2020,MI,2019,cuv,40150.21748487585,4524,600
2020,MI,2019,car,41323.274401095776,2088,600
2020,MI,2019,minivan,35287.58580350144,341,600
2020,MI,2019,pickup,49195.9768220605,4414,600
2020,MI,2019,suv,66841.39777042619,769,600
2020,MI,2020,car,34649.14372805429,39079,600
2020,MI,2020,cuv,37456.963594068795,131848,600
2020,MI,2020,minivan,47304.19036613727,5452,600
2020,MI,2020,pickup,53357.063469508656,63881,600
2020,MI,2020,suv,55590.84860992442,38154,600
2020,MI,2021,cuv,42937.58064566872,27400,600
2020,MI,2021,car,37373.82302097368,4911,600
2020,MI,2021,minivan,48479.58463896883,613,600
2020,MI,2021,pickup,53812.81291940075,11603,600
2020,MI,2021,suv,60497.47070082455,12183,600
2020,MN,2018,car,34731.31464090996,48,562
2020,MN,2018,suv,58466.77966253248,84,562
2020,MN,2018,cuv,35585.08164231873,94,562
2020,MN,2018,minivan,46681.764678527616,5,562
2020,MN,2018,pickup,52455.81140925499,67,562
2020,MN,2019,cuv,41031.16561280739,3255,562
2020,MN,2019,car,34799.19210974622,1767,562
2020,MN,2019,minivan,34068.09030438309,418,562
2020,MN,2019,pickup,50230.27732996599,3905,562
2020,MN,2019,suv,57344.395187784015,669,562
2020,MN,2020,car,35396.41593868681,13289,562
2020,MN,2020,cuv,40798.049679064454,42162,562
2020,MN,2020,minivan,44286.84908071718,2178,562
2020,MN,2020,pickup,56133.64232209201,26741,562
2020,MN,2020,suv,55496.30219953521,14008,562
2020,MN,2021,cuv,45375.49374448918,9711,562
2020,MN,2021,car,37588.18137465239,1939,562
2020,MN,2021,pickup,58432.45920877894,4305,562
2020,MN,2021,suv,64899.30756255792,3578,562
2020,MN,2021,minivan,48888.637310203994,259,562
2020,MO,2018,car,30307.114880926027,47,564
2020,MO,2018,pickup,52285.96500486077,33,564
2020,MO,2018,cuv,33101.59009785593,51,564
2020,MO,2018,suv,51672.0572771792,23,564
2020,MO,2018,minivan,33987.22957231627,1,564
2020,MO,2019,car,34260.02069292401,2588,564
2020,MO,2019,cuv,37392.01404234716,4016,564
2020,MO,2019,minivan,34893.872427476854,270,564
2020,MO,2019,pickup,49358.46609291579,5405,564
2020,MO,2019,suv,63474.349102902655,962,564
2020,MO,2020,car,34058.30662026291,20352,564
2020,MO,2020,cuv,38269.19145399672,41715,564
2020,MO,2020,minivan,44172.03886995677,2741,564
2020,MO,2020,pickup,54810.776702803676,27185,564
2020,MO,2020,suv,58013.32318319347,13854,564
2020,MO,2021,cuv,45468.82032130006,8398,564
2020,MO,2021,minivan,50395.06430502905,351,564
2020,MO,2021,car,35541.13585696423,2340,564
2020,MO,2021,pickup,54423.44065642177,4159,564
2020,MO,2021,suv,68713.0909971434,3593,564
2020,MS,2018,car,34482.75767517429,23,496
2020,MS,2018,pickup,49982.5022852848,30,496
2020,MS,2018,suv,47706.38383497158,14,496
2020,MS,2018,cuv,32795.784315304256,13,496
2020,MS,2019,cuv,35587.471953052314,1245,496
2020,MS,2019,car,34254.89419082385,970,496
2020,MS,2019,minivan,35286.96445456695,76,496
2020,MS,2019,pickup,48493.18418450007,2807,496
2020,MS,2019,suv,58863.277666884016,499,496
2020,MS,2020,car,33125.03181024252,11010,496
2020,MS,2020,cuv,39040.03382134042,11929,496
2020,MS,2020,minivan,45636.86479676388,466,496
2020,MS,2020,pickup,55217.236205727786,10282,496
2020,MS,2020,suv,59105.94273100364,4881,496
2020,MS,2021,car,35292.881407962865,1204,496
2020,MS,2021,cuv,45293.55753675434,2545,496
2020,MS,2021,minivan,49551.32281801052,91,496
2020,MS,2021,pickup,54086.92503776264,1773,496
2020,MS,2021,suv,69012.13137417877,1339,496
2020,MT,2018,car,36325.691131608546,101,528
2020,MT,2018,cuv,38415.33386057696,130,528
2020,MT,2018,suv,69841.96729821528,15,528
2020,MT,2018,pickup,51672.183982216695,23,528
2020,MT,2018,minivan,51098.75295382039,4,528
2020,MT,2019,car,35274.84444124711,980,528
2020,MT,2019,cuv,44055.036202539,1335,528
2020,MT,2019,minivan,38153.399353424815,64,528
2020,MT,2019,pickup,51903.89291952575,1329,528
2020,MT,2019,suv,58071.62916396335,255,528
2020,MT,2020,car,37262.86284634646,5441,528
2020,MT,2020,cuv,43799.04862417265,9464,528
2020,MT,2020,minivan,46769.88594238387,445,528
2020,MT,2020,pickup,57874.01358016008,6649,528
2020,MT,2020,suv,61983.95981648443,3239,528
2020,MT,2021,car,43608.73377617155,560,528
2020,MT,2021,cuv,48423.70667717807,2014,528
2020,MT,2021,minivan,52588.45425648058,57,528
2020,MT,2021,pickup,55874.33045500946,859,528
2020,MT,2021,suv,72744.87309871113,789,528
2020,NC,2018,car,35658.25802309056,122,620
2020,NC,2018,cuv,35125.646609659736,60,620
2020,NC,2018,pickup,47091.53945690002,83,620
2020,NC,2018,suv,51621.90090508926,86,620
2020,NC,2018,minivan,38733.08029704654,3,620
2020,NC,2019,car,36698.414720486275,5090,620
2020,NC,2019,cuv,40113.47350420629,7362,620
2020,NC,2019,minivan,39239.88366625749,428,620
2020,NC,2019,pickup,46230.3134705562,9419,620
2020,NC,2019,suv,59703.19521628209,1671,620
2020,NC,2020,car,36081.41497556089,60745,620
2020,NC,2020,cuv,42732.51201274557,78660,620
2020,NC,2020,minivan,47315.251881335316,4455,620
2020,NC,2020,pickup,53761.1849116884,43173,620
2020,NC,2020,suv,61151.19758466903,25979,620
2020,NC,2021,cuv,49636.95998611601,21132,620
2020,NC,2021,car,38371.18775405196,9896,620
2020,NC,2021,minivan,49677.2599749737,1064,620
2020,NC,2021,pickup,52841.201636847516,7754,620
2020,NC,2021,suv,71290.32214328636,7991,620
2020,ND,2018,pickup,52781.211430288175,6,381
2020,ND,2018,car,44689.555344374756,6,381
2020,ND,2018,cuv,37528.57250380577,4,381
2020,ND,2018,suv,84688.54128177198,1,381
2020,ND,2019,cuv,44915.44350263941,424,381
2020,ND,2019,car,35067.83817079447,245,381
2020,ND,2019,pickup,52849.58594024003,739,381
2020,ND,2019,suv,59217.44969637573,95,381
2020,ND,2019,minivan,36721.57481171575,22,381
2020,ND,2020,car,35284.13274360498,1236,381
2020,ND,2020,minivan,44716.750883641434,211,381
2020,ND,2020,pickup,58053.66903045375,6786,381
2020,ND,2020,cuv,41230.793902381694,5513,381
2020,ND,2020,suv,60901.297126392245,2308,381
2020,ND,2021,car,36349.75271308329,178,381
2020,ND,2021,pickup,59809.15779299337,898,381
2020,ND,2021,cuv,46586.38569670743,1405,381
2020,ND,2021,suv,72854.74885055106,643,381
2020,ND,2021,minivan,49660.41739848058,35,381
2020,NE,2018,cuv,30249.206386588085,10,515
2020,NE,2018,car,48041.31490055824,18,515
2020,NE,2018,pickup,47707.45037146446,11,515
2020,NE,2018,suv,56754.80327240234,8,515
2020,NE,2019,car,34663.60958697066,797,515
2020,NE,2019,cuv,41543.509409670085,1060,515
2020,NE,2019,minivan,40125.79191958407,116,515
2020,NE,2019,pickup,50730.42870822273,2193,515
2020,NE,2019,suv,63652.10233843404,275,515
2020,NE,2020,car,35960.441708986575,6753,515
2020,NE,2020,cuv,42014.72194176427,15921,515
2020,NE,2020,minivan,46353.24414799431,974,515
2020,NE,2020,pickup,57664.02680077048,12979,515
2020,NE,2020,suv,58494.09699243601,6882,515
2020,NE,2021,car,37431.56201934328,906,515
2020,NE,2021,cuv,47145.232751207295,3671,515
2020,NE,2021,minivan,50808.62176275682,142,515
2020,NE,2021,suv,67386.95870988395,1691,515
2020,NE,2021,pickup,58548.451483707555,1832,515
2020,NH,2018,minivan,47931.65405554017,2,512
2020,NH,2018,cuv,51675.16666615044,12,512
2020,NH,2018,suv,51973.47759787317,7,512
2020,NH,2018,pickup,53300.229064455045,8,512
2020,NH,2018,car,35051.36847769947,15,512
2020,NH,2019,car,39845.44798860991,1123,512
2020,NH,2019,cuv,39874.69998594244,1251,512
2020,NH,2019,minivan,36032.103475505515,48,512
2020,NH,2019,pickup,47633.517615691846,1774,512
2020,NH,2019,suv,59285.12696166514,195,512
2020,NH,2020,car,33728.93592667883,7801,512
2020,NH,2020,cuv,40870.743950875134,16416,512
2020,NH,2020,minivan,45817.79465378951,428,512
2020,NH,2020,pickup,54012.58981800436,10234,512
2020,NH,2020,suv,56217.617402835174,4159,512
2020,NH,2021,cuv,47220.637138442944,3872,512
2020,NH,2021,car,37583.79260540574,973,512
2020,NH,2021,minivan,48471.47721381126,102,512
2020,NH,2021,pickup,54028.00267012742,1383,512
2020,NH,2021,suv,62769.03139956672,1094,512
2020,NJ,2018,car,51055.16811931995,50,612
2020,NJ,2018,cuv,40547.99114040621,46,612
2020,NJ,2018,pickup,52939.38232710251,21,612
2020,NJ,2018,suv,62632.145559356744,43,612
2020,NJ,2018,minivan,38513.88376587065,4,612
2020,NJ,2019,cuv,44803.32660409743,5875,612
2020,NJ,2019,car,36022.98707624929,4409,612
2020,NJ,2019,minivan,35052.198422553076,440,612
2020,NJ,2019,pickup,51546.279964005465,2612,612
2020,NJ,2019,suv,64683.72792607538,851,612
2020,NJ,2020,car,37212.32838074209,56555,612
2020,NJ,2020,cuv,43560.07488418678,90236,612
2020,NJ,2020,minivan,46630.61461105858,3362,612
2020,NJ,2020,pickup,56106.76675486159,19019,612
2020,NJ,2020,suv,60478.38651997922,26888,612
2020,NJ,2021,cuv,49060.48434085278,28139,612
2020,NJ,2021,car,42120.75517451277,8654,612
2020,NJ,2021,minivan,47394.06672033309,1091,612
2020,NJ,2021,pickup,54112.23509354247,2970,612
2020,NJ,2021,suv,64008.53644996689,7723,612
2020,NM,2018,pickup,48731.11565300454,14,497
2020,NM,2018,suv,52194.52033174653,12,497
2020,NM,2018,cuv,28488.060931338157,17,497
2020,NM,2018,car,32945.14416762169,11,497
2020,NM,2018,minivan,46571.3610614913,1,497
2020,NM,2019,cuv,36978.6997605763,1050,497
2020,NM,2019,car,33443.08623502634,878,497
2020,NM,2019,minivan,36395.3415001988,60,497
2020,NM,2019,pickup,50241.05143457878,1682,497
2020,NM,2019,suv,66674.0574730945,247,497
2020,NM,2020,car,33366.011494319966,6865,497
2020,NM,2020,cuv,38897.234345214674,8425,497
2020,NM,2020,minivan,44462.577544918124,265,497
2020,NM,2020,pickup,55908.52357708075,7199,497
2020,NM,2020,suv,62222.10067870251,2915,497
2020,NM,2021,cuv,45569.2972928055,1460,497
2020,NM,2021,car,35936.817554089255,727,497
2020,NM,2021,minivan,45430.18461817404,49,497
2020,NM,2021,pickup,53444.67998183308,952,497
2020,NM,2021,suv,68324.88823513208,632,497
2020,NV,2018,car,54618.786990313776,16,531
2020,NV,2018,pickup,46758.53767084169,13,531
2020,NV,2018,suv,56126.96302876029,31,531
2020,NV,2018,cuv,32063.853840573225,19,531
2020,NV,2018,minivan,38145.19012662832,2,531
2020,NV,2019,cuv,43361.086991291166,1553,531
2020,NV,2019,car,38887.688775224706,1220,531
2020,NV,2019,minivan,34124.93298517111,61,531
2020,NV,2019,pickup,47100.98422323641,2043,531
2020,NV,2019,suv,57516.3938546563,340,531
2020,NV,2020,car,35665.48720993092,13996,531
2020,NV,2020,cuv,41050.19307359014,18080,531
2020,NV,2020,minivan,45298.784347770285,757,531
2020,NV,2020,pickup,54079.1824821066,10167,531
2020,NV,2020,suv,59330.46349261925,6282,531
2020,NV,2021,cuv,46308.04146021483,4785,531
2020,NV,2021,car,36465.39532966008,2254,531
2020,NV,2021,minivan,46164.780370535365,150,531
2020,NV,2021,pickup,52409.45729366943,1967,531
2020,NV,2021,suv,68091.05171093032,1661,531
2020,NY,2018,cuv,37257.28742332074,119,645
2020,NY,2018,minivan,42754.65527897748,6,645
2020,NY,2018,car,36894.73506286069,122,645
2020,NY,2018,pickup,52099.05253331349,59,645
2020,NY,2018,suv,60832.68520988048,118,645
2020,NY,2019,cuv,42096.02137870651,10180,645
2020,NY,2019,car,34399.40123996624,6834,645
2020,NY,2019,minivan,35008.180694995055,863,645
2020,NY,2019,pickup,50893.63814315494,7334,645
2020,NY,2019,suv,60724.053063194726,1754,645
2020,NY,2020,cuv,40784.15911832477,162394,645
2020,NY,2020,car,36384.32265327086,75632,645
2020,NY,2020,minivan,45728.10924143611,5989,645
2020,NY,2020,pickup,54771.76336740678,46925,645
2020,NY,2020,suv,57675.66380101304,47733,645
2020,NY,2021,car,41367.99771575617,11143,645
2020,NY,2021,cuv,45662.70215197089,44714,645
2020,NY,2021,minivan,47921.549154505745,1409,645
2020,NY,2021,pickup,55188.46690014655,7417,645
2020,NY,2021,suv,59892.01355070211,13852,645
2020,OH,2018,car,36549.96967388904,62,617
2020,OH,2018,minivan,44686.78257170227,5,617
2020,OH,2018,cuv,38311.94349542961,103,617
2020,OH,2018,pickup,49333.504319225125,63,617
2020,OH,2018,suv,59070.383066131806,51,617
2020,OH,2019,cuv,37981.470651989526,7732,617
2020,OH,2019,car,35222.16858926285,4898,617
2020,OH,2019,minivan,36631.73030069498,519,617
2020,OH,2019,pickup,47829.7212695057,9130,617
2020,OH,2019,suv,64074.40515923398,1375,617
2020,OH,2020,car,33510.586094057595,61231,617
2020,OH,2020,cuv,38331.85005797274,116569,617
2020,OH,2020,minivan,45246.671497469986,6519,617
2020,OH,2020,pickup,53286.791798412814,48201,617
2020,OH,2020,suv,55466.809015406136,29505,617
2020,OH,2021,cuv,43071.84423542393,25919,617
2020,OH,2021,car,33790.192625612995,9532,617
2020,OH,2021,minivan,48728.24116538554,1244,617
2020,OH,2021,pickup,53321.369554676545,7618,617
2020,OH,2021,suv,62167.14665395217,8112,617
2020,OK,2018,car,32637.166492583576,45,551
2020,OK,2018,cuv,41194.79153489039,44,551
2020,OK,2018,pickup,49646.134374207075,60,551
2020,OK,2018,suv,68079.96213000001,27,551
2020,OK,2018,minivan,44229.65965662223,1,551
2020,OK,2019,cuv,35515.566610850445,2264,551
2020,OK,2019,car,34571.114592343285,1465,551
2020,OK,2019,minivan,33457.408751364645,141,551
2020,OK,2019,pickup,48779.93968980358,5267,551
2020,OK,2019,suv,66468.81298281623,859,551
2020,OK,2020,cuv,38442.19431232144,22789,551
2020,OK,2020,car,34028.94681397516,14277,551
2020,OK,2020,minivan,44559.992992965534,994,551
2020,OK,2020,pickup,54309.02258606944,20661,551
2020,OK,2020,suv,60126.43514961673,9892,551
2020,OK,2021,cuv,45068.89882383186,4824,551
2020,OK,2021,car,34907.17467071649,1903,551
2020,OK,2021,minivan,49029.688802754084,200,551
2020,OK,2021,pickup,53761.26374086829,3263,551
2020,OK,2021,suv,72717.31849972828,2457,551
2020,OR,2018,car,31961.83541099477,30,592
2020,OR,2018,pickup,50579.98634220335,15,592
2020,OR,2018,suv,57679.81618223317,23,592
2020,OR,2018,cuv,40242.02802628836,33,592
2020,OR,2018,minivan,39810.64944884614,2,592
2020,OR,2019,car,36722.604276410944,1480,592
2020,OR,2019,cuv,47513.93390686775,2410,592
2020,OR,2019,minivan,38805.24151285849,128,592
2020,OR,2019,pickup,49970.87903866558,2104,592
2020,OR,2019,suv,58156.75529754555,584,592
2020,OR,2020,car,37243.85932943963,30864,592
2020,OR,2020,cuv,44818.755411681326,40208,592
2020,OR,2020,minivan,47885.123479319795,2018,592
2020,OR,2020,pickup,56799.54174867885,18664,592
2020,OR,2020,suv,60418.51239356118,10337,592
2020,OR,2021,cuv,48725.60635863688,18642,592
2020,OR,2021,car,40188.032763517214,7879,592
2020,OR,2021,minivan,49656.39023697653,983,592
2020,OR,2021,pickup,55463.587022168475,4285,592
2020,OR,2021,suv,64190.30339270848,4321,592
2020,PA,2018,car,39687.89167328231,132,654
2020,PA,2018,cuv,42581.38487271292,196,654
2020,PA,2018,pickup,53376.36089161699,57,654
2020,PA,2018,suv,63750.52094024499,44,654
2020,PA,2018,minivan,43475.718155429444,7,654
2020,PA,2019,car,34424.172049952074,5435,654
2020,PA,2019,cuv,38965.88413301085,9019,654
2020,PA,2019,minivan,32934.213710172175,836,654
2020,PA,2019,pickup,48980.94177110481,8003,654
2020,PA,2019,suv,60438.54272022645,1427,654
2020,PA,2020,car,34867.88548014572,56675,654
2020,PA,2020,cuv,40335.04150631693,113077,654
2020,PA,2020,minivan,45192.257684975746,4226,654
2020,PA,2020,pickup,54176.10317587042,47242,654
2020,PA,2020,suv,54718.11697581495,31051,654
2020,PA,2021,cuv,45640.50787109799,28928,654
2020,PA,2021,car,37163.463828511565,8931,654
2020,PA,2021,minivan,48569.990106358775,919,654
2020,PA,2021,pickup,53804.82591751738,7772,654
2020,PA,2021,suv,61121.33980141815,8103,654
2020,RI,2018,suv,52206.567565579666,7,472
2020,RI,2018,cuv,32036.015458225982,1,472
2020,RI,2018,minivan,49578.245879688046,2,472
2020,RI,2018,car,36367.35435790098,11,472
2020,RI,2018,pickup,43881.10708458438,4,472
2020,RI,2019,car,36943.961359583984,447,472
2020,RI,2019,cuv,40655.335479961206,474,472
2020,RI,2019,minivan,35854.34458936975,41,472
2020,RI,2019,suv,58688.39246518593,110,472
2020,RI,2019,pickup,51832.949626509544,468,472
2020,RI,2020,car,35242.99042651849,3798,472
2020,RI,2020,minivan,45548.1110821168,114,472
2020,RI,2020,cuv,41188.498424450445,6531,472
2020,RI,2020,suv,57631.927696195526,1845,472
2020,RI,2020,pickup,53506.300525530234,2847,472
2020,RI,2021,car,38618.81914348694,467,472
2020,RI,2021,minivan,47644.32583179316,25,472
2020,RI,2021,cuv,46978.27181376222,1667,472
2020,RI,2021,suv,61096.02586271614,638,472
2020,RI,2021,pickup,53943.51099177554,555,472
2020,SC,2018,car,31350.0169755644,49,559
2020,SC,2018,pickup,51585.88597294088,45,559
2020,SC,2018,suv,61601.341280772496,21,559
2020,SC,2018,cuv,30918.438306474374,73,559
2020,SC,2018,minivan,38093.9088765792,5,559
2020,SC,2019,cuv,36493.01859302491,2897,559
2020,SC,2019,car,34171.22083551992,2156,559
2020,SC,2019,pickup,45894.021131685346,4481,559
2020,SC,2019,suv,64049.03545179764,815,559
2020,SC,2019,minivan,36838.58423605938,173,559
2020,SC,2020,car,33866.58773155578,21216,559
2020,SC,2020,cuv,40513.44036991592,28447,559
2020,SC,2020,minivan,46234.06202497618,1909,559
2020,SC,2020,pickup,53710.766158556005,17834,559
2020,SC,2020,suv,57808.30290386538,10168,559
2020,SC,2021,cuv,46918.37769545467,6894,559
2020,SC,2021,car,34886.35037412365,3160,559
2020,SC,2021,minivan,49805.22000900199,483,559
2020,SC,2021,pickup,52385.53369692462,2707,559
2020,SC,2021,suv,66961.71028650773,2557,559
2020,SD,2018,car,39321.48214918859,14,417
2020,SD,2018,cuv,34090.371734254164,8,417
2020,SD,2018,suv,59207.89643847108,5,417
2020,SD,2018,pickup,50849.061457256015,5,417
2020,SD,2019,minivan,37160.415481298725,51,417
2020,SD,2019,car,36657.956424003,211,417
2020,SD,2019,pickup,52697.12240426267,617,417
2020,SD,2019,cuv,42635.85929843675,304,417
2020,SD,2019,suv,66068.62361861835,117,417
2020,SD,2020,minivan,45770.384605427505,279,417
2020,SD,2020,car,36042.4967453179,1173,417
2020,SD,2020,pickup,58627.74192420816,5271,417
2020,SD,2020,cuv,42756.36265907793,4328,417
2020,SD,2020,suv,60039.723781207016,2160,417
2020,SD,2021,minivan,50143.37011424891,37,417
2020,SD,2021,car,39284.23604021928,213,417
2020,SD,2021,pickup,59957.296862566065,735,417
2020,SD,2021,cuv,47248.784387627624,1149,417
2020,SD,2021,suv,68471.96645718331,587,417
2020,TN,2018,minivan,42700.45100915732,2,578
2020,TN,2018,car,43784.62463813722,41,578
2020,TN,2018,pickup,53179.36748653735,62,578
2020,TN,2018,cuv,43987.98909403324,66,578
2020,TN,2018,suv,52881.1867174921,59,578
2020,TN,2019,car,33427.216368767324,2622,578
2020,TN,2019,cuv,36819.473612143585,3421,578
2020,TN,2019,minivan,36888.78697440835,189,578
2020,TN,2019,pickup,46301.20683785217,5835,578
2020,TN,2019,suv,63460.34037290286,822,578
2020,TN,2020,car,32853.667262022725,26442,578
2020,TN,2020,cuv,39087.374019288356,37474,578
2020,TN,2020,minivan,45999.58913911052,1811,578
2020,TN,2020,pickup,54167.54695434829,21757,578
2020,TN,2020,suv,60318.6772717171,11506,578
2020,TN,2021,cuv,46468.094758908446,8409,578
2020,TN,2021,car,35541.68633773128,3776,578
2020,TN,2021,minivan,48631.616086471826,497,578
2020,TN,2021,pickup,54087.83276729932,3736,578
2020,TN,2021,suv,69899.45470654123,3159,578
2020,TX,2018,car,34337.5822971936,279,671
2020,TX,2018,cuv,36098.15157423541,226,671
2020,TX,2018,minivan,42485.157465851225,32,671
2020,TX,2018,pickup,51468.66461037274,234,671
2020,TX,2018,suv,61423.31665050928,202,671
2020,TX,2019,car,34406.896138075324,12538,671
2020,TX,2019,cuv,40007.455887008604,15153,671
2020,TX,2019,minivan,38444.62466550559,910,671
2020,TX,2019,pickup,46944.73601499267,31041,671
2020,TX,2019,suv,66646.67544142094,4707,671
2020,TX,2020,car,34422.817099415166,147550,671
2020,TX,2020,cuv,40634.434334656544,195045,671
2020,TX,2020,minivan,45877.78514391286,8187,671
2020,TX,2020,pickup,53259.48016224736,173626,671
2020,TX,2020,suv,61904.21799011014,79319,671
2020,TX,2021,car,35909.88188319682,20484,671
2020,TX,2021,cuv,47214.04937311371,44415,671
2020,TX,2021,minivan,48785.622588251,1487,671
2020,TX,2021,pickup,52878.92306911526,28477,671
2020,TX,2021,suv,73908.89738720418,20883,671
2020,UT,2018,pickup,54264.08649687346,11,543
2020,UT,2018,suv,53385.30365701368,16,543
2020,UT,2018,cuv,37912.98285187126,13,543
2020,UT,2018,car,43829.27850269145,13,543
2020,UT,2018,minivan,43776.08825166871,4,543
2020,UT,2019,car,34781.81958349538,1543,543
2020,UT,2019,cuv,40597.28736033367,1838,543
2020,UT,2019,minivan,35818.89153328683,107,543
2020,UT,2019,pickup,50070.04804264027,2721,543
2020,UT,2019,suv,58968.06110182124,501,543
2020,UT,2020,car,33736.4413087852,16496,543
2020,UT,2020,cuv,41221.3413813542,23780,543
2020,UT,2020,minivan,45961.595464917875,1545,543
2020,UT,2020,pickup,55464.10342409835,16114,543
2020,UT,2020,suv,58008.63830696717,10095,543
2020,UT,2021,car,35649.072018227766,2523,543
2020,UT,2021,cuv,46361.04404592425,7788,543
2020,UT,2021,minivan,50694.60266177883,297,543
2020,UT,2021,pickup,56004.76110542484,3107,543
2020,UT,2021,suv,62301.1247287395,3139,543
2020,VA,2018,car,35654.01938280021,86,623
2020,VA,2018,cuv,41968.08210997399,75,623
2020,VA,2018,minivan,43951.70763142641,5,623
2020,VA,2018,pickup,51435.0836687845,43,623
2020,VA,2018,suv,56750.264498063494,35,623
2020,VA,2019,car,33224.09461512657,4922,623
2020,VA,2019,cuv,41349.43835403291,6115,623
2020,VA,2019,minivan,37683.99597054071,314,623
2020,VA,2019,pickup,46141.25371292716,5361,623
2020,VA,2019,suv,60534.96067890854,1514,623
2020,VA,2020,car,34283.65139907324,46315,623
2020,VA,2020,cuv,41520.87134323168,64059,623
2020,VA,2020,minivan,46164.49866453518,4349,623
2020,VA,2020,pickup,53380.228875986526,29140,623
2020,VA,2020,suv,58220.358311323966,19320,623
2020,VA,2021,car,36228.365832930765,6830,623
2020,VA,2021,cuv,47624.08894985847,16264,623
2020,VA,2021,minivan,49274.57759333992,958,623
2020,VA,2021,pickup,52847.79926095857,3970,623
2020,VA,2021,suv,65806.3616567395,5067,623
2020,VT,2018,cuv,49921.956503619265,4,407
2020,VT,2018,car,36022.79887275442,14,407
2020,VT,2018,pickup,56274.4200204531,3,407
2020,VT,2018,suv,51574.827810168,4,407
2020,VT,2019,car,34574.033980342516,282,407
2020,VT,2019,cuv,39512.06557433024,600,407
2020,VT,2019,pickup,51657.10294898012,856,407
2020,VT,2019,suv,55101.30792296929,88,407
2020,VT,2019,minivan,39525.32251032557,27,407
2020,VT,2020,car,34781.73842688311,2542,407
2020,VT,2020,cuv,38227.51521690194,6612,407
2020,VT,2020,pickup,53280.53808669629,5069,407
2020,VT,2020,suv,54407.70027800125,1391,407
2020,VT,2020,minivan,45446.61817260269,123,407
2020,VT,2021,cuv,43360.74698133682,1268,407
2020,VT,2021,car,32710.77531558408,234,407
2020,VT,2021,pickup,52460.009744281924,813,407
2020,VT,2021,suv,59782.35199182373,446,407
2020,VT,2021,minivan,48830.53174052505,20,407
2020,WA,2018,car,35249.08017614557,89,589
2020,WA,2018,suv,71139.62713299092,18,589
2020,WA,2018,cuv,43767.51174461911,61,589
2020,WA,2018,pickup,55042.53796685063,92,589
2020,WA,2018,minivan,62679.34729097456,1,589
2020,WA,2019,car,36662.69167344687,2907,589
2020,WA,2019,cuv,41600.49964422322,3439,589
2020,WA,2019,minivan,37738.89835798164,201,589
2020,WA,2019,pickup,50484.10865765606,3632,589
2020,WA,2019,suv,62438.87841596203,638,589
2020,WA,2020,car,35444.85798821328,23597,589
2020,WA,2020,cuv,42994.00626368174,38986,589
2020,WA,2020,minivan,47651.81721604068,1681,589
2020,WA,2020,pickup,56026.00788870256,18103,589
2020,WA,2020,suv,60197.79978208704,9773,589
2020,WA,2021,cuv,46769.1624751492,12103,589
2020,WA,2021,car,36938.2067614158,3771,589
2020,WA,2021,minivan,49014.337075924304,338,589
2020,WA,2021,pickup,55458.26146114784,3302,589
2020,WA,2021,suv,70291.01699526646,2517,589
2020,WI,2018,minivan,33439.657540317836,3,561
2020,WI,2018,car,32313.746250480694,34,561
2020,WI,2018,pickup,58490.11263594551,37,561
2020,WI,2018,cuv,35344.968139623576,49,561
2020,WI,2018,suv,67315.50910573466,15,561
2020,WI,2019,cuv,39386.481931921786,3406,561
2020,WI,2019,car,33188.28405987429,2081,561
2020,WI,2019,minivan,34704.08158172805,501,561
2020,WI,2019,pickup,50736.58631796763,4086,561
2020,WI,2019,suv,64844.359910593645,581,561
2020,WI,2020,cuv,40472.16085958227,49243,561
2020,WI,2020,car,35137.122782154445,19233,561
2020,WI,2020,minivan,44137.139166557,3367,561
2020,WI,2020,pickup,56307.53834968041,27372,561
2020,WI,2020,suv,56661.86872851026,13715,561
2020,WI,2021,car,36707.82829658015,2949,561
2020,WI,2021,cuv,45295.80697106966,12185,561
2020,WI,2021,minivan,48405.17084440283,374,561
2020,WI,2021,pickup,56350.75586691362,4454,561
2020,WI,2021,suv,62929.108623888744,3817,561
2020,WV,2018,car,37049.704730563775,19,473
2020,WV,2018,pickup,55569.98406921356,14,473
2020,WV,2018,suv,55867.145318556046,12,473
2020,WV,2018,cuv,46836.93869273356,8,473
2020,WV,2019,cuv,36890.23881949907,1301,473
2020,WV,2019,car,34489.55869870797,774,473
2020,WV,2019,pickup,49520.62494193965,2116,473
2020,WV,2019,suv,60453.16222735472,258,473
2020,WV,2019,minivan,35472.003668186735,99,473
2020,WV,2020,car,32499.751630834628,5644,473
2020,WV,2020,cuv,37832.800175465316,12880,473
2020,WV,2020,minivan,45071.3066910933,481,473
2020,WV,2020,pickup,54021.99990184947,8451,473
2020,WV,2020,suv,56985.78260895291,4276,473
2020,WV,2021,cuv,43141.84882729856,2643,473
2020,WV,2021,car,33629.95769754308,895,473
2020,WV,2021,pickup,52464.897288584136,1203,473
2020,WV,2021,suv,64942.156694008845,933,473
2020,WV,2021,minivan,47580.543130519225,87,473
2020,WY,2018,car,41127.2131541716,14,331
2020,WY,2018,pickup,60512.023670221744,8,331
2020,WY,2018,suv,51667.432174287336,9,331
2020,WY,2018,cuv,40955.42597584355,5,331
2020,WY,2018,minivan,48910.29929131125,1,331
2020,WY,2019,car,36723.07365814045,171,331
2020,WY,2019,cuv,39253.32254875457,295,331
2020,WY,2019,pickup,54189.249242891754,825,331
2020,WY,2019,suv,64710.679017005335,147,331
2020,WY,2019,minivan,36395.31583909037,15,331
2020,WY,2020,car,35719.38000341921,814,331
2020,WY,2020,cuv,41795.90537165696,2170,331
2020,WY,2020,minivan,47071.67887169752,66,331
2020,WY,2020,pickup,60048.0828425922,2883,331
2020,WY,2020,suv,63042.359682425624,1351,331
2020,WY,2021,cuv,43442.85934521411,499,331
2020,WY,2021,suv,71113.2809882063,360,331
2020,WY,2021,car,38737.16260033775,109,331
2020,WY,2021,pickup,58448.76452394705,312,331
2020,WY,2021,minivan,51642.514855556496,13,331
2021,AK,2019,minivan,32302.696665022697,3,325
2021,AK,2019,car,18219.369748300727,4,325
2021,AK,2019,cuv,63049.76696599919,2,325
2021,AK,2019,pickup,52177.65180708153,1,325
2021,AK,2020,car,41121.178253231184,67,325
2021,AK,2020,cuv,39410.4450573465,301,325
2021,AK,2020,pickup,53884.96030382196,155,325
2021,AK,2020,suv,72019.29588898593,69,325
2021,AK,2020,minivan,38771.47362949869,24,325
2021,AK,2021,cuv,43967.91879261256,2822,325
2021,AK,2021,minivan,52578.35475154457,68,325
2021,AK,2021,car,41494.6186144081,498,325
2021,AK,2021,pickup,58381.65471715109,2101,325
2021,AK,2021,suv,59879.45042997164,1071,325
2021,AK,2022,car,38809.71313366534,122,325
2021,AK,2022,cuv,46095.490845324646,342,325
2021,AK,2022,suv,74507.31162928008,56,325
2021,AK,2022,pickup,59036.754084714405,255,325
2021,AK,2022,minivan,49255.11556039546,14,325
2021,AL,2019,minivan,32875.25722190511,2,534
2021,AL,2019,car,36919.66488357399,28,534
2021,AL,2019,suv,54979.20258748886,7,534
2021,AL,2019,cuv,36223.180245945245,21,534
2021,AL,2019,pickup,49730.38988148405,14,534
2021,AL,2020,cuv,33832.98072182349,3400,534
2021,AL,2020,car,33890.00562845129,1900,534
2021,AL,2020,minivan,40368.471547463705,88,534
2021,AL,2020,pickup,51638.38423264982,1323,534
2021,AL,2020,suv,58765.114082557644,519,534
2021,AL,2021,cuv,41758.7249694167,34243,534
2021,AL,2021,car,34975.99752805787,22109,534
2021,AL,2021,minivan,50162.44619708839,1201,534
2021,AL,2021,pickup,55991.9943952701,22321,534
2021,AL,2021,suv,61586.893173089724,12829,534
2021,AL,2022,cuv,44712.24985455634,6573,534
2021,AL,2022,car,34394.00787019859,4450,534
2021,AL,2022,minivan,48686.51235970082,542,534
2021,AL,2022,pickup,52303.86162006178,2657,534
2021,AL,2022,suv,69350.32153426467,1441,534
2021,AR,2019,pickup,58699.722758535674,6,486
2021,AR,2019,suv,66576.45888181156,6,486
2021,AR,2019,cuv,31335.865224052857,11,486
2021,AR,2019,car,41475.469518755315,13,486
2021,AR,2019,minivan,40896.13363814763,2,486
2021,AR,2020,car,31094.87164516977,1283,486
2021,AR,2020,cuv,32388.70744147354,2775,486
2021,AR,2020,minivan,39017.062783714806,146,486
2021,AR,2020,pickup,50005.09205713793,1155,486
2021,AR,2020,suv,64763.67961545791,572,486
2021,AR,2021,cuv,40443.123307626585,18517,486
2021,AR,2021,car,34813.67626272019,9910,486
2021,AR,2021,minivan,48148.32668475965,651,486
2021,AR,2021,pickup,57369.27105459678,13835,486
2021,AR,2021,suv,61619.89353094474,7706,486
2021,AR,2022,car,35591.68366055353,1673,486
2021,AR,2022,cuv,44268.59885180363,3139,486
2021,AR,2022,minivan,48859.64612324987,157,486
2021,AR,2022,pickup,54041.23678040232,1488,486
2021,AR,2022,suv,76071.61000459251,610,486
2021,AZ,2019,car,37099.4888382911,30,558
2021,AZ,2019,suv,62632.47376422142,5,558
2021,AZ,2019,pickup,52043.17423710374,10,558
2021,AZ,2019,cuv,44017.319451648225,22,558
2021,AZ,2019,minivan,35733.99908899403,2,558
2021,AZ,2020,car,32780.35473978197,3424,558
2021,AZ,2020,cuv,33048.81469998352,5440,558
2021,AZ,2020,minivan,37625.850054080765,256,558
2021,AZ,2020,pickup,47907.73261381109,2052,558
2021,AZ,2020,suv,69930.31106113823,708,558
2021,AZ,2021,car,35800.361976319786,28554,558
2021,AZ,2021,cuv,42181.274631019754,47615,558
2021,AZ,2021,minivan,47166.10286558094,1969,558
2021,AZ,2021,pickup,53556.70725408771,24544,558
2021,AZ,2021,suv,62331.77309070248,15082,558
2021,AZ,2022,car,38203.57623147115,5725,558
2021,AZ,2022,cuv,45369.646356012316,9746,558
2021,AZ,2022,minivan,47925.3862366327,741,558
2021,AZ,2022,pickup,50385.00744212841,3762,558
2021,AZ,2022,suv,76140.69785907526,1340,558
2021,CA,2019,car,39584.91946465595,430,705
2021,CA,2019,cuv,37117.88859360729,640,705
2021,CA,2019,minivan,37243.550633065584,35,705
2021,CA,2019,pickup,48050.84759459249,191,705
2021,CA,2019,suv,46441.939832748234,175,705
2021,CA,2020,car,36104.19375436964,23356,705
2021,CA,2020,cuv,38681.20442844894,20439,705
2021,CA,2020,minivan,44952.21429765943,1130,705
2021,CA,2020,pickup,46028.998275450875,4174,705
2021,CA,2020,suv,69064.00876015997,2884,705
2021,CA,2021,car,38699.49345990309,188012,705
2021,CA,2021,cuv,45688.34978658118,233147,705
2021,CA,2021,minivan,50857.64876290859,8345,705
2021,CA,2021,pickup,53410.33620491871,82313,705
2021,CA,2021,suv,65965.05650246867,54409,705
2021,CA,2022,car,40440.840821692014,34125,705
2021,CA,2022,cuv,48890.0007817426,46093,705
2021,CA,2022,minivan,49050.2460592892,2857,705
2021,CA,2022,pickup,50135.3222744158,11104,705
2021,CA,2022,suv,81779.82858027508,6054,705
2021,CO,2019,car,23167.31714010203,71,589
2021,CO,2019,cuv,39408.09542162447,61,589
2021,CO,2019,minivan,34046.06968266049,12,589
2021,CO,2019,suv,45759.35219690167,40,589
2021,CO,2019,pickup,49656.53876388962,43,589
2021,CO,2020,cuv,38199.41784853114,3398,589
2021,CO,2020,car,35901.275886317555,1576,589
2021,CO,2020,minivan,42571.56059870206,88,589
2021,CO,2020,pickup,52490.31725515911,1129,589
2021,CO,2020,suv,69296.40983445452,684,589
2021,CO,2021,cuv,44208.404525757505,42200,589
2021,CO,2021,car,39163.425606924655,13143,589
2021,CO,2021,minivan,50721.71000250291,959,589
2021,CO,2021,pickup,58581.90256277444,18797,589
2021,CO,2021,suv,63811.09894268695,14737,589
2021,CO,2022,cuv,47331.785279675685,8263,589
2021,CO,2022,car,39424.31195353709,2977,589
2021,CO,2022,minivan,48086.97253958409,426,589
2021,CO,2022,pickup,55127.49413540229,2464,589
2021,CO,2022,suv,72460.5471798057,1411,589
2021,CT,2019,car,36191.100612858725,41,577
2021,CT,2019,cuv,41606.385851521576,65,577
2021,CT,2019,pickup,47433.778872416224,21,577
2021,CT,2019,suv,62450.75589519144,14,577
2021,CT,2020,car,33181.61028537095,1814,577
2021,CT,2020,cuv,39513.28722424986,3048,577
2021,CT,2020,minivan,37715.27762308423,36,577
2021,CT,2020,pickup,49522.04228285559,599,577
2021,CT,2020,suv,65392.58718443225,375,577
2021,CT,2021,cuv,45358.92175100835,39789,577
2021,CT,2021,car,40420.59591717168,15284,577
2021,CT,2021,minivan,49281.45244662283,838,577
2021,CT,2021,pickup,56168.45007335817,7788,577
2021,CT,2021,suv,62643.80905152963,9600,577
2021,CT,2022,car,42251.19553421048,3113,577
2021,CT,2022,cuv,49439.78934567588,8116,577
2021,CT,2022,minivan,47597.414043769604,306,577
2021,CT,2022,pickup,52244.27596632491,1203,577
2021,CT,2022,suv,82047.42833466742,700,577
2021,DE,2019,pickup,55601.72505058454,7,465
2021,DE,2019,cuv,37184.610214040324,11,465
2021,DE,2019,suv,52458.183345948884,1,465
2021,DE,2019,car,44429.22950510866,3,465
2021,DE,2020,car,34045.72890961468,479,465
2021,DE,2020,cuv,36303.92161037385,866,465
2021,DE,2020,suv,63027.044333172664,175,465
2021,DE,2020,pickup,51580.05794442702,233,465
2021,DE,2020,minivan,44760.722480727636,42,465
2021,DE,2021,cuv,42854.81933757855,7614,465
2021,DE,2021,car,37514.63927704776,3202,465
2021,DE,2021,minivan,48747.987018667314,267,465
2021,DE,2021,suv,62159.792727110784,2773,465
2021,DE,2021,pickup,56627.869349893976,2814,465
2021,DE,2022,car,38462.17537960438,599,465
2021,DE,2022,minivan,49289.850736810506,59,465
2021,DE,2022,suv,82882.267888096,163,465
2021,DE,2022,cuv,47084.78533487972,1329,465
2021,DE,2022,pickup,55875.80000645909,332,465
2021,FL,2019,car,39984.560197672276,180,658
2021,FL,2019,cuv,37570.45653874954,153,658
2021,FL,2019,suv,49000.68300206723,61,658
2021,FL,2019,minivan,44478.582916025276,20,658
2021,FL,2019,pickup,48315.41489313645,68,658
2021,FL,2020,car,36091.6875419731,9793,658
2021,FL,2020,cuv,33934.63700248138,17494,658
2021,FL,2020,minivan,39140.93632494204,701,658
2021,FL,2020,pickup,48220.96984995652,5279,658
2021,FL,2020,suv,64300.25684499098,2328,658
2021,FL,2021,car,36541.68488111485,141068,658
2021,FL,2021,cuv,42230.011658854804,238685,658
2021,FL,2021,minivan,49054.0035751649,7648,658
2021,FL,2021,pickup,52664.26650686339,82877,658
2021,FL,2021,suv,63094.76308745383,55356,658
2021,FL,2022,car,37115.96553159468,30583,658
2021,FL,2022,cuv,45370.84360937697,46716,658
2021,FL,2022,minivan,48598.060722081456,2558,658
2021,FL,2022,pickup,48987.10531259724,11382,658
2021,FL,2022,suv,76421.75557893822,6001,658
2021,GA,2019,car,40846.681411979014,54,599
2021,GA,2019,pickup,48564.88319786029,27,599
2021,GA,2019,suv,72058.1103422959,18,599
2021,GA,2019,cuv,37167.7515940947,50,599
2021,GA,2019,minivan,60918.255668459715,31,599
2021,GA,2020,car,34930.81534584917,4939,599
2021,GA,2020,cuv,34315.49106138226,8199,599
2021,GA,2020,minivan,45289.84254906975,381,599
2021,GA,2020,pickup,51278.873676264826,3178,599
2021,GA,2020,suv,62540.00750941211,1376,599
2021,GA,2021,car,37132.248403892474,53096,599
2021,GA,2021,cuv,44108.95374138882,83880,599
2021,GA,2021,minivan,50246.43608146589,2998,599
2021,GA,2021,pickup,55607.2144147529,40183,599
2021,GA,2021,suv,64407.90638343812,26070,599
2021,GA,2022,cuv,48070.46408878857,15834,599
2021,GA,2022,car,36947.05700272858,11156,599
2021,GA,2022,minivan,49566.29037712955,1136,599
2021,GA,2022,pickup,51395.928867008544,4895,599
2021,GA,2022,suv,71890.16597259934,2967,599
2021,HI,2019,car,37136.310288921566,13,468
2021,HI,2019,minivan,36931.057300707034,7,468
2021,HI,2019,cuv,39642.14853065607,12,468
2021,HI,2019,suv,51276.719401835566,2,468
2021,HI,2020,car,33002.419165581894,966,468
2021,HI,2020,cuv,36870.78965489395,910,468
2021,HI,2020,minivan,42500.27394658751,78,468
2021,HI,2020,pickup,41545.370049960904,777,468
2021,HI,2020,suv,58265.626130822726,93,468
2021,HI,2021,car,35748.377114753726,4308,468
2021,HI,2021,cuv,41916.587657829536,7120,468
2021,HI,2021,minivan,48074.76877391446,303,468
2021,HI,2021,pickup,52043.82571032253,3174,468
2021,HI,2021,suv,56643.58161069146,1767,468
2021,HI,2022,cuv,43085.13184084651,1614,468
2021,HI,2022,car,32538.14442143293,940,468
2021,HI,2022,minivan,45741.12316266398,241,468
2021,HI,2022,pickup,45692.10279293525,420,468
2021,HI,2022,suv,60333.19652616939,206,468
2021,IA,2019,car,33207.94795418879,29,518
2021,IA,2019,suv,59712.71191415408,4,518
2021,IA,2019,cuv,34170.72822750657,21,518
2021,IA,2019,pickup,59459.51665660051,9,518
2021,IA,2019,minivan,37526.46891658463,1,518
2021,IA,2020,car,31747.306870136435,1100,518
2021,IA,2020,cuv,36452.73480361744,2812,518
2021,IA,2020,minivan,39232.882693855034,157,518
2021,IA,2020,pickup,52927.303997329844,802,518
2021,IA,2020,suv,65067.28174120906,347,518
2021,IA,2021,car,36614.83597148705,6219,518
2021,IA,2021,cuv,43615.25035580141,25468,518
2021,IA,2021,minivan,50395.87214070421,1313,518
2021,IA,2021,pickup,59450.81556999429,14187,518
2021,IA,2021,suv,62561.25536151003,7860,518
2021,IA,2022,car,37764.9295059797,1404,518
2021,IA,2022,cuv,44234.62201307845,4294,518
2021,IA,2022,minivan,49634.04853029511,298,518
2021,IA,2022,pickup,58473.614892855825,1856,518
2021,IA,2022,suv,77276.114588264,668,518
2021,ID,2019,car,38852.14371494815,9,446
2021,ID,2019,suv,36941.05587760683,4,446
2021,ID,2019,cuv,30978.339332190484,9,446
2021,ID,2019,pickup,66235.79390350616,6,446
2021,ID,2020,car,35603.66587195002,382,446
2021,ID,2020,cuv,36645.993490791,807,446
2021,ID,2020,minivan,43292.19974970675,35,446
2021,ID,2020,pickup,50248.909590550975,450,446
2021,ID,2020,suv,58852.65493079268,294,446
2021,ID,2021,car,36083.68456608239,3583,446
2021,ID,2021,cuv,44212.194992353005,10826,446
2021,ID,2021,minivan,49633.91408627704,324,446
2021,ID,2021,pickup,58666.51672798524,7899,446
2021,ID,2021,suv,64078.08552915406,4046,446
2021,ID,2022,car,38136.87874980161,751,446
2021,ID,2022,cuv,46533.31257283611,1616,446
2021,ID,2022,minivan,48050.61640669101,70,446
2021,ID,2022,pickup,57417.73799692636,1016,446
2021,ID,2022,suv,73051.31763035426,374,446
2021,IL,2019,car,40480.41648893552,93,604
2021,IL,2019,cuv,37814.284766834135,101,604
2021,IL,2019,minivan,41253.72648086223,16,604
2021,IL,2019,pickup,63048.77724219331,61,604
2021,IL,2019,suv,59658.82206049767,14,604
2021,IL,2020,cuv,34280.980493147945,12076,604
2021,IL,2020,car,31058.803064184922,6389,604
2021,IL,2020,minivan,38577.89009716696,810,604
2021,IL,2020,pickup,52864.22811595384,2278,604
2021,IL,2020,suv,65537.81052795089,1341,604
2021,IL,2021,cuv,43047.950096214845,102020,604
2021,IL,2021,car,36770.217615904796,40814,604
2021,IL,2021,minivan,49082.0352090839,4974,604
2021,IL,2021,pickup,58412.57212280193,27503,604
2021,IL,2021,suv,61104.99193742989,28523,604
2021,IL,2022,car,37855.27128770284,8268,604
2021,IL,2022,cuv,46048.73700938138,20109,604
2021,IL,2022,minivan,48474.96875226511,1459,604
2021,IL,2022,pickup,54624.002281138215,3479,604
2021,IL,2022,suv,85135.39579916149,2011,604
2021,IN,2019,cuv,35830.59037735683,61,560
2021,IN,2019,minivan,37368.789662112686,4,560
2021,IN,2019,car,38846.71439570342,26,560
2021,IN,2019,pickup,50239.635237517745,21,560
2021,IN,2019,suv,62790.993104161746,9,560
2021,IN,2020,car,31339.43395496432,2678,560
2021,IN,2020,cuv,34896.11028198685,6009,560
2021,IN,2020,minivan,41019.362593607344,224,560
2021,IN,2020,pickup,52371.17193868473,1602,560
2021,IN,2020,suv,62599.047632340524,723,560
2021,IN,2021,cuv,41977.68569749295,50465,560
2021,IN,2021,car,36047.25961255194,19053,560
2021,IN,2021,minivan,48803.74665521767,2637,560
2021,IN,2021,pickup,57293.15916958527,19558,560
2021,IN,2021,suv,61943.02752209758,14651,560
2021,IN,2022,cuv,44696.79908189873,8739,560
2021,IN,2022,car,37364.48217070407,3840,560
2021,IN,2022,minivan,48441.91202959326,853,560
2021,IN,2022,pickup,55549.77209533901,2620,560
2021,IN,2022,suv,79818.09844348773,1111,560
2021,KS,2019,suv,71318.3195529692,5,505
2021,KS,2019,car,33843.172423083364,17,505
2021,KS,2019,pickup,49236.58348677934,6,505
2021,KS,2019,cuv,36410.229314186996,9,505
2021,KS,2019,minivan,41429.08540570055,2,505
2021,KS,2020,car,34615.82851473814,839,505
2021,KS,2020,cuv,36211.64668610865,2190,505
2021,KS,2020,minivan,39501.19148786482,127,505
2021,KS,2020,pickup,52532.32569493292,679,505
2021,KS,2020,suv,68649.20563036899,279,505
2021,KS,2021,car,37641.80747678964,6116,505
2021,KS,2021,cuv,43654.5828956484,15619,505
2021,KS,2021,minivan,50672.161597354076,630,505
2021,KS,2021,pickup,58750.762077946514,8403,505
2021,KS,2021,suv,63463.126479928724,5281,505
2021,KS,2022,car,37036.74731964546,1508,505
2021,KS,2022,cuv,46362.29967105789,2890,505
2021,KS,2022,minivan,49913.231147410734,240,505
2021,KS,2022,pickup,55972.37754998074,1063,505
2021,KS,2022,suv,78613.56678196073,507,505
2021,KY,2019,cuv,40238.5126366832,101,514
2021,KY,2019,car,34702.999618125854,46,514
2021,KY,2019,minivan,34804.27154377222,8,514
2021,KY,2019,suv,51445.130845526524,5,514
2021,KY,2019,pickup,51452.432104226275,23,514
2021,KY,2020,car,31898.920789413944,1597,514
2021,KY,2020,cuv,32829.31735602431,3136,514
2021,KY,2020,minivan,38485.853809325235,149,514
2021,KY,2020,pickup,49882.07745667739,822,514
2021,KY,2020,suv,63819.08328332663,357,514
2021,KY,2021,cuv,41019.467959288704,28611,514
2021,KY,2021,car,35205.27163418989,13408,514
2021,KY,2021,minivan,48761.30354496346,1155,514
2021,KY,2021,pickup,56262.03047759398,12982,514
2021,KY,2021,suv,61705.314771965306,9019,514
2021,KY,2022,car,35560.410471229676,2824,514
2021,KY,2022,cuv,43820.85930201329,5265,514
2021,KY,2022,minivan,48711.85184405354,487,514
2021,KY,2022,pickup,54600.62867627772,2000,514
2021,KY,2022,suv,78446.63439592642,808,514
2021,LA,2019,car,33478.540019584296,28,528
2021,LA,2019,pickup,51207.11410032995,16,528
2021,LA,2019,cuv,38706.89632709548,20,528
2021,LA,2019,minivan,45279.55335054622,4,528
2021,LA,2019,suv,55746.16997349538,8,528
2021,LA,2020,car,31726.478315460627,1683,528
2021,LA,2020,cuv,33293.85964262612,3135,528
2021,LA,2020,minivan,50618.49053060503,168,528
2021,LA,2020,pickup,50002.18731565778,1419,528
2021,LA,2020,suv,66522.664821008,687,528
2021,LA,2021,cuv,41855.7663684754,26772,528
2021,LA,2021,car,35725.30290764499,15048,528
2021,LA,2021,minivan,49518.825808305955,734,528
2021,LA,2021,pickup,55502.036408038024,20326,528
2021,LA,2021,suv,63765.75071657534,11018,528
2021,LA,2022,cuv,45268.18613054153,5228,528
2021,LA,2022,car,35991.443356396485,2734,528
2021,LA,2022,minivan,48028.626403724134,261,528
2021,LA,2022,pickup,52734.27106772191,2185,528
2021,LA,2022,suv,77131.2946597971,1094,528
2021,MA,2019,car,31578.780844148736,252,601
2021,MA,2019,minivan,44631.49957090567,19,601
2021,MA,2019,pickup,48689.639384783244,141,601
2021,MA,2019,suv,57209.25848725431,35,601
2021,MA,2019,cuv,41201.591747803104,396,601
2021,MA,2020,car,33214.27539008967,3662,601
2021,MA,2020,cuv,39143.94880025369,5303,601
2021,MA,2020,minivan,41765.08049723699,73,601
2021,MA,2020,pickup,52047.13703528257,1701,601
2021,MA,2020,suv,69086.1704711876,587,601
2021,MA,2021,cuv,42994.097695926655,85321,601
2021,MA,2021,car,37202.29973957905,31205,601
2021,MA,2021,minivan,49321.8945858533,1977,601
2021,MA,2021,pickup,56147.766348104415,20510,601
2021,MA,2021,suv,61429.10479482572,19369,601
2021,MA,2022,cuv,46508.690572457075,13618,601
2021,MA,2022,car,37257.6689075719,7798,601
2021,MA,2022,minivan,48356.547718150076,714,601
2021,MA,2022,pickup,54581.79304426931,2684,601
2021,MA,2022,suv,83681.80423451183,1471,601
2021,MD,2019,car,35278.87697879203,78,589
2021,MD,2019,cuv,39426.211179651335,59,589
2021,MD,2019,suv,60246.87603541735,20,589
2021,MD,2019,pickup,49612.79856298658,18,589
2021,MD,2019,minivan,43361.563994185104,13,589
2021,MD,2020,cuv,35187.293842264786,5630,589
2021,MD,2020,car,32979.17869687585,4104,589
2021,MD,2020,minivan,42410.33263013192,264,589
2021,MD,2020,pickup,50944.11953788328,1414,589
2021,MD,2020,suv,61675.13714390403,918,589
2021,MD,2021,cuv,43290.74375439266,64312,589
2021,MD,2021,car,36338.066907320164,33979,589
2021,MD,2021,minivan,48789.49179467485,3581,589
2021,MD,2021,pickup,55281.49310988092,18177,589
2021,MD,2021,suv,59986.53253918585,16649,589
2021,MD,2022,car,37978.780533939025,6415,589
2021,MD,2022,cuv,47629.719685779615,12112,589
2021,MD,2022,minivan,49695.30230339792,1175,589
2021,MD,2022,pickup,53022.34179670857,2490,589
2021,MD,2022,suv,73559.60917004892,1483,589
2021,ME,2019,car,27960.97483068137,8,461
2021,ME,2019,cuv,39297.48134978942,10,461
2021,ME,2019,pickup,65835.38329297194,2,461
2021,ME,2019,suv,51721.301307980095,3,461
2021,ME,2020,cuv,36397.18597282717,1020,461
2021,ME,2020,car,32607.07314142552,629,461
2021,ME,2020,minivan,41989.31827776876,25,461
2021,ME,2020,pickup,49723.16568779383,470,461
2021,ME,2020,suv,63297.840961496826,165,461
2021,ME,2021,car,35781.70336356554,3261,461
2021,ME,2021,cuv,41945.40717629546,11761,461
2021,ME,2021,minivan,47962.07356406242,287,461
2021,ME,2021,pickup,55708.08058143167,7709,461
2021,ME,2021,suv,60292.372970803015,3584,461
2021,ME,2022,car,35550.17488573176,790,461
2021,ME,2022,cuv,43318.31776317098,2145,461
2021,ME,2022,minivan,48402.4664270846,75,461
2021,ME,2022,pickup,55851.41373435022,900,461
2021,ME,2022,suv,76161.1291675081,218,461
2021,MI,2019,cuv,36349.52547599723,178,593
2021,MI,2019,pickup,51270.114367380746,70,593
2021,MI,2019,car,40992.95804120645,30,593
2021,MI,2019,suv,70861.30373845644,6,593
2021,MI,2019,minivan,35465.50701412445,13,593
2021,MI,2020,cuv,35668.57647628619,13322,593
2021,MI,2020,car,32950.717798626785,3818,593
2021,MI,2020,minivan,39963.99660169827,228,593
2021,MI,2020,pickup,51526.271450881475,1429,593
2021,MI,2020,suv,62936.93695514938,778,593
2021,MI,2021,cuv,40215.59872667113,128934,593
2021,MI,2021,car,38014.24563712598,27652,593
2021,MI,2021,minivan,50023.17872751807,4373,593
2021,MI,2021,pickup,55672.72343037783,49333,593
2021,MI,2021,suv,57451.56625451426,43948,593
2021,MI,2022,cuv,42426.47249741398,19580,593
2021,MI,2022,car,38188.037688797085,6340,593
2021,MI,2022,minivan,48733.022432135804,955,593
2021,MI,2022,pickup,55286.98787573984,5867,593
2021,MI,2022,suv,70991.04918139326,3362,593
2021,MN,2019,car,41003.14861929801,30,538
2021,MN,2019,pickup,58546.01965488342,17,538
2021,MN,2019,cuv,39844.629515506,65,538
2021,MN,2019,suv,56095.20546144051,7,538
2021,MN,2020,cuv,36287.059991178576,4562,538
2021,MN,2020,car,33557.795429179605,1573,538
2021,MN,2020,minivan,37940.14106293993,164,538
2021,MN,2020,pickup,52803.31259823937,1157,538
2021,MN,2020,suv,63332.81371188514,492,538
2021,MN,2021,cuv,42726.862066206784,50789,538
2021,MN,2021,car,37265.74962699819,11440,538
2021,MN,2021,minivan,50067.36461008302,2295,538
2021,MN,2021,pickup,59451.84523079342,22833,538
2021,MN,2021,suv,59750.88687072481,15133,538
2021,MN,2022,cuv,44532.37183052834,7972,538
2021,MN,2022,car,38509.22759680946,2961,538
2021,MN,2022,pickup,58659.4411354865,2631,538
2021,MN,2022,suv,78086.94214926437,1000,538
2021,MN,2022,minivan,48296.16818196498,507,538
2021,MO,2019,cuv,40667.25681332298,30,549
2021,MO,2019,car,38586.091193712404,30,549
2021,MO,2019,pickup,53305.13405825872,27,549
2021,MO,2019,minivan,39862.17649663168,10,549
2021,MO,2019,suv,48090.47668287911,8,549
2021,MO,2020,car,32561.108442739136,2733,549
2021,MO,2020,cuv,34604.73160535185,6086,549
2021,MO,2020,minivan,37821.25601714547,412,549
2021,MO,2020,pickup,52175.05775518936,1724,549
2021,MO,2020,suv,63045.4280704755,933,549
2021,MO,2021,cuv,41779.577603383856,42128,549
2021,MO,2021,car,36891.35049844016,14925,549
2021,MO,2021,minivan,49149.4000223764,1813,549
2021,MO,2021,pickup,58069.71039311445,22594,549
2021,MO,2021,suv,61565.1977321597,15167,549
2021,MO,2022,cuv,44337.84536991155,7116,549
2021,MO,2022,car,37229.48089440087,2904,549
2021,MO,2022,minivan,49596.403617138516,526,549
2021,MO,2022,pickup,56111.2194789476,2539,549
2021,MO,2022,suv,79435.02197687683,1039,549
2021,MS,2019,car,34225.643336716435,5,466
2021,MS,2019,cuv,35285.31918324327,9,466
2021,MS,2019,suv,36390.05415033711,1,466
2021,MS,2019,pickup,52677.70503146675,13,466
2021,MS,2020,car,32889.43732993197,1025,466
2021,MS,2020,cuv,33379.95021318847,1808,466
2021,MS,2020,minivan,38004.07156705973,75,466
2021,MS,2020,pickup,49361.565561564785,655,466
2021,MS,2020,suv,68793.56367312952,290,466
2021,MS,2021,cuv,40796.69824982544,13434,466
2021,MS,2021,car,34933.06186827652,9301,466
2021,MS,2021,minivan,48300.76382639104,408,466
2021,MS,2021,pickup,57055.79232435486,9745,466
2021,MS,2021,suv,62225.429754601144,5480,466
2021,MS,2022,cuv,44380.159618446545,2646,466
2021,MS,2022,car,35412.164674403866,1483,466
2021,MS,2022,minivan,47231.81024428972,147,466
2021,MS,2022,pickup,53139.232580515694,1072,466
2021,MS,2022,suv,73687.79166627712,513,466
2021,MT,2019,car,40821.39872037694,9,468
2021,MT,2019,pickup,53664.97599526462,5,468
2021,MT,2019,cuv,53059.43026512861,12,468
2021,MT,2019,minivan,46680.90319695541,1,468
2021,MT,2019,suv,50582.7433140863,2,468
2021,MT,2020,cuv,40294.660689547876,740,468
2021,MT,2020,car,37424.54974659662,287,468
2021,MT,2020,minivan,41995.67744849553,31,468
2021,MT,2020,pickup,56973.3884785824,435,468
2021,MT,2020,suv,70021.70745290616,148,468
2021,MT,2021,cuv,45082.11268592488,14786,468
2021,MT,2021,car,40254.305986011175,6735,468
2021,MT,2021,minivan,50342.221474307276,507,468
2021,MT,2021,pickup,58092.498197098816,6425,468
2021,MT,2021,suv,65364.458782379756,4736,468
2021,MT,2022,cuv,45868.18296658873,2125,468
2021,MT,2022,car,37029.05312752962,1192,468
2021,MT,2022,minivan,47637.76071103092,193,468
2021,MT,2022,pickup,56864.38720789192,690,468
2021,MT,2022,suv,74936.63361090737,342,468
2021,NC,2019,car,38650.486080114424,156,668
2021,NC,2019,minivan,45368.05382134219,17,668
2021,NC,2019,cuv,37856.907873315555,211,668
2021,NC,2019,pickup,48961.89714908239,218,668
2021,NC,2019,suv,55623.605669175304,89,668
2021,NC,2020,cuv,34746.56548844762,8697,668
2021,NC,2020,car,34992.075560358884,5679,668
2021,NC,2020,minivan,45697.32650798225,424,668
2021,NC,2020,pickup,51238.217441214736,3870,668
2021,NC,2020,suv,63382.455650348835,1306,668
2021,NC,2021,car,38500.88887240194,52771,668
2021,NC,2021,cuv,44539.2625392788,96235,668
2021,NC,2021,minivan,49861.05441259703,3825,668
2021,NC,2021,pickup,55669.29906667679,40947,668
2021,NC,2021,suv,65035.82708895021,29345,668
2021,NC,2022,cuv,48195.06802458735,18129,668
2021,NC,2022,car,38471.1512087181,11399,668
2021,NC,2022,minivan,49301.85471246652,1551,668
2021,NC,2022,pickup,51922.30368703296,5514,668
2021,NC,2022,suv,74323.72565188214,3703,668
2021,ND,2019,cuv,59874.00074827857,3,353
2021,ND,2019,suv,59675.99709370677,2,353
2021,ND,2019,car,35066.02346879999,4,353
2021,ND,2020,car,33132.46480421249,158,353
2021,ND,2020,minivan,38835.167722135586,25,353
2021,ND,2020,pickup,53909.668933820474,182,353
2021,ND,2020,cuv,36991.66732762916,368,353
2021,ND,2020,suv,65881.21563636759,83,353
2021,ND,2021,cuv,44167.747707423165,6329,353
2021,ND,2021,car,36614.38801967032,1084,353
2021,ND,2021,minivan,50002.16534223156,160,353
2021,ND,2021,pickup,60882.448846945896,5096,353
2021,ND,2021,suv,65225.662567445506,2520,353
2021,ND,2022,cuv,43839.66923914605,1078,353
2021,ND,2022,car,36740.73728339872,254,353
2021,ND,2022,pickup,62158.468456677205,613,353
2021,ND,2022,suv,80304.6076512886,214,353
2021,ND,2022,minivan,50922.99326787508,53,353
2021,NE,2019,car,36899.526184375034,17,498
2021,NE,2019,pickup,48449.219291033136,13,498
2021,NE,2019,suv,44919.540418715595,4,498
2021,NE,2019,cuv,48178.06657286456,19,498
2021,NE,2020,car,35133.311731224676,701,498
2021,NE,2020,cuv,37248.44675192732,1469,498
2021,NE,2020,minivan,41951.48207766414,63,498
2021,NE,2020,pickup,53361.42089019408,568,498
2021,NE,2020,suv,65852.2942719498,305,498
2021,NE,2021,car,38027.78901065112,5137,498
2021,NE,2021,cuv,43555.61134354707,17949,498
2021,NE,2021,minivan,51467.51701164345,768,498
2021,NE,2021,pickup,59661.26926884807,10769,498
2021,NE,2021,suv,61939.7173376526,7624,498
2021,NE,2022,car,38456.39615416475,1354,498
2021,NE,2022,cuv,45332.39769357615,3002,498
2021,NE,2022,minivan,49944.91380048118,204,498
2021,NE,2022,pickup,57684.250019519306,1203,498
2021,NE,2022,suv,82041.56153022114,556,498
2021,NH,2019,car,35270.51362680215,29,512
2021,NH,2019,pickup,52381.39174989126,31,512
2021,NH,2019,suv,79874.10745372757,4,512
2021,NH,2019,cuv,43830.9104116953,29,512
2021,NH,2020,car,31254.07123639505,798,512
2021,NH,2020,cuv,37473.643056858076,1671,512
2021,NH,2020,minivan,37588.20291312622,17,512
2021,NH,2020,pickup,48631.82435361472,677,512
2021,NH,2020,suv,66337.0058947183,173,512
2021,NH,2021,car,36105.020881676246,6651,512
2021,NH,2021,cuv,42834.636364078746,20711,512
2021,NH,2021,minivan,50042.04183487909,497,512
2021,NH,2021,pickup,55434.90705222307,8621,512
2021,NH,2021,suv,58704.368638154105,4420,512
2021,NH,2022,car,39044.86486990299,1657,512
2021,NH,2022,cuv,47778.18736725983,3773,512
2021,NH,2022,minivan,48917.820509659134,159,512
2021,NH,2022,pickup,53732.948660478745,1173,512
2021,NH,2022,suv,74022.58950658428,352,512
2021,NJ,2019,cuv,40121.26203961774,180,631
2021,NJ,2019,car,36346.08949537618,119,631
2021,NJ,2019,suv,71021.36256927585,25,631
2021,NJ,2019,minivan,43140.37303702933,7,631
2021,NJ,2019,pickup,55348.776545648536,44,631
2021,NJ,2020,car,32520.174761664704,4945,631
2021,NJ,2020,cuv,40316.85327880197,7877,631
2021,NJ,2020,minivan,44566.84773019363,116,631
2021,NJ,2020,pickup,49479.085720022675,836,631
2021,NJ,2020,suv,71572.52186453046,794,631
2021,NJ,2021,cuv,45286.71756660264,112535,631
2021,NJ,2021,car,39953.93923491938,47988,631
2021,NJ,2021,minivan,49026.45968822541,2795,631
2021,NJ,2021,pickup,57427.11407911426,16675,631
2021,NJ,2021,suv,63027.11508444156,29491,631
2021,NJ,2022,cuv,48793.90975582208,21455,631
2021,NJ,2022,car,41534.40467972907,8771,631
2021,NJ,2022,pickup,53110.57414001021,2407,631
2021,NJ,2022,suv,87721.95793933408,2310,631
2021,NJ,2022,minivan,47303.325360581104,1176,631
2021,NM,2019,cuv,36120.548591462386,23,507
2021,NM,2019,minivan,36673.07522169403,2,507
2021,NM,2019,car,38667.88201448237,24,507
2021,NM,2019,pickup,64754.08234156773,16,507
2021,NM,2019,suv,49029.711083663984,5,507
2021,NM,2020,cuv,34422.20851346891,1756,507
2021,NM,2020,car,34582.07780725891,1010,507
2021,NM,2020,minivan,37383.013158588474,40,507
2021,NM,2020,pickup,51199.03272676388,631,507
2021,NM,2020,suv,69874.8229814427,286,507
2021,NM,2021,cuv,41139.34277201067,9000,507
2021,NM,2021,car,35116.48477293283,5221,507
2021,NM,2021,minivan,47693.74259925054,192,507
2021,NM,2021,pickup,56361.911511810475,6292,507
2021,NM,2021,suv,60962.76525014545,3100,507
2021,NM,2022,cuv,44254.049970688146,1650,507
2021,NM,2022,car,34976.15605721801,991,507
2021,NM,2022,minivan,47488.097653255776,115,507
2021,NM,2022,pickup,52403.66216875907,687,507
2021,NM,2022,suv,74204.4195241988,267,507
2021,NV,2019,suv,58479.161192426305,7,498
2021,NV,2019,cuv,49173.519874742735,4,498
2021,NV,2019,car,41170.713103670314,15,498
2021,NV,2019,pickup,58340.966910099574,5,498
2021,NV,2019,minivan,34702.115684565455,1,498
2021,NV,2020,cuv,34591.280927225715,1842,498
2021,NV,2020,car,35066.594049138956,1511,498
2021,NV,2020,pickup,48084.73224470111,587,498
2021,NV,2020,suv,66219.81888070716,324,498
2021,NV,2020,minivan,41824.03297533659,94,498
2021,NV,2021,cuv,43375.317979245636,21518,498
2021,NV,2021,car,36949.21709726293,12307,498
2021,NV,2021,minivan,47781.080231183754,817,498
2021,NV,2021,pickup,55557.97049623941,10085,498
2021,NV,2021,suv,61281.8434340885,7320,498
2021,NV,2022,cuv,46428.03594833469,3934,498
2021,NV,2022,car,38690.95828603294,2240,498
2021,NV,2022,minivan,47892.139397082,216,498
2021,NV,2022,pickup,52210.598837332065,1064,498
2021,NV,2022,suv,77667.91729586285,667,498
2021,NY,2019,cuv,41296.239954978904,965,639
2021,NY,2019,car,40072.69432208696,182,639
2021,NY,2019,pickup,48376.19565234694,156,639
2021,NY,2019,suv,69762.48255143338,151,639
2021,NY,2019,minivan,39767.90270987029,19,639
2021,NY,2020,cuv,39003.898465573926,14828,639
2021,NY,2020,car,32306.539173645153,7291,639
2021,NY,2020,minivan,38821.432387846464,349,639
2021,NY,2020,pickup,48666.00143895494,1750,639
2021,NY,2020,suv,68199.71989137318,1394,639
2021,NY,2021,car,38008.7273009527,68277,639
2021,NY,2021,cuv,42287.30412011032,197353,639
2021,NY,2021,minivan,48407.2326397207,5053,639
2021,NY,2021,pickup,56374.70274317305,44325,639
2021,NY,2021,suv,58862.81929431851,55793,639
2021,NY,2022,cuv,45699.52305948633,33732,639
2021,NY,2022,car,39369.9180857713,12316,639
2021,NY,2022,minivan,47033.41015762823,1629,639
2021,NY,2022,pickup,54384.25688726516,5662,639
2021,NY,2022,suv,81362.08921903823,3438,639
2021,OH,2019,car,33774.54458715715,74,595
2021,OH,2019,minivan,38364.047027432636,14,595
2021,OH,2019,cuv,34964.84833408527,120,595
2021,OH,2019,pickup,52521.61383814689,84,595
2021,OH,2019,suv,55678.42413577371,43,595
2021,OH,2020,car,32087.762716876583,5084,595
2021,OH,2020,cuv,34665.736486251044,12494,595
2021,OH,2020,minivan,40051.25020644525,420,595
2021,OH,2020,pickup,52037.23143084118,3351,595
2021,OH,2020,suv,61110.80112623846,1374,595
2021,OH,2021,car,34881.314699506125,47070,595
2021,OH,2021,cuv,40880.99413560236,117105,595
2021,OH,2021,minivan,49289.09707926779,4423,595
2021,OH,2021,pickup,56669.86024284413,37821,595
2021,OH,2021,suv,59143.79472225173,31600,595
2021,OH,2022,car,35719.698562624384,9648,595
2021,OH,2022,cuv,43282.48776546837,20745,595
2021,OH,2022,minivan,48419.94091053378,1711,595
2021,OH,2022,pickup,54911.67939402619,5631,595
2021,OH,2022,suv,76894.51306881662,2059,595
2021,OK,2019,car,38021.89610359275,26,532
2021,OK,2019,cuv,33465.33207107955,29,532
2021,OK,2019,suv,42975.41298997018,14,532
2021,OK,2019,pickup,60171.38050654493,43,532
2021,OK,2019,minivan,41665.22601444208,3,532
2021,OK,2020,cuv,33156.27613881211,3618,532
2021,OK,2020,car,34273.84798683589,1671,532
2021,OK,2020,minivan,36874.05841307892,195,532
2021,OK,2020,pickup,52507.03719724466,1864,532
2021,OK,2020,suv,66274.1828941458,845,532
2021,OK,2021,car,36762.9358008989,11307,532
2021,OK,2021,cuv,41414.69028615321,23899,532
2021,OK,2021,minivan,48685.16783482125,949,532
2021,OK,2021,pickup,57877.71044059556,17911,532
2021,OK,2021,suv,64357.675465786364,10904,532
2021,OK,2022,car,38475.643056376284,2022,532
2021,OK,2022,cuv,44787.39617425177,4132,532
2021,OK,2022,minivan,48333.25180296001,253,532
2021,OK,2022,pickup,55372.200275407165,1832,532
2021,OK,2022,suv,79979.435645756,931,532
2021,OR,2019,minivan,41787.57517809686,22,602
2021,OR,2019,car,36305.951467921244,78,602
2021,OR,2019,pickup,58335.024825968896,139,602
2021,OR,2019,cuv,53310.87879535304,78,602
2021,OR,2019,suv,43636.24247386089,66,602
2021,OR,2020,car,36706.122121394794,3968,602
2021,OR,2020,cuv,42243.488766299844,4276,602
2021,OR,2020,minivan,44698.60264135321,205,602
2021,OR,2020,pickup,51923.48446166355,1170,602
2021,OR,2020,suv,70917.71283195939,600,602
2021,OR,2021,car,38813.71489834465,23884,602
2021,OR,2021,cuv,45427.6158434716,47405,602
2021,OR,2021,minivan,49611.82340811113,1845,602
2021,OR,2021,pickup,55660.45957239372,14325,602
2021,OR,2021,suv,62722.349265547666,10734,602
2021,OR,2022,cuv,47375.41263955575,8647,602
2021,OR,2022,car,37003.05673632901,5558,602
2021,OR,2022,minivan,48321.05428083478,694,602
2021,OR,2022,pickup,52555.00597323375,1969,602
2021,OR,2022,suv,73929.67063470406,1284,602
2021,PA,2019,car,36556.453878937056,104,638
2021,PA,2019,minivan,44312.43300922745,18,638
2021,PA,2019,pickup,50336.01640923161,65,638
2021,PA,2019,cuv,37542.42945864846,121,638
2021,PA,2019,suv,53350.860515078035,22,638
2021,PA,2020,cuv,36388.37992770718,12715,638
2021,PA,2020,car,32216.59054777895,5839,638
2021,PA,2020,minivan,42103.21792567174,352,638
2021,PA,2020,pickup,50494.69204188987,2653,638
2021,PA,2020,suv,59746.244413524284,1485,638
2021,PA,2021,cuv,42209.31374577244,127985,638
2021,PA,2021,car,36854.11295502552,46325,638
2021,PA,2021,minivan,49471.093769598134,3865,638
2021,PA,2021,pickup,56012.18645316377,42347,638
2021,PA,2021,suv,58443.622210905836,34204,638
2021,PA,2022,cuv,45226.848402056006,23481,638
2021,PA,2022,car,38835.1004245771,9263,638
2021,PA,2022,minivan,47777.76581712036,1283,638
2021,PA,2022,pickup,53743.386767705466,5824,638
2021,PA,2022,suv,77340.56733182569,2412,638
2021,RI,2019,car,33662.766913722306,4,453
2021,RI,2019,suv,38899.15896736014,1,453
2021,RI,2019,cuv,44138.082786725456,5,453
2021,RI,2019,pickup,55143.57453781224,4,453
2021,RI,2020,car,31698.887318150944,413,453
2021,RI,2020,minivan,42737.6767852038,6,453
2021,RI,2020,cuv,38912.17315312326,614,453
2021,RI,2020,suv,66727.7399708349,56,453
2021,RI,2020,pickup,49169.80068241919,189,453
2021,RI,2021,car,37634.494608343106,3409,453
2021,RI,2021,cuv,43472.25235185074,8739,453
2021,RI,2021,minivan,48854.54935467033,150,453
2021,RI,2021,pickup,56013.857137341925,2861,453
2021,RI,2021,suv,61051.675014083536,2267,453
2021,RI,2022,car,41004.865583777035,737,453
2021,RI,2022,cuv,49208.972112443305,1668,453
2021,RI,2022,minivan,46775.17932061654,55,453
2021,RI,2022,pickup,53898.23917529106,349,453
2021,RI,2022,suv,85880.26868505587,147,453
2021,SC,2019,cuv,38303.403669986415,32,550
2021,SC,2019,car,32292.852123536657,28,550
2021,SC,2019,pickup,42542.50411737335,29,550
2021,SC,2019,suv,71149.86152741092,8,550
2021,SC,2019,minivan,35580.09102205924,6,550
2021,SC,2020,car,34265.57630537525,2068,550
2021,SC,2020,cuv,34328.02726061737,3566,550
2021,SC,2020,minivan,39535.615695313216,194,550
2021,SC,2020,pickup,50299.79295818896,1680,550
2021,SC,2020,suv,60617.808467338444,597,550
2021,SC,2021,cuv,42376.3810502166,32686,550
2021,SC,2021,car,35588.47050119021,17556,550
2021,SC,2021,minivan,49348.097792401575,1321,550
2021,SC,2021,pickup,54809.490139341455,16905,550
2021,SC,2021,suv,61035.96279858841,10779,550
2021,SC,2022,car,36287.36866788581,3656,550
2021,SC,2022,cuv,46408.508137303295,5622,550
2021,SC,2022,minivan,49073.228580048846,506,550
2021,SC,2022,pickup,50737.18221965373,2139,550
2021,SC,2022,suv,70635.69530984611,1305,550
2021,SD,2019,cuv,40264.92441866619,5,389
2021,SD,2019,pickup,50148.08853000734,9,389
2021,SD,2019,car,31811.30585444121,1,389
2021,SD,2020,car,29723.531878181402,212,389
2021,SD,2020,minivan,42089.392842961526,29,389
2021,SD,2020,pickup,54831.4835349606,261,389
2021,SD,2020,cuv,38707.04039961269,459,389
2021,SD,2020,suv,66947.17276133977,112,389
2021,SD,2021,cuv,45202.77847203964,5212,389
2021,SD,2021,car,41979.244828949995,1000,389
2021,SD,2021,minivan,50843.86894443993,186,389
2021,SD,2021,pickup,61117.00108852639,4306,389
2021,SD,2021,suv,63069.39276109771,2407,389
2021,SD,2022,cuv,45924.88940406063,848,389
2021,SD,2022,car,42121.45349316617,221,389
2021,SD,2022,minivan,47741.2457458201,31,389
2021,SD,2022,pickup,62092.86435887496,438,389
2021,SD,2022,suv,85085.0458068417,120,389
2021,TN,2019,cuv,36804.50404893647,31,559
2021,TN,2019,pickup,52906.51466928965,31,559
2021,TN,2019,suv,46300.20488779829,22,559
2021,TN,2019,car,40929.36010476442,21,559
2021,TN,2019,minivan,32721.254395050048,9,559
2021,TN,2020,car,31242.452631308952,3078,559
2021,TN,2020,cuv,32549.18718267705,6250,559
2021,TN,2020,minivan,38372.477447146004,168,559
2021,TN,2020,pickup,48623.11036343173,1711,559
2021,TN,2020,suv,65175.803844591544,609,559
2021,TN,2021,cuv,41776.337668993365,41952,559
2021,TN,2021,car,34902.039824961335,22008,559
2021,TN,2021,minivan,49945.33857821399,1497,559
2021,TN,2021,pickup,55793.28180129193,20534,559
2021,TN,2021,suv,63636.25842687487,12618,559
2021,TN,2022,car,36145.8628468258,3696,559
2021,TN,2022,cuv,44928.52055971028,7375,559
2021,TN,2022,minivan,48621.532126684215,496,559
2021,TN,2022,pickup,50401.32929103392,2638,559
2021,TN,2022,suv,76605.40751223166,1208,559
2021,TX,2019,cuv,41717.31009176508,374,667
2021,TX,2019,car,39424.597482160345,329,667
2021,TX,2019,minivan,41174.19267426671,33,667
2021,TX,2019,pickup,52873.44458612258,285,667
2021,TX,2019,suv,52213.408177104684,102,667
2021,TX,2020,cuv,34139.24896960444,26349,667
2021,TX,2020,car,32934.0859897739,14124,667
2021,TX,2020,minivan,44938.777296333516,927,667
2021,TX,2020,pickup,48969.81332345481,12309,667
2021,TX,2020,suv,67966.35391574404,4770,667
2021,TX,2021,cuv,42775.76493535525,226262,667
2021,TX,2021,car,36837.69449987807,126114,667
2021,TX,2021,minivan,49121.6983059267,7363,667
2021,TX,2021,pickup,56175.797361481425,151024,667
2021,TX,2021,suv,65067.13668402782,85781,667
2021,TX,2022,cuv,47573.934174592716,45100,667
2021,TX,2022,car,38566.943912747505,24521,667
2021,TX,2022,minivan,48482.11187433477,2791,667
2021,TX,2022,pickup,53260.55075305463,18199,667
2021,TX,2022,suv,77531.88753804148,9406,667
2021,UT,2019,car,30850.76495435547,7,509
2021,UT,2019,cuv,45700.75746036775,5,509
2021,UT,2019,pickup,65556.88558926382,12,509
2021,UT,2019,suv,50653.441713953325,8,509
2021,UT,2019,minivan,47105.41489220716,3,509
2021,UT,2020,car,32537.738645852627,1837,509
2021,UT,2020,cuv,34550.223812729506,2561,509
2021,UT,2020,minivan,40975.16087529741,181,509
2021,UT,2020,pickup,51030.65660489506,888,509
2021,UT,2020,suv,64266.00153929784,548,509
2021,UT,2021,car,35278.66477585245,14207,509
2021,UT,2021,cuv,43483.457670460964,28394,509
2021,UT,2021,minivan,50051.53128465988,1479,509
2021,UT,2021,pickup,57803.98084346217,15428,509
2021,UT,2021,suv,60021.49989088243,11470,509
2021,UT,2022,car,35104.50164436398,2861,509
2021,UT,2022,cuv,45505.30524171118,5605,509
2021,UT,2022,minivan,49227.77241848616,431,509
2021,UT,2022,pickup,54946.084243334124,2028,509
2021,UT,2022,suv,71808.7172317427,1056,509
2021,VA,2019,car,38547.01694728728,59,605
2021,VA,2019,cuv,39460.35109007835,70,605
2021,VA,2019,suv,70737.88606350905,24,605
2021,VA,2019,pickup,45655.10190482127,17,605
2021,VA,2019,minivan,42423.951163408106,3,605
2021,VA,2020,car,33384.43437085189,4737,605
2021,VA,2020,cuv,35369.72570583129,7640,605
2021,VA,2020,minivan,42234.53526626956,378,605
2021,VA,2020,pickup,50657.460143984885,2147,605
2021,VA,2020,suv,63053.89895087249,1139,605
2021,VA,2021,car,36408.6067254635,38840,605
2021,VA,2021,cuv,43416.25518179815,73732,605
2021,VA,2021,minivan,49461.69739813178,3695,605
2021,VA,2021,pickup,55438.86547066926,26020,605
2021,VA,2021,suv,61472.87311542129,20511,605
2021,VA,2022,cuv,47333.002749568564,13204,605
2021,VA,2022,car,36883.561592041966,7124,605
2021,VA,2022,minivan,49233.424774341904,1230,605
2021,VA,2022,pickup,53399.66417854714,3354,605
2021,VA,2022,suv,73901.34252192883,1885,605
2021,VT,2019,car,31742.820019861203,9,409
2021,VT,2019,pickup,52453.12551911721,25,409
2021,VT,2019,cuv,40251.921927261414,17,409
2021,VT,2019,suv,76886.90175649368,3,409
2021,VT,2020,car,33040.246953363065,283,409
2021,VT,2020,cuv,36921.58060687836,717,409
2021,VT,2020,pickup,50432.15910672624,251,409
2021,VT,2020,suv,64125.93274027848,35,409
2021,VT,2020,minivan,43399.34257191844,13,409
2021,VT,2021,car,36143.107200806306,1926,409
2021,VT,2021,cuv,40698.06831295311,7655,409
2021,VT,2021,pickup,54684.96498975877,4388,409
2021,VT,2021,suv,55676.24426602034,1851,409
2021,VT,2021,minivan,48371.301726652106,269,409
2021,VT,2022,car,37009.519038515944,620,409
2021,VT,2022,cuv,42963.12475694761,936,409
2021,VT,2022,pickup,52898.928861819666,621,409
2021,VT,2022,suv,66970.46974611343,123,409
2021,VT,2022,minivan,49849.73438099349,56,409
2021,WA,2019,car,47596.254604299625,64,583
2021,WA,2019,cuv,40018.93650407292,65,583
2021,WA,2019,suv,62539.43806760031,9,583
2021,WA,2019,pickup,67760.80729934461,27,583
2021,WA,2019,minivan,43874.639014753615,4,583
2021,WA,2020,car,34430.87379770263,3581,583
2021,WA,2020,cuv,39336.3232691753,4100,583
2021,WA,2020,minivan,45022.21976144833,187,583
2021,WA,2020,pickup,53601.88672853284,1270,583
2021,WA,2020,suv,69494.08821920537,494,583
2021,WA,2021,car,36337.20783447349,20162,583
2021,WA,2021,cuv,44264.345271636994,50746,583
2021,WA,2021,minivan,50082.51245021055,1629,583
2021,WA,2021,pickup,57099.99590359835,16181,583
2021,WA,2021,suv,62789.37862753829,10590,583
2021,WA,2022,car,36215.92478772568,4929,583
2021,WA,2022,cuv,45680.053447511375,9878,583
2021,WA,2022,minivan,47880.242725448064,640,583
2021,WA,2022,pickup,52023.64997414954,1950,583
2021,WA,2022,suv,73846.76081457495,1063,583
2021,WI,2019,car,36312.55758585352,23,542
2021,WI,2019,pickup,65531.760650380485,15,542
2021,WI,2019,cuv,35581.180971094494,22,542
2021,WI,2019,suv,40151.228303170705,2,542
2021,WI,2019,minivan,44054.517009656316,11,542
2021,WI,2020,cuv,36232.85166213623,5347,542
2021,WI,2020,car,32280.057255441858,2271,542
2021,WI,2020,minivan,39923.31678168293,488,542
2021,WI,2020,pickup,54336.81777397685,1708,542
2021,WI,2020,suv,65675.98542081159,698,542
2021,WI,2021,cuv,42417.70118172773,52536,542
2021,WI,2021,car,36641.95019336497,14917,542
2021,WI,2021,minivan,48540.14589531571,2312,542
2021,WI,2021,pickup,59527.05785791564,21725,542
2021,WI,2021,suv,60584.784534108956,14748,542
2021,WI,2022,cuv,44170.56360550974,9094,542
2021,WI,2022,car,37729.214001071436,3283,542
2021,WI,2022,minivan,48469.3762621935,572,542
2021,WI,2022,pickup,56997.715433531754,2565,542
2021,WI,2022,suv,78905.23194160566,940,542
2021,WV,2019,car,38307.084797786796,11,450
2021,WV,2019,cuv,38695.81699616071,7,450
2021,WV,2019,minivan,29133.989685834655,1,450
2021,WV,2019,pickup,49490.56313932289,17,450
2021,WV,2020,car,32094.149286579755,559,450
2021,WV,2020,cuv,33952.231761763236,1526,450
2021,WV,2020,minivan,39033.839213093706,73,450
2021,WV,2020,pickup,51495.530607904584,677,450
2021,WV,2020,suv,60129.09247960205,293,450
2021,WV,2021,cuv,40805.03242714145,12385,450
2021,WV,2021,car,34558.684986645,4487,450
2021,WV,2021,minivan,49658.77491610096,408,450
2021,WV,2021,pickup,55652.84909384363,6932,450
2021,WV,2021,suv,60409.96829863822,3814,450
2021,WV,2022,car,35022.71573184252,1073,450
2021,WV,2022,cuv,43456.46854114428,2076,450
2021,WV,2022,pickup,53318.34907514501,960,450
2021,WV,2022,suv,72474.65012159433,367,450
2021,WV,2022,minivan,49242.72926755803,137,450
2021,WY,2019,pickup,56785.64184597164,4,334
2021,WY,2019,minivan,43439.64760234166,2,334
2021,WY,2019,car,39273.75015387731,10,334
2021,WY,2019,suv,44573.57329425882,2,334
2021,WY,2019,cuv,38103.85176533695,9,334
2021,WY,2020,cuv,39622.36852934481,359,334
2021,WY,2020,car,33942.12294948556,122,334
2021,WY,2020,pickup,58718.92424593752,241,334
2021,WY,2020,suv,69991.97010685281,121,334
2021,WY,2020,minivan,38908.09185040901,17,334
2021,WY,2021,cuv,42480.997539851036,2474,334
2021,WY,2021,car,37736.29350425501,656,334
2021,WY,2021,minivan,50770.82982735518,81,334
2021,WY,2021,pickup,60382.61288877488,2276,334
2021,WY,2021,suv,62700.04351900409,1377,334
2021,WY,2022,car,35876.59786978005,127,334
2021,WY,2022,cuv,43611.47801781705,267,334
2021,WY,2022,pickup,57548.06506523283,314,334
2021,WY,2022,suv,68459.43028047652,104,334
2021,WY,2022,minivan,50709.7491946341,23,334
2022,AK,2020,pickup,47602.967938594615,1,347
2022,AK,2020,car,64328.847234088185,1,347
2022,AK,2021,car,43807.29022849393,57,347
2022,AK,2021,suv,61777.5310722781,145,347
2022,AK,2021,pickup,58505.23205200645,161,347
2022,AK,2021,cuv,38523.43010860504,275,347
2022,AK,2021,minivan,51152.88100692204,9,347
2022,AK,2022,car,38216.20497364687,812,347
2022,AK,2022,suv,64140.80289142681,753,347
2022,AK,2022,pickup,59818.73550396858,2057,347
2022,AK,2022,minivan,51492.00502002525,56,347
2022,AK,2022,cuv,42930.271059700804,3503,347
2022,AK,2023,car,37797.34179877195,216,347
2022,AK,2023,pickup,59545.74040793672,181,347
2022,AK,2023,suv,70061.3477788193,144,347
2022,AK,2023,minivan,47701.993571519095,8,347
2022,AK,2023,cuv,42672.95845955381,830,347
2022,AL,2020,suv,51767.3667995368,6,494
2022,AL,2020,pickup,55545.05440020682,5,494
2022,AL,2020,car,32966.086270516804,9,494
2022,AL,2020,cuv,42135.53633473115,18,494
2022,AL,2020,minivan,42142.645190357434,1,494
2022,AL,2021,cuv,34474.705648305026,2194,494
2022,AL,2021,minivan,47249.720648132934,41,494
2022,AL,2021,pickup,57582.34695926124,1421,494
2022,AL,2021,suv,59693.81535179519,1095,494
2022,AL,2021,car,43451.81143975643,861,494
2022,AL,2022,pickup,54476.38915586292,26449,494
2022,AL,2022,car,34714.01562159076,22015,494
2022,AL,2022,cuv,42307.13093088033,41420,494
2022,AL,2022,minivan,49907.43295005408,1021,494
2022,AL,2022,suv,64532.327804099325,11886,494
2022,AL,2023,pickup,54399.94588127442,3600,494
2022,AL,2023,car,35303.838372793754,8743,494
2022,AL,2023,cuv,43473.48899332646,11304,494
2022,AL,2023,minivan,47365.81159887288,519,494
2022,AL,2023,suv,71085.68832853428,3514,494
2022,AR,2020,suv,64527.01837285732,5,461
2022,AR,2020,car,33400.90543231323,4,461
2022,AR,2020,cuv,33847.19975900442,13,461
2022,AR,2020,pickup,57046.85893022032,7,461
2022,AR,2021,cuv,35200.7826744944,1391,461
2022,AR,2021,minivan,50742.000301672146,40,461
2022,AR,2021,pickup,55580.378807731446,950,461
2022,AR,2021,suv,61398.745279411356,847,461
2022,AR,2021,car,45285.055549731056,601,461
2022,AR,2022,pickup,57594.19787935879,15564,461
2022,AR,2022,car,35929.741029482444,8451,461
2022,AR,2022,cuv,41955.654581756666,19473,461
2022,AR,2022,minivan,50097.60903976923,444,461
2022,AR,2022,suv,66914.00230474197,7878,461
2022,AR,2023,cuv,44938.916287384265,5097,461
2022,AR,2023,car,37600.20320024524,2569,461
2022,AR,2023,minivan,48364.93959957168,247,461
2022,AR,2023,pickup,57122.80431716331,1925,461
2022,AR,2023,suv,73654.56945909894,1982,461
2022,AZ,2020,pickup,56136.14056316737,24,505
2022,AZ,2020,cuv,42507.14477349743,7,505
2022,AZ,2020,car,65312.39596838761,7,505
2022,AZ,2020,suv,61381.1118425015,3,505
2022,AZ,2021,car,41384.918165076815,1173,505
2022,AZ,2021,cuv,38259.315465916115,2158,505
2022,AZ,2021,minivan,48383.41937797382,98,505
2022,AZ,2021,suv,63501.5703205173,1524,505
2022,AZ,2021,pickup,55307.49550252299,1387,505
2022,AZ,2022,car,37447.9660492063,28231,505
2022,AZ,2022,pickup,52143.54501812011,30916,505
2022,AZ,2022,cuv,44072.1896056517,55774,505
2022,AZ,2022,minivan,49130.4614558506,1585,505
2022,AZ,2022,suv,66724.35764174623,12555,505
2022,AZ,2023,car,36748.64554396175,10782,505
2022,AZ,2023,pickup,50603.40115478637,4651,505
2022,AZ,2023,cuv,45375.44261970377,16141,505
2022,AZ,2023,minivan,47141.65563707591,755,505
2022,AZ,2023,suv,76286.06039660772,3522,505
2022,CA,2020,car,44122.69271316046,333,685
2022,CA,2020,minivan,45843.2825881275,15,685
2022,CA,2020,pickup,50203.52884222442,137,685
2022,CA,2020,suv,79457.38148345247,96,685
2022,CA,2020,cuv,41640.05153682594,311,685
2022,CA,2021,car,43582.08669255591,6992,685
2022,CA,2021,cuv,40970.887032913684,12145,685
2022,CA,2021,minivan,47253.36158612972,262,685
2022,CA,2021,suv,67519.43087667649,6062,685
2022,CA,2021,pickup,55068.95353371242,5489,685
2022,CA,2022,pickup,52442.07019927873,110449,685
2022,CA,2022,car,39449.07530108669,190550,685
2022,CA,2022,cuv,46117.778881058985,316593,685
2022,CA,2022,minivan,51675.57029710029,7730,685
2022,CA,2022,suv,68525.89507361579,54398,685
2022,CA,2023,pickup,50493.77853527796,16149,685
2022,CA,2023,car,38106.98668445312,59629,685
2022,CA,2023,cuv,45962.057799683644,77588,685
2022,CA,2023,minivan,48611.974902616486,3487,685
2022,CA,2023,suv,81552.97388907296,15624,685
2022,CO,2020,suv,62785.10794116499,17,520
2022,CO,2020,car,42479.20558020716,9,520
2022,CO,2020,cuv,38216.97408834913,45,520
2022,CO,2020,pickup,48033.61486685833,10,520
2022,CO,2021,cuv,41549.3632098826,2117,520
2022,CO,2021,minivan,57141.52306820641,20,520
2022,CO,2021,pickup,60259.4033156054,985,520
2022,CO,2021,suv,62470.69817187998,1118,520
2022,CO,2021,car,43920.761787049574,661,520
2022,CO,2022,pickup,56615.72183782163,23070,520
2022,CO,2022,car,38466.050322117255,13058,520
2022,CO,2022,cuv,44958.214452370354,53065,520
2022,CO,2022,minivan,50289.92552698993,959,520
2022,CO,2022,suv,65232.06823244528,13264,520
2022,CO,2023,car,38843.16206816869,4455,520
2022,CO,2023,pickup,55026.379980795544,3292,520
2022,CO,2023,cuv,45163.855975472005,13572,520
2022,CO,2023,minivan,47196.25808839254,449,520
2022,CO,2023,suv,72804.38245789394,3327,520
2022,CT,2020,cuv,40134.86476003769,28,526
2022,CT,2020,car,44380.778254908786,15,526
2022,CT,2020,suv,58271.33638560669,5,526
2022,CT,2021,car,44009.28154830037,803,526
2022,CT,2021,cuv,40056.918572272545,2408,526
2022,CT,2021,minivan,54002.28673763442,27,526
2022,CT,2021,suv,64395.70076372451,954,526
2022,CT,2021,pickup,55960.97640522971,597,526
2022,CT,2022,pickup,53997.86004038454,10060,526
2022,CT,2022,car,38704.19758858604,15191,526
2022,CT,2022,cuv,45195.1680711001,44068,526
2022,CT,2022,minivan,48711.89672024333,898,526
2022,CT,2022,suv,66219.35436987314,7340,526
2022,CT,2023,car,39365.024182381836,5142,526
2022,CT,2023,cuv,46077.55355754481,11414,526
2022,CT,2023,minivan,45431.21073462188,403,526
2022,CT,2023,suv,76342.30457892462,1947,526
2022,CT,2023,pickup,51683.02003444989,1355,526
2022,DE,2020,pickup,60626.66369196636,4,430
2022,DE,2020,cuv,45719.293492462406,9,430
2022,DE,2020,car,44191.22534919634,4,430
2022,DE,2021,minivan,51094.022713764694,12,430
2022,DE,2021,car,45671.47336289755,149,430
2022,DE,2021,suv,60605.419606789466,294,430
2022,DE,2021,pickup,56515.29329070008,160,430
2022,DE,2021,cuv,38909.408856596856,368,430
2022,DE,2022,car,37003.90270585089,3128,430
2022,DE,2022,cuv,43236.03418970185,8845,430
2022,DE,2022,minivan,49154.5968772479,227,430
2022,DE,2022,suv,67738.63108006454,1962,430
2022,DE,2022,pickup,55691.001672481965,3421,430
2022,DE,2023,car,38987.28451124556,965,430
2022,DE,2023,cuv,45567.72115644396,1986,430
2022,DE,2023,minivan,47419.338447233575,74,430
2022,DE,2023,suv,80262.33425400966,530,430
2022,DE,2023,pickup,57279.697246629476,271,430
2022,FL,2020,cuv,34146.5642800002,242,628
2022,FL,2020,car,26177.381008443135,248,628
2022,FL,2020,pickup,46796.50376985779,239,628
2022,FL,2020,suv,64187.288102980565,41,628
2022,FL,2020,minivan,40851.32709998363,13,628
2022,FL,2021,car,41889.06428732558,5882,628
2022,FL,2021,cuv,35723.47961612172,11308,628
2022,FL,2021,minivan,48115.90645377161,476,628
2022,FL,2021,suv,62041.727732926396,5590,628
2022,FL,2021,pickup,55243.213200496946,5218,628
2022,FL,2022,pickup,51596.95219724182,114819,628
2022,FL,2022,car,35359.863412801955,163741,628
2022,FL,2022,cuv,42617.75127756952,291457,628
2022,FL,2022,minivan,49443.4261873063,7483,628
2022,FL,2022,suv,66031.64215930415,55232,628
2022,FL,2023,pickup,50869.43402658725,13189,628
2022,FL,2023,car,36179.56373893556,54257,628
2022,FL,2023,cuv,43812.98133260499,80095,628
2022,FL,2023,minivan,46780.3959317391,3476,628
2022,FL,2023,suv,77475.15305178217,14776,628
2022,GA,2020,cuv,34413.47878655277,94,581
2022,GA,2020,car,27889.744734387128,40,581
2022,GA,2020,suv,48381.4903031487,21,581
2022,GA,2020,minivan,47431.42886622535,4,581
2022,GA,2020,pickup,50684.37346266762,66,581
2022,GA,2021,cuv,36719.437104309065,4030,581
2022,GA,2021,minivan,50784.93349051457,152,581
2022,GA,2021,car,44189.85068912978,2497,581
2022,GA,2021,pickup,56591.28503578899,2597,581
2022,GA,2021,suv,62014.136013428026,2599,581
2022,GA,2022,car,36674.25703438414,54346,581
2022,GA,2022,pickup,54475.70377079701,50543,581
2022,GA,2022,cuv,44679.09319368585,95378,581
2022,GA,2022,minivan,50604.492454582505,3050,581
2022,GA,2022,suv,66058.87303527318,26748,581
2022,GA,2023,car,37330.401748409626,17817,581
2022,GA,2023,pickup,54445.26392481632,5600,581
2022,GA,2023,cuv,45300.57691015419,25321,581
2022,GA,2023,minivan,47688.162507482455,1374,581
2022,GA,2023,suv,74622.9297827306,6515,581
2022,HI,2020,pickup,43491.04603009863,19,436
2022,HI,2020,cuv,37032.165919826875,10,436
2022,HI,2020,minivan,36454.31182696589,2,436
2022,HI,2020,car,26119.92892598266,41,436
2022,HI,2020,suv,105327.53891616613,2,436
2022,HI,2021,cuv,36213.124756471254,660,436
2022,HI,2021,minivan,52169.21925200729,3,436
2022,HI,2021,suv,58506.96128292426,319,436
2022,HI,2021,car,39779.93502707643,211,436
2022,HI,2021,pickup,55776.93609040821,434,436
2022,HI,2022,car,34873.31567130735,4784,436
2022,HI,2022,pickup,47602.77023888552,4549,436
2022,HI,2022,cuv,43264.40924380276,8566,436
2022,HI,2022,minivan,47202.371396206996,233,436
2022,HI,2022,suv,55316.54472900824,2210,436
2022,HI,2023,car,31673.158632295763,1416,436
2022,HI,2023,cuv,40673.48044915011,1942,436
2022,HI,2023,minivan,46896.61715615895,132,436
2022,HI,2023,suv,56612.65990606555,569,436
2022,HI,2023,pickup,44288.3409331228,685,436
2022,IA,2020,pickup,48893.66486101682,18,486
2022,IA,2020,cuv,41118.350202594265,123,486
2022,IA,2020,minivan,41518.676566734,32,486
2022,IA,2020,car,40323.87358782076,3,486
2022,IA,2020,suv,57104.35709809024,23,486
2022,IA,2021,cuv,39550.59705987272,1130,486
2022,IA,2021,minivan,50894.925995460384,94,486
2022,IA,2021,pickup,58085.98204171007,740,486
2022,IA,2021,suv,60044.554228159344,778,486
2022,IA,2021,car,44374.61704272466,312,486
2022,IA,2022,pickup,58064.230886667014,16721,486
2022,IA,2022,car,36684.68256380337,5950,486
2022,IA,2022,cuv,43182.28330299346,25381,486
2022,IA,2022,minivan,51670.6349222971,986,486
2022,IA,2022,suv,64385.619473206374,7331,486
2022,IA,2023,pickup,59012.87988466565,2051,486
2022,IA,2023,car,38329.62867335969,2084,486
2022,IA,2023,cuv,44587.154406787486,6850,486
2022,IA,2023,minivan,47375.81784722596,341,486
2022,IA,2023,suv,73707.9163692002,1565,486
2022,ID,2020,suv,79970.99640447518,3,441
2022,ID,2020,cuv,38599.12926994494,4,441
2022,ID,2020,pickup,58605.80166377543,11,441
2022,ID,2020,car,38321.230757271565,5,441
2022,ID,2021,minivan,50590.22045544473,5,441
2022,ID,2021,pickup,58355.02024818467,452,441
2022,ID,2021,suv,61978.185741769936,414,441
2022,ID,2021,car,38319.49629886605,226,441
2022,ID,2021,cuv,38209.215743760324,640,441
2022,ID,2022,pickup,57433.1596503737,9302,441
2022,ID,2022,car,36578.44071696578,3470,441
2022,ID,2022,cuv,43756.246280536645,12422,441
2022,ID,2022,minivan,49989.987549118996,213,441
2022,ID,2022,suv,65483.78817558016,4171,441
2022,ID,2023,car,36772.161062333376,1299,441
2022,ID,2023,cuv,43408.63917060228,3070,441
2022,ID,2023,minivan,47507.603502002436,84,441
2022,ID,2023,pickup,56402.8828361669,1077,441
2022,ID,2023,suv,71017.10329074987,1098,441
2022,IL,2020,suv,55361.82985230758,28,596
2022,IL,2020,car,34303.01672525391,49,596
2022,IL,2020,pickup,51538.50415163592,30,596
2022,IL,2020,cuv,36006.56636267237,106,596
2022,IL,2020,minivan,39883.12046045236,4,596
2022,IL,2021,car,41873.23599501419,2174,596
2022,IL,2021,cuv,39562.42879434239,4983,596
2022,IL,2021,minivan,51803.56962711195,382,596
2022,IL,2021,suv,60169.542191810004,3137,596
2022,IL,2021,pickup,59507.48714145326,2116,596
2022,IL,2022,pickup,56480.94725981268,33043,596
2022,IL,2022,car,37115.59384181111,41402,596
2022,IL,2022,cuv,43555.21404024073,124730,596
2022,IL,2022,minivan,50744.54353587863,4028,596
2022,IL,2022,suv,65843.26354418222,24864,596
2022,IL,2023,pickup,55060.37066811343,4249,596
2022,IL,2023,car,39253.985845283285,13451,596
2022,IL,2023,cuv,45317.57879597672,34473,596
2022,IL,2023,minivan,47522.59556530259,1726,596
2022,IL,2023,suv,78581.48613409625,6335,596
2022,IN,2020,minivan,50948.30438731124,4,520
2022,IN,2020,cuv,41639.33478134745,19,520
2022,IN,2020,pickup,59527.8057672674,6,520
2022,IN,2020,suv,54487.05979846561,5,520
2022,IN,2020,car,36769.63407210357,16,520
2022,IN,2021,cuv,37465.838092990736,2199,520
2022,IN,2021,minivan,65126.51177899675,292,520
2022,IN,2021,car,43572.13092232645,875,520
2022,IN,2021,suv,60134.854879147526,1322,520
2022,IN,2021,pickup,55879.743939212,1124,520
2022,IN,2022,pickup,56014.33619068866,24120,520
2022,IN,2022,car,36384.46960705881,16792,520
2022,IN,2022,cuv,42111.67341737253,52179,520
2022,IN,2022,minivan,53377.453315247294,2134,520
2022,IN,2022,suv,64081.94440925868,13888,520
2022,IN,2023,car,39199.19805537858,4944,520
2022,IN,2023,cuv,44348.228016137036,12406,520
2022,IN,2023,minivan,48265.48808891451,987,520
2022,IN,2023,pickup,56669.788777165864,2659,520
2022,IN,2023,suv,75452.4945250768,3100,520
2022,KS,2020,car,38675.171158564386,9,482
2022,KS,2020,suv,57355.58436958084,1,482
2022,KS,2020,cuv,38548.85302185942,19,482
2022,KS,2020,pickup,59114.45063669316,5,482
2022,KS,2020,minivan,45220.83368210606,1,482
2022,KS,2021,car,42113.95854278014,374,482
2022,KS,2021,cuv,38886.93404112538,971,482
2022,KS,2021,minivan,52878.8733810774,50,482
2022,KS,2021,pickup,59269.101445340835,543,482
2022,KS,2021,suv,62105.04366245007,658,482
2022,KS,2022,pickup,57655.43353019379,11119,482
2022,KS,2022,car,36466.03851989821,7122,482
2022,KS,2022,cuv,43351.3657876473,18464,482
2022,KS,2022,minivan,51852.08212781842,601,482
2022,KS,2022,suv,64992.63994289028,5606,482
2022,KS,2023,pickup,57349.887806011066,1187,482
2022,KS,2023,car,36505.007344685946,2528,482
2022,KS,2023,cuv,43923.154349980505,4949,482
2022,KS,2023,minivan,47240.592157247665,263,482
2022,KS,2023,suv,76949.07774632635,1139,482
2022,KY,2020,suv,44408.588976413565,3,480
2022,KY,2020,car,27249.860208485265,25,480
2022,KY,2020,cuv,45892.81661728618,14,480
2022,KY,2020,minivan,35474.53809808757,1,480
2022,KY,2021,cuv,35905.569894141816,1594,480
2022,KY,2021,minivan,54830.096606071835,105,480
2022,KY,2021,pickup,55906.711648209835,656,480
2022,KY,2021,suv,59285.53184477138,730,480
2022,KY,2021,car,44921.147385939075,692,480
2022,KY,2022,pickup,56562.02688617892,18547,480
2022,KY,2022,car,36988.64722779467,14802,480
2022,KY,2022,cuv,42601.44954657899,34663,480
2022,KY,2022,minivan,51616.71394171312,1240,480
2022,KY,2022,suv,64287.77612152363,10239,480
2022,KY,2023,car,38310.012537883755,4666,480
2022,KY,2023,cuv,44210.660188925736,8572,480
2022,KY,2023,minivan,49093.25091235007,695,480
2022,KY,2023,suv,71665.80990821712,2243,480
2022,KY,2023,pickup,53071.85230692487,2373,480
2022,LA,2020,pickup,53264.445570775606,11,507
2022,LA,2020,car,49779.929582523626,10,507
2022,LA,2020,cuv,39106.237380269675,35,507
2022,LA,2020,suv,56180.055148584164,5,507
2022,LA,2021,cuv,34826.09234684233,1778,507
2022,LA,2021,minivan,50007.015373056965,38,507
2022,LA,2021,suv,63439.225864099986,1343,507
2022,LA,2021,car,42256.238152517566,745,507
2022,LA,2021,pickup,56074.03815179928,1391,507
2022,LA,2022,pickup,56194.60702511286,24783,507
2022,LA,2022,car,36009.559259307694,15674,507
2022,LA,2022,cuv,42525.13619122018,32155,507
2022,LA,2022,minivan,48233.50249040131,547,507
2022,LA,2022,suv,66730.95133004137,12459,507
2022,LA,2023,car,36498.07842808225,4353,507
2022,LA,2023,cuv,44878.09030404549,8983,507
2022,LA,2023,minivan,47269.150961482235,344,507
2022,LA,2023,suv,74511.51728235054,3428,507
2022,LA,2023,pickup,54916.83732667507,2568,507
2022,MA,2020,car,52943.47271980298,22,547
2022,MA,2020,minivan,43291.04909844732,1,547
2022,MA,2020,pickup,55499.2305086907,11,547
2022,MA,2020,suv,48183.980433358134,6,547
2022,MA,2020,cuv,38033.1848249399,27,547
2022,MA,2021,car,40280.87988753218,945,547
2022,MA,2021,cuv,38853.062286091605,3959,547
2022,MA,2021,minivan,51030.530230584605,55,547
2022,MA,2021,pickup,58009.20278105904,1276,547
2022,MA,2021,suv,58915.89690706607,2040,547
2022,MA,2022,pickup,54537.76293820895,23817,547
2022,MA,2022,car,35771.828019078726,29657,547
2022,MA,2022,cuv,43023.61697213286,86198,547
2022,MA,2022,minivan,50698.727623358776,1633,547
2022,MA,2022,suv,65510.00965618015,14435,547
2022,MA,2023,pickup,53172.84072799317,2913,547
2022,MA,2023,car,35679.196938321205,9805,547
2022,MA,2023,cuv,42628.42531200538,22402,547
2022,MA,2023,minivan,47252.26851219838,651,547
2022,MA,2023,suv,74827.87634321913,4045,547
2022,MD,2020,car,36678.2528936321,63,548
2022,MD,2020,pickup,57202.54086439294,3,548
2022,MD,2020,cuv,34596.900023697104,60,548
2022,MD,2020,suv,77490.20422409264,4,548
2022,MD,2020,minivan,53495.05212101396,1,548
2022,MD,2021,car,39692.36485943438,1507,548
2022,MD,2021,cuv,39245.97871875287,3055,548
2022,MD,2021,minivan,51802.7500108521,86,548
2022,MD,2021,suv,63870.379094202865,1352,548
2022,MD,2021,pickup,56161.00876999687,1180,548
2022,MD,2022,pickup,54246.58255745208,20963,548
2022,MD,2022,car,36224.08090253823,30792,548
2022,MD,2022,cuv,44650.15537641761,69418,548
2022,MD,2022,minivan,50062.66485789055,2522,548
2022,MD,2022,suv,64016.979624437794,13858,548
2022,MD,2023,car,38364.03767674596,8880,548
2022,MD,2023,cuv,45282.610820663984,17528,548
2022,MD,2023,minivan,47898.26472309445,1140,548
2022,MD,2023,suv,73034.19871541222,3259,548
2022,MD,2023,pickup,52186.666952468295,2391,548
2022,ME,2020,car,87726.0355833872,3,434
2022,ME,2020,cuv,33530.58881151147,23,434
2022,ME,2020,pickup,48526.98120123724,10,434
2022,ME,2020,suv,57253.32308192374,5,434
2022,ME,2021,car,40845.16758516006,157,434
2022,ME,2021,cuv,38492.93024885573,680,434
2022,ME,2021,minivan,48789.48646819505,22,434
2022,ME,2021,pickup,55704.12731693122,478,434
2022,ME,2021,suv,55775.85153345064,437,434
2022,ME,2022,pickup,55003.978982447705,9318,434
2022,ME,2022,car,34707.32857115694,3572,434
2022,ME,2022,cuv,41227.72123220794,13608,434
2022,ME,2022,minivan,50405.290657805424,256,434
2022,ME,2022,suv,61593.73281265904,3059,434
2022,ME,2023,car,34257.70980910027,1300,434
2022,ME,2023,cuv,42117.85549811805,3341,434
2022,ME,2023,minivan,47491.67322670379,79,434
2022,ME,2023,pickup,53861.765204029056,1293,434
2022,ME,2023,suv,73198.17725183048,619,434
2022,MI,2020,suv,48852.00196879254,55,578
2022,MI,2020,cuv,38746.92089782059,229,578
2022,MI,2020,minivan,43564.63214753389,19,578
2022,MI,2020,car,29858.03553400236,61,578
2022,MI,2020,pickup,52460.2001073827,66,578
2022,MI,2021,car,44713.95326418009,1236,578
2022,MI,2021,cuv,37969.728279033356,4168,578
2022,MI,2021,minivan,51409.48696323649,141,578
2022,MI,2021,pickup,55354.56264543887,1950,578
2022,MI,2021,suv,58242.46899518052,3014,578
2022,MI,2022,pickup,55478.718684057254,69361,578
2022,MI,2022,car,38409.792226153695,28215,578
2022,MI,2022,cuv,39919.155256891216,148442,578
2022,MI,2022,minivan,51065.6354815975,3478,578
2022,MI,2022,suv,60846.55711163185,44681,578
2022,MI,2023,pickup,56908.038229209364,6673,578
2022,MI,2023,car,41108.542028291864,9481,578
2022,MI,2023,cuv,42448.75520852006,33334,578
2022,MI,2023,minivan,47787.206241604006,1133,578
2022,MI,2023,suv,69298.1216839363,9864,578
2022,MN,2020,suv,52385.52461665001,9,516
2022,MN,2020,car,37506.74724926766,5,516
2022,MN,2020,cuv,36790.96292003331,28,516
2022,MN,2020,pickup,53416.87545118294,17,516
2022,MN,2020,minivan,44218.08304927931,1,516
2022,MN,2021,cuv,38742.97514536671,2572,516
2022,MN,2021,minivan,55064.13129855062,103,516
2022,MN,2021,pickup,58580.15471826295,1214,516
2022,MN,2021,suv,59516.056711096644,1216,516
2022,MN,2021,car,42391.065486694904,533,516
2022,MN,2022,pickup,58752.76109109201,25153,516
2022,MN,2022,car,36713.989882021146,13666,516
2022,MN,2022,cuv,42385.76700945168,57137,516
2022,MN,2022,minivan,50248.44501421931,2007,516
2022,MN,2022,suv,64662.10061113964,12142,516
2022,MN,2023,pickup,57017.668650136926,2442,516
2022,MN,2023,car,39759.42993628206,4283,516
2022,MN,2023,cuv,43568.41507787463,14137,516
2022,MN,2023,minivan,47569.26329137383,626,516
2022,MN,2023,suv,71996.7435513712,2290,516
2022,MO,2020,minivan,53580.17421429283,1,519
2022,MO,2020,pickup,52198.88958905575,10,519
2022,MO,2020,suv,53327.142233376646,7,519
2022,MO,2020,cuv,36879.31004165387,18,519
2022,MO,2020,car,31828.019414942355,7,519
2022,MO,2021,cuv,37554.15854221484,3100,519
2022,MO,2021,minivan,49135.43992616319,188,519
2022,MO,2021,car,37115.385568048645,1562,519
2022,MO,2021,pickup,55913.7500974042,1289,519
2022,MO,2021,suv,57921.82646365127,1540,519
2022,MO,2022,pickup,56197.52024419924,24467,519
2022,MO,2022,car,36232.81243322794,16138,519
2022,MO,2022,cuv,42135.5894125883,49721,519
2022,MO,2022,minivan,50578.07390436046,1393,519
2022,MO,2022,suv,64787.23625584475,13393,519
2022,MO,2023,pickup,57143.237556258886,2842,519
2022,MO,2023,car,37727.12369695876,4933,519
2022,MO,2023,cuv,44071.623854325095,12683,519
2022,MO,2023,minivan,47318.482117847474,652,519
2022,MO,2023,suv,75344.79172187655,3679,519
2022,MS,2020,pickup,52569.53807585122,6,458
2022,MS,2020,car,51427.006038841,5,458
2022,MS,2020,minivan,35959.27972100104,1,458
2022,MS,2020,cuv,32889.88502710966,19,458
2022,MS,2020,suv,63751.94334096865,3,458
2022,MS,2021,cuv,34808.88826211509,979,458
2022,MS,2021,minivan,48105.89976238048,9,458
2022,MS,2021,pickup,60444.5856723671,733,458
2022,MS,2021,suv,61454.50981217251,547,458
2022,MS,2021,car,43663.77586903279,412,458
2022,MS,2022,pickup,57007.5109910258,11097,458
2022,MS,2022,car,34806.853462332605,9490,458
2022,MS,2022,cuv,41951.07889177949,15697,458
2022,MS,2022,minivan,48302.815088731804,275,458
2022,MS,2022,suv,66500.5371698822,5604,458
2022,MS,2023,cuv,44067.46514813867,4675,458
2022,MS,2023,minivan,48514.66561038456,198,458
2022,MS,2023,car,35505.14060322807,2816,458
2022,MS,2023,suv,75706.41805917844,1468,458
2022,MS,2023,pickup,55208.45572960361,1416,458
2022,MT,2020,cuv,44135.799077587166,7,351
2022,MT,2020,car,31729.404109209154,3,351
2022,MT,2021,cuv,37586.38185050916,481,351
2022,MT,2021,suv,59350.67312838945,252,351
2022,MT,2021,car,43399.1684617581,111,351
2022,MT,2021,pickup,60077.846738630724,317,351
2022,MT,2021,minivan,49052.970815776745,4,351
2022,MT,2022,car,37216.879787408514,1418,351
2022,MT,2022,pickup,59351.57419474188,5219,351
2022,MT,2022,cuv,42771.452023784404,6373,351
2022,MT,2022,minivan,49323.41338436801,133,351
2022,MT,2022,suv,65064.00120236647,2561,351
2022,MT,2023,suv,65665.51100495667,446,351
2022,MT,2023,car,41293.560312458096,427,351
2022,MT,2023,pickup,57724.42629583753,430,351
2022,MT,2023,cuv,42754.18798659928,1362,351
2022,MT,2023,minivan,46731.09308398922,25,351
2022,NC,2020,car,38766.938493518595,48,607
2022,NC,2020,pickup,51710.68237996308,104,607
2022,NC,2020,minivan,42051.48376152988,3,607
2022,NC,2020,cuv,38189.7111728277,63,607
2022,NC,2020,suv,59864.169538700255,19,607
2022,NC,2021,car,42633.278931163215,2102,607
2022,NC,2021,cuv,36594.77507660579,4623,607
2022,NC,2021,minivan,52062.59016707055,171,607
2022,NC,2021,suv,64114.92855105519,2205,607
2022,NC,2021,pickup,55991.19316347364,2169,607
2022,NC,2022,pickup,53335.39334483569,52871,607
2022,NC,2022,car,36399.04951368116,57677,607
2022,NC,2022,cuv,43863.12329526721,111947,607
2022,NC,2022,minivan,50256.139267858554,3482,607
2022,NC,2022,suv,66013.04794785172,26424,607
2022,NC,2023,pickup,53571.14834705663,8265,607
2022,NC,2023,car,38697.15291868039,20196,607
2022,NC,2023,cuv,46901.71635748316,31174,607
2022,NC,2023,minivan,48165.0171607307,2143,607
2022,NC,2023,suv,74326.10835905469,8519,607
2022,ND,2020,minivan,43729.33309597011,2,333
2022,ND,2020,pickup,43806.94125189533,2,333
2022,ND,2020,cuv,43452.94469305088,1,333
2022,ND,2020,car,22703.64659691351,4,333
2022,ND,2020,suv,49835.79558050743,1,333
2022,ND,2021,cuv,38321.75376480858,493,333
2022,ND,2021,minivan,52941.397509397575,8,333
2022,ND,2021,pickup,61160.527785555234,364,333
2022,ND,2021,suv,62158.5955284384,328,333
2022,ND,2021,car,44357.8023630679,125,333
2022,ND,2022,car,37625.795489928794,1400,333
2022,ND,2022,pickup,61208.9705305524,8615,333
2022,ND,2022,cuv,42485.520605784994,8067,333
2022,ND,2022,minivan,51278.90225430197,197,333
2022,ND,2022,suv,64648.6109947083,3881,333
2022,ND,2023,pickup,60381.7909246476,843,333
2022,ND,2023,cuv,45127.01896085612,1829,333
2022,ND,2023,minivan,47289.05452459744,70,333
2022,ND,2023,car,40009.801433080895,403,333
2022,ND,2023,suv,70096.48622877107,557,333
2022,NE,2020,cuv,42270.83178827022,8,460
2022,NE,2020,car,87891.39021198273,3,460
2022,NE,2020,suv,41337.635462461054,1,460
2022,NE,2021,cuv,38967.316585203844,810,460
2022,NE,2021,minivan,58115.70300093381,46,460
2022,NE,2021,pickup,57149.98512962387,578,460
2022,NE,2021,suv,62905.489787284496,534,460
2022,NE,2021,car,42899.30756004754,237,460
2022,NE,2022,pickup,59004.84501080128,11524,460
2022,NE,2022,car,37332.30499230198,5556,460
2022,NE,2022,cuv,43002.9209478387,18821,460
2022,NE,2022,minivan,51735.81561165869,618,460
2022,NE,2022,suv,66084.22123953093,6163,460
2022,NE,2023,car,39198.01588732569,1806,460
2022,NE,2023,cuv,44821.34822175546,4984,460
2022,NE,2023,minivan,47208.985918489205,202,460
2022,NE,2023,pickup,59225.03382578455,1328,460
2022,NE,2023,suv,75573.44329311543,1455,460
2022,NH,2020,cuv,37849.77423169767,35,459
2022,NH,2020,pickup,51495.774309845416,62,459
2022,NH,2020,car,37879.088326032215,7,459
2022,NH,2020,suv,61044.63278848134,24,459
2022,NH,2021,cuv,39212.57667136434,1072,459
2022,NH,2021,suv,56785.36522360945,588,459
2022,NH,2021,pickup,57212.35918901574,675,459
2022,NH,2021,car,40287.359885270016,308,459
2022,NH,2021,minivan,58831.50089061046,4,459
2022,NH,2022,pickup,54092.35801735907,10677,459
2022,NH,2022,car,35697.391493927804,7344,459
2022,NH,2022,cuv,42357.0846087814,22905,459
2022,NH,2022,minivan,50503.722104826295,355,459
2022,NH,2022,suv,61765.58885504162,3895,459
2022,NH,2023,pickup,51607.90619681028,1392,459
2022,NH,2023,car,36264.19427018547,2122,459
2022,NH,2023,cuv,43244.15540738443,5873,459
2022,NH,2023,minivan,48132.86325937287,199,459
2022,NH,2023,suv,70064.91859758132,773,459
2022,NJ,2020,car,33797.51790559003,143,620
2022,NJ,2020,pickup,46820.51987133488,14,620
2022,NJ,2020,cuv,38210.01550226515,291,620
2022,NJ,2020,suv,72309.33151307816,15,620
2022,NJ,2020,minivan,41566.98319446207,1,620
2022,NJ,2021,car,41761.97311071958,2080,620
2022,NJ,2021,cuv,39629.444512467315,5786,620
2022,NJ,2021,minivan,53894.72178240202,89,620
2022,NJ,2021,suv,64346.00208556536,2349,620
2022,NJ,2021,pickup,58056.346645845195,1287,620
2022,NJ,2022,pickup,55749.71961021048,23298,620
2022,NJ,2022,car,38404.720984455496,47619,620
2022,NJ,2022,cuv,45054.636868893984,135281,620
2022,NJ,2022,minivan,49833.62725672357,2701,620
2022,NJ,2022,suv,67085.7527451434,25217,620
2022,NJ,2023,pickup,53919.39232564709,2510,620
2022,NJ,2023,car,39712.13735101634,14824,620
2022,NJ,2023,cuv,46046.39151803068,33674,620
2022,NJ,2023,minivan,47800.54402723572,1370,620
2022,NJ,2023,suv,80692.01505542935,6153,620
2022,NM,2020,car,52392.61483493224,5,442
2022,NM,2020,suv,86637.54244062227,3,442
2022,NM,2020,cuv,47944.42353591177,7,442
2022,NM,2020,pickup,52859.718960431856,1,442
2022,NM,2020,minivan,53395.107117442596,2,442
2022,NM,2021,cuv,36681.614974431504,680,442
2022,NM,2021,minivan,48076.59324042283,5,442
2022,NM,2021,pickup,57619.603841496704,401,442
2022,NM,2021,suv,59915.11616578079,444,442
2022,NM,2021,car,43580.47064989631,337,442
2022,NM,2022,pickup,55394.84866832335,8022,442
2022,NM,2022,car,35667.145543566156,5632,442
2022,NM,2022,cuv,42039.38926297628,11875,442
2022,NM,2022,minivan,48661.05851793909,238,442
2022,NM,2022,suv,62952.96237130411,3217,442
2022,NM,2023,car,35838.90435211533,1864,442
2022,NM,2023,pickup,55412.42049624004,1083,442
2022,NM,2023,cuv,43305.33973827179,3163,442
2022,NM,2023,minivan,46838.026035521834,153,442
2022,NM,2023,suv,68899.38033264979,881,442
2022,NV,2020,car,36221.15794513522,7,474
2022,NV,2020,suv,52957.37892283972,4,474
2022,NV,2020,cuv,34385.45447201932,12,474
2022,NV,2020,pickup,59466.68737396622,1,474
2022,NV,2021,cuv,38540.035875230424,1051,474
2022,NV,2021,minivan,49524.954874993346,34,474
2022,NV,2021,pickup,56476.514220164034,648,474
2022,NV,2021,suv,60568.37395321159,681,474
2022,NV,2021,car,43966.45656588386,646,474
2022,NV,2022,pickup,53703.67515666403,10559,474
2022,NV,2022,car,37769.03051012331,11030,474
2022,NV,2022,cuv,43676.4531377419,23405,474
2022,NV,2022,minivan,49027.70237137359,449,474
2022,NV,2022,suv,64872.66449315168,6043,474
2022,NV,2023,car,35150.041439619396,3958,474
2022,NV,2023,cuv,44156.85746033109,5969,474
2022,NV,2023,minivan,46572.51595958314,268,474
2022,NV,2023,pickup,50857.724490432134,1229,474
2022,NV,2023,suv,72151.02832371551,1522,474
2022,NY,2020,cuv,37151.63239950201,156,630
2022,NY,2020,minivan,43883.410131070705,7,630
2022,NY,2020,pickup,54591.10239199269,44,630
2022,NY,2020,suv,52363.476780639154,46,630
2022,NY,2020,car,35957.81708112225,68,630
2022,NY,2021,car,42286.79914764899,4725,630
2022,NY,2021,cuv,38266.44033332294,14573,630
2022,NY,2021,minivan,51079.84130131237,285,630
2022,NY,2021,suv,56791.058570565765,10214,630
2022,NY,2021,pickup,60113.785748667215,12622,630
2022,NY,2022,pickup,56080.37789609354,72609,630
2022,NY,2022,car,37384.048329604106,75127,630
2022,NY,2022,cuv,42887.49009574366,254626,630
2022,NY,2022,minivan,49269.41093723834,5482,630
2022,NY,2022,suv,63164.72864704316,54540,630
2022,NY,2023,pickup,53621.171957176615,6022,630
2022,NY,2023,car,37623.09240664774,23510,630
2022,NY,2023,cuv,43918.820239391986,58438,630
2022,NY,2023,minivan,46600.76189663444,2359,630
2022,NY,2023,suv,75855.57362208475,11325,630
2022,OH,2020,car,37173.625664681305,31,572
2022,OH,2020,cuv,40321.09262773625,92,572
2022,OH,2020,pickup,52504.37238422303,35,572
2022,OH,2020,suv,63953.05930901338,7,572
2022,OH,2020,minivan,49154.938592215396,12,572
2022,OH,2021,cuv,36753.96835391516,4988,572
2022,OH,2021,minivan,50934.58044590152,218,572
2022,OH,2021,suv,59549.50108670111,2239,572
2022,OH,2021,car,43376.867989950246,1855,572
2022,OH,2021,pickup,56738.01668970571,2020,572
2022,OH,2022,pickup,55129.93258062144,51095,572
2022,OH,2022,car,35878.4313496168,43683,572
2022,OH,2022,cuv,41574.40075872732,134748,572
2022,OH,2022,minivan,50559.6766923439,3635,572
2022,OH,2022,suv,63684.090008889,28118,572
2022,OH,2023,pickup,52934.7039572328,5387,572
2022,OH,2023,car,37622.68319363036,14592,572
2022,OH,2023,cuv,43326.261488348246,34116,572
2022,OH,2023,minivan,47750.43424539515,2216,572
2022,OH,2023,suv,72857.7797748838,6520,572
2022,OK,2020,car,29254.422800987177,12,514
2022,OK,2020,pickup,64340.17164193819,13,514
2022,OK,2020,suv,71045.26650230486,10,514
2022,OK,2020,cuv,39056.001464397086,24,514
2022,OK,2020,minivan,38066.8649565058,1,514
2022,OK,2021,cuv,35964.0534516667,1635,514
2022,OK,2021,minivan,51941.14323118863,32,514
2022,OK,2021,pickup,58482.7203000571,1362,514
2022,OK,2021,suv,62292.78654455895,1169,514
2022,OK,2021,car,45739.79931422602,795,514
2022,OK,2022,pickup,57579.72329933718,19935,514
2022,OK,2022,car,37968.84619262003,10580,514
2022,OK,2022,cuv,42157.48162229878,25471,514
2022,OK,2022,minivan,49910.091427228675,619,514
2022,OK,2022,suv,68322.38823311281,10425,514
2022,OK,2023,car,38027.92670747963,3350,514
2022,OK,2023,cuv,44488.576251810024,6646,514
2022,OK,2023,minivan,47720.179203504784,262,514
2022,OK,2023,pickup,57457.969415955486,2227,514
2022,OK,2023,suv,78393.02138234329,2521,514
2022,OR,2020,car,40716.20748067343,21,526
2022,OR,2020,suv,76914.13800650986,2,526
2022,OR,2020,cuv,36822.00908708355,17,526
2022,OR,2020,pickup,48664.400067568575,9,526
2022,OR,2021,cuv,40287.74661600705,2677,526
2022,OR,2021,minivan,53321.75807378151,52,526
2022,OR,2021,pickup,58782.172940230696,998,526
2022,OR,2021,suv,62117.4421384512,1261,526
2022,OR,2021,car,44019.03767220513,733,526
2022,OR,2022,pickup,53746.599596523134,20364,526
2022,OR,2022,car,38232.24082004349,24654,526
2022,OR,2022,cuv,46097.21990042451,57442,526
2022,OR,2022,minivan,50706.41805095476,1742,526
2022,OR,2022,suv,64725.15652313558,11016,526
2022,OR,2023,pickup,51595.85159271386,2606,526
2022,OR,2023,car,39218.762709545204,7397,526
2022,OR,2023,cuv,46999.742744111136,13223,526
2022,OR,2023,minivan,47789.058910483596,696,526
2022,OR,2023,suv,73397.9369523077,2170,526
2022,PA,2020,car,41321.10793098233,79,603
2022,PA,2020,minivan,46379.63588605351,4,603
2022,PA,2020,suv,57635.610042032786,76,603
2022,PA,2020,pickup,53665.845688568515,117,603
2022,PA,2020,cuv,39387.349130932336,200,603
2022,PA,2021,car,40516.85205870992,1847,603
2022,PA,2021,cuv,37781.7469979294,6327,603
2022,PA,2021,minivan,50221.83804133204,138,603
2022,PA,2021,suv,58812.04457038495,2916,603
2022,PA,2021,pickup,55364.33273354897,2432,603
2022,PA,2022,pickup,54853.752775677334,54607,603
2022,PA,2022,car,36346.950280997175,46444,603
2022,PA,2022,cuv,42202.788714221424,142687,603
2022,PA,2022,minivan,49099.12417216874,3353,603
2022,PA,2022,suv,62706.24372679208,30404,603
2022,PA,2023,pickup,51802.5651038504,6186,603
2022,PA,2023,car,36532.99413660574,18191,603
2022,PA,2023,cuv,43233.49525022743,37718,603
2022,PA,2023,minivan,47333.334558606475,1418,603
2022,PA,2023,suv,73853.89824545359,7072,603
2022,RI,2020,cuv,47317.33108619932,1,413
2022,RI,2020,pickup,59874.8633316415,1,413
2022,RI,2020,suv,73753.89298931493,2,413
2022,RI,2021,cuv,40682.814792780395,397,413
2022,RI,2021,minivan,56664.186129712325,6,413
2022,RI,2021,car,42760.517731350825,135,413
2022,RI,2021,pickup,53281.865814299796,158,413
2022,RI,2021,suv,63244.83749584402,190,413
2022,RI,2022,car,37730.558270918504,2585,413
2022,RI,2022,cuv,45027.258779317235,8469,413
2022,RI,2022,minivan,52457.38706126194,137,413
2022,RI,2022,pickup,54454.189562011394,3273,413
2022,RI,2022,suv,65393.12405531536,1560,413
2022,RI,2023,cuv,47448.2759940444,2157,413
2022,RI,2023,minivan,49022.40794289979,32,413
2022,RI,2023,car,41771.61333953344,878,413
2022,RI,2023,pickup,55732.56896995402,292,413
2022,RI,2023,suv,74416.81534693911,537,413
2022,SC,2020,car,37259.575776879,23,513
2022,SC,2020,pickup,45726.73209308085,51,513
2022,SC,2020,suv,55659.98758310999,14,513
2022,SC,2020,minivan,38209.10333314114,9,513
2022,SC,2020,cuv,36648.9500678165,55,513
2022,SC,2021,car,42236.77264846207,921,513
2022,SC,2021,cuv,37267.6985842537,2185,513
2022,SC,2021,minivan,46608.90579488058,86,513
2022,SC,2021,suv,59567.10538219763,1206,513
2022,SC,2021,pickup,54167.00509863894,1143,513
2022,SC,2022,pickup,53954.23491766766,20482,513
2022,SC,2022,car,36463.55482308264,16495,513
2022,SC,2022,cuv,43196.17204264316,34327,513
2022,SC,2022,minivan,49492.41801802757,1150,513
2022,SC,2022,suv,63916.50394216513,10092,513
2022,SC,2023,pickup,54584.003054791014,2193,513
2022,SC,2023,car,37758.917538834314,4857,513
2022,SC,2023,cuv,44891.41743929544,9345,513
2022,SC,2023,minivan,48165.152043325856,422,513
2022,SC,2023,suv,74835.35630201279,2622,513
2022,SD,2020,pickup,52975.152498110285,4,369
2022,SD,2020,cuv,44296.38140319669,4,369
2022,SD,2020,car,25394.617545073284,4,369
2022,SD,2020,suv,47539.49432007902,1,369
2022,SD,2021,cuv,39287.279288743026,251,369
2022,SD,2021,minivan,47577.92161590568,10,369
2022,SD,2021,car,41886.74276770639,93,369
2022,SD,2021,suv,58296.51379153026,294,369
2022,SD,2021,pickup,55857.98234814569,261,369
2022,SD,2022,pickup,61157.66123870716,5246,369
2022,SD,2022,car,39532.08976865602,1406,369
2022,SD,2022,cuv,43079.19511735919,6611,369
2022,SD,2022,minivan,51068.49403979518,201,369
2022,SD,2022,suv,66192.89672954909,2516,369
2022,SD,2023,minivan,48353.53042536567,67,369
2022,SD,2023,car,41455.40749535101,531,369
2022,SD,2023,suv,72555.51548035539,398,369
2022,SD,2023,pickup,64792.58364690393,533,369
2022,SD,2023,cuv,45720.76935172195,1639,369
2022,TN,2020,car,39459.93510921679,11,513
2022,TN,2020,suv,72237.01599976151,3,513
2022,TN,2020,cuv,37212.04432031212,25,513
2022,TN,2020,pickup,53816.02708971111,3,513
2022,TN,2020,minivan,40621.973663804645,1,513
2022,TN,2021,cuv,34778.94866061903,2738,513
2022,TN,2021,minivan,46850.81697687048,56,513
2022,TN,2021,car,41966.66533854607,978,513
2022,TN,2021,suv,60185.09305429674,1183,513
2022,TN,2021,pickup,61349.60735144265,1337,513
2022,TN,2022,pickup,55563.337729612205,22750,513
2022,TN,2022,car,36535.60436938512,16052,513
2022,TN,2022,cuv,43177.81562641414,40629,513
2022,TN,2022,minivan,51004.222292859624,850,513
2022,TN,2022,suv,67167.70572075425,12653,513
2022,TN,2023,pickup,52219.45438201117,3372,513
2022,TN,2023,car,38613.41750915524,5738,513
2022,TN,2023,cuv,44411.958667304585,13537,513
2022,TN,2023,minivan,49385.96523693117,445,513
2022,TN,2023,suv,78152.76887167925,3008,513
2022,TX,2020,car,34039.91727792222,473,671
2022,TX,2020,cuv,41117.70981764908,553,671
2022,TX,2020,minivan,42566.16520312208,23,671
2022,TX,2020,pickup,50334.269326142006,192,671
2022,TX,2020,suv,62248.38873290665,106,671
2022,TX,2021,car,40534.15255658015,6797,671
2022,TX,2021,cuv,36251.82474105642,13139,671
2022,TX,2021,minivan,50002.019299790874,240,671
2022,TX,2021,suv,63106.24242657456,8123,671
2022,TX,2021,pickup,56869.987385933004,7770,671
2022,TX,2022,pickup,56022.4318513281,180491,671
2022,TX,2022,car,37336.7723389096,117080,671
2022,TX,2022,cuv,43377.45444038994,251320,671
2022,TX,2022,minivan,49339.89164539429,4880,671
2022,TX,2022,suv,67620.20672102683,86129,671
2022,TX,2023,pickup,55650.77679027918,20505,671
2022,TX,2023,car,38581.405432237014,34797,671
2022,TX,2023,cuv,45493.2600513577,69648,671
2022,TX,2023,minivan,47432.32795694675,2422,671
2022,TX,2023,suv,78317.37477332097,23498,671
2022,UT,2020,car,26644.617516949667,29,482
2022,UT,2020,cuv,37811.11765734944,25,482
2022,UT,2020,minivan,36943.82637919609,1,482
2022,UT,2020,pickup,51364.06387311077,4,482
2022,UT,2020,suv,50806.175572287226,1,482
2022,UT,2021,car,35591.07412075588,600,482
2022,UT,2021,minivan,54353.87219091301,32,482
2022,UT,2021,suv,60667.0464301226,756,482
2022,UT,2021,pickup,60591.832100647334,639,482
2022,UT,2021,cuv,41112.413555557745,850,482
2022,UT,2022,car,35307.705648884745,9523,482
2022,UT,2022,pickup,57459.69410232451,12728,482
2022,UT,2022,cuv,43948.13627912344,25143,482
2022,UT,2022,minivan,50769.43446876453,766,482
2022,UT,2022,suv,67792.7315924684,6484,482
2022,UT,2023,pickup,55703.51984186336,1924,482
2022,UT,2023,car,35268.87388178924,3264,482
2022,UT,2023,cuv,44809.69372980512,7352,482
2022,UT,2023,minivan,48405.95247375278,446,482
2022,UT,2023,suv,72683.40778453893,2164,482
2022,VA,2020,car,45555.893705841874,22,559
2022,VA,2020,pickup,51067.98209784024,8,559
2022,VA,2020,suv,72345.606295945,4,559
2022,VA,2020,cuv,39520.07860163096,32,559
2022,VA,2020,minivan,41804.06834210237,2,559
2022,VA,2021,car,39965.38040301873,2129,559
2022,VA,2021,cuv,38604.62505593101,3806,559
2022,VA,2021,minivan,53081.8628440176,137,559
2022,VA,2021,suv,63531.03865755618,1855,559
2022,VA,2021,pickup,56787.61221164768,1735,559
2022,VA,2022,pickup,54902.45518311347,30650,559
2022,VA,2022,car,37027.38520102704,33567,559
2022,VA,2022,cuv,44374.23535276465,77860,559
2022,VA,2022,minivan,50655.967842844395,2629,559
2022,VA,2022,suv,64677.761229612064,17626,559
2022,VA,2023,pickup,51092.17317952074,3541,559
2022,VA,2023,car,37916.00142006987,10015,559
2022,VA,2023,cuv,45173.30055630886,19554,559
2022,VA,2023,minivan,48282.69104628235,1242,559
2022,VA,2023,suv,73433.69665967711,4322,559
2022,VT,2020,cuv,34105.01652493026,25,387
2022,VT,2020,car,34395.44806416302,46,387
2022,VT,2021,car,40923.746756480214,89,387
2022,VT,2021,minivan,49815.24518287492,5,387
2022,VT,2021,suv,54282.07876699572,210,387
2022,VT,2021,pickup,52783.42538891337,323,387
2022,VT,2021,cuv,38421.63257415459,520,387
2022,VT,2022,car,34641.10699764944,2561,387
2022,VT,2022,pickup,52861.05623884345,6205,387
2022,VT,2022,cuv,40367.359602811826,9810,387
2022,VT,2022,minivan,50473.74844992713,199,387
2022,VT,2022,suv,59107.77495066432,1650,387
2022,VT,2023,pickup,52263.24179820923,883,387
2022,VT,2023,car,37565.91717008618,742,387
2022,VT,2023,cuv,40901.80843676853,2054,387
2022,VT,2023,minivan,46757.09818198516,49,387
2022,VT,2023,suv,66983.97057098278,341,387
2022,WA,2020,car,48484.626964147195,32,550
2022,WA,2020,pickup,58328.03272737606,15,550
2022,WA,2020,suv,47038.03171129864,7,550
2022,WA,2020,cuv,39861.583360826,58,550
2022,WA,2020,minivan,31390.982768935388,2,550
2022,WA,2021,cuv,40300.850228917414,3799,550
2022,WA,2021,minivan,55734.73691831874,122,550
2022,WA,2021,suv,59549.12805726844,1804,550
2022,WA,2021,car,43496.51095711307,1565,550
2022,WA,2021,pickup,58765.15082740113,1409,550
2022,WA,2022,pickup,52823.24871716967,31619,550
2022,WA,2022,car,36875.23909796879,38482,550
2022,WA,2022,cuv,44707.70918515523,89070,550
2022,WA,2022,minivan,50345.81273128487,2863,550
2022,WA,2022,suv,65252.38597369948,14218,550
2022,WA,2023,pickup,51044.92282339072,5244,550
2022,WA,2023,car,36372.399315475566,14310,550
2022,WA,2023,cuv,45751.42448425365,22195,550
2022,WA,2023,minivan,48160.196404522554,1260,550
2022,WA,2023,suv,75526.64812965943,4198,550
2022,WI,2020,suv,63788.53140679684,10,535
2022,WI,2020,cuv,37141.285639174625,176,535
2022,WI,2020,minivan,54071.62544760259,14,535
2022,WI,2020,pickup,58518.29114157939,10,535
2022,WI,2020,car,36742.40076448352,123,535
2022,WI,2021,car,43944.32071968147,660,535
2022,WI,2021,cuv,39154.94530732229,2098,535
2022,WI,2021,minivan,53931.39187464241,312,535
2022,WI,2021,pickup,60305.9220546244,1299,535
2022,WI,2021,suv,58956.7534337,1359,535
2022,WI,2022,pickup,58081.80145117956,25396,535
2022,WI,2022,car,36737.47825968717,13403,535
2022,WI,2022,cuv,42341.5858329378,51434,535
2022,WI,2022,minivan,50513.815946546434,2087,535
2022,WI,2022,suv,64005.27051581967,12059,535
2022,WI,2023,pickup,56915.667416606164,2706,535
2022,WI,2023,car,40146.002632722535,4091,535
2022,WI,2023,cuv,43802.53263477884,12511,535
2022,WI,2023,minivan,47595.189297567806,602,535
2022,WI,2023,suv,74974.2322725697,2549,535
2022,WV,2020,cuv,32843.50467505919,19,440
2022,WV,2020,pickup,52703.92773817284,12,440
2022,WV,2020,car,40557.456151031096,8,440
2022,WV,2020,suv,69171.87652121934,5,440
2022,WV,2021,cuv,35558.98480585868,924,440
2022,WV,2021,car,43087.582114419485,241,440
2022,WV,2021,minivan,50771.7817754926,21,440
2022,WV,2021,pickup,56825.322010081385,403,440
2022,WV,2021,suv,58364.818277191676,473,440
2022,WV,2022,pickup,53930.1128311544,10140,440
2022,WV,2022,cuv,41125.70017357169,18350,440
2022,WV,2022,minivan,49261.16382449034,453,440
2022,WV,2022,suv,62115.10645121076,4236,440
2022,WV,2022,car,34738.62939043977,6302,440
2022,WV,2023,cuv,41598.66089152494,4298,440
2022,WV,2023,minivan,46790.492561951454,250,440
2022,WV,2023,pickup,51151.77419998823,1402,440
2022,WV,2023,suv,69415.010815682,992,440
2022,WV,2023,car,35774.85346135044,2286,440
2022,WY,2020,cuv,43505.902204949736,2,290
2022,WY,2020,suv,47505.795965114456,1,290
2022,WY,2020,pickup,72446.97222376603,2,290
2022,WY,2020,car,24519.570006468148,1,290
2022,WY,2021,suv,59137.13447176758,150,290
2022,WY,2021,car,44615.80819257008,60,290
2022,WY,2021,pickup,59544.18976854284,152,290
2022,WY,2021,cuv,36672.583677997274,234,290
2022,WY,2021,minivan,56113.12647944719,11,290
2022,WY,2022,pickup,58838.378730238175,3248,290
2022,WY,2022,cuv,42010.001172332995,3332,290
2022,WY,2022,minivan,50196.03129999034,106,290
2022,WY,2022,suv,64157.414534992866,1502,290
2022,WY,2022,car,35683.43838685082,898,290
2022,WY,2023,pickup,54703.82969915665,487,290
2022,WY,2023,cuv,42721.09939785744,652,290
2022,WY,2023,minivan,47358.11098166816,45,290
2022,WY,2023,suv,67371.25876487732,333,290
2022,WY,2023,car,36370.65373578472,297,290
2023,AK,2021,suv,86289.45463783132,1,356
2023,AK,2022,car,41006.384827005386,100,356
2023,AK,2022,suv,58356.455132261646,125,356
2023,AK,2022,pickup,60479.922209189936,440,356
2023,AK,2022,cuv,39156.19373870132,428,356
2023,AK,2022,minivan,50029.37213898605,12,356
2023,AK,2023,pickup,59944.4153970079,2196,356
2023,AK,2023,car,39908.87994869949,676,356
2023,AK,2023,cuv,43369.28821787727,3515,356
2023,AK,2023,suv,63883.0200986887,947,356
2023,AK,2023,minivan,50986.39614702869,82,356
2023,AK,2024,car,40622.07254606574,355,356
2023,AK,2024,minivan,45197.188955933474,14,356
2023,AK,2024,pickup,66700.85870085219,286,356
2023,AK,2024,suv,70522.87895979258,54,356
2023,AK,2024,cuv,40279.29581436505,1068,356
2023,AL,2021,suv,63941.83644823625,12,522
2023,AL,2021,cuv,35712.415496066584,16,522
2023,AL,2021,car,46215.05913624651,14,522
2023,AL,2021,pickup,58172.847072104734,11,522
2023,AL,2022,pickup,58151.2156670652,3143,522
2023,AL,2022,cuv,37010.5843458085,2075,522
2023,AL,2022,minivan,49961.59413642019,28,522
2023,AL,2022,suv,57402.26342530845,1056,522
2023,AL,2022,car,40191.10377449873,1026,522
2023,AL,2023,pickup,55375.42308558056,30903,522
2023,AL,2023,car,34373.9747927016,25822,522
2023,AL,2023,cuv,41681.50430629451,48432,522
2023,AL,2023,minivan,48856.05055246802,1796,522
2023,AL,2023,suv,67129.91598669434,15490,522
2023,AL,2024,pickup,61790.5369686852,4912,522
2023,AL,2024,suv,73090.33768319497,1445,522
2023,AL,2024,cuv,42480.55905622053,15681,522
2023,AL,2024,minivan,46799.517655032076,863,522
2023,AL,2024,car,33603.741952334436,12184,522
2023,AR,2021,cuv,27297.56002937001,12,464
2023,AR,2021,pickup,53456.57085408557,14,464
2023,AR,2021,suv,55630.75323789238,8,464
2023,AR,2021,car,33681.51825152661,2,464
2023,AR,2022,pickup,57875.051629853726,2158,464
2023,AR,2022,cuv,35799.87936020984,1359,464
2023,AR,2022,minivan,52997.930006431954,28,464
2023,AR,2022,suv,56873.61039782955,713,464
2023,AR,2022,car,39323.65240053883,661,464
2023,AR,2023,pickup,58270.253084361015,18214,464
2023,AR,2023,car,35934.597410794806,9992,464
2023,AR,2023,cuv,41250.47247099206,24859,464
2023,AR,2023,minivan,48727.77404096481,881,464
2023,AR,2023,suv,70166.86234486388,9899,464
2023,AR,2024,car,35245.978098482374,4292,464
2023,AR,2024,cuv,42074.01657338641,8409,464
2023,AR,2024,minivan,46600.37171131749,423,464
2023,AR,2024,suv,77784.6808544135,997,464
2023,AR,2024,pickup,63234.953070412805,3285,464
2023,AZ,2021,suv,80404.30586802165,25,563
2023,AZ,2021,car,42108.31777144065,13,563
2023,AZ,2021,pickup,44479.27279280305,66,563
2023,AZ,2021,cuv,40937.89281412351,37,563
2023,AZ,2022,car,41014.265712879234,1764,563
2023,AZ,2022,pickup,54718.333343674254,4541,563
2023,AZ,2022,cuv,38136.01910609599,2905,563
2023,AZ,2022,minivan,50556.50411173227,154,563
2023,AZ,2022,suv,59628.35709180787,1789,563
2023,AZ,2023,car,37870.37126102845,33155,563
2023,AZ,2023,pickup,54426.99197762635,32210,563
2023,AZ,2023,cuv,43904.59116770654,64652,563
2023,AZ,2023,minivan,49779.030258832245,2263,563
2023,AZ,2023,suv,70246.97107153253,14898,563
2023,AZ,2024,car,35096.80964854469,12335,563
2023,AZ,2024,cuv,42943.45724992234,21005,563
2023,AZ,2024,minivan,46517.66772066163,976,563
2023,AZ,2024,suv,78311.66694348982,1830,563
2023,AZ,2024,pickup,59772.147545748,4570,563
2023,CA,2021,car,41632.95423409515,76,651
2023,CA,2021,cuv,42574.59437622685,129,651
2023,CA,2021,suv,78613.74219438364,55,651
2023,CA,2021,pickup,57862.02952626957,68,651
2023,CA,2021,minivan,53108.28806386805,1,651
2023,CA,2022,pickup,55376.116394522134,15476,651
2023,CA,2022,car,40144.5086563645,13157,651
2023,CA,2022,cuv,41642.11388797219,15567,651
2023,CA,2022,minivan,51931.1723341055,633,651
2023,CA,2022,suv,61632.46954220846,5853,651
2023,CA,2023,pickup,53501.015929598776,130885,651
2023,CA,2023,car,38869.81591405259,231695,651
2023,CA,2023,cuv,46794.63621395298,380820,651
2023,CA,2023,minivan,51898.498940751706,13223,651
2023,CA,2023,suv,73708.31589233557,65199,651
2023,CA,2024,car,36609.2159667892,88832,651
2023,CA,2024,pickup,60375.0812627502,14603,651
2023,CA,2024,suv,85817.03038607347,6941,651
2023,CA,2024,cuv,46100.013587175905,115453,651
2023,CA,2024,minivan,50146.087488902565,4979,651
2023,CO,2021,suv,60227.856841142944,14,537
2023,CO,2021,car,52577.296050922596,12,537
2023,CO,2021,pickup,59674.629159308046,31,537
2023,CO,2021,cuv,36374.68452878893,21,537
2023,CO,2022,pickup,61505.15912784328,2190,537
2023,CO,2022,cuv,39827.314542682936,2089,537
2023,CO,2022,minivan,68706.28351683985,41,537
2023,CO,2022,suv,63392.783060821974,852,537
2023,CO,2022,car,40710.29812105136,923,537
2023,CO,2023,pickup,58229.00982835821,26205,537
2023,CO,2023,car,38804.60264394495,13638,537
2023,CO,2023,cuv,45197.939086308514,58887,537
2023,CO,2023,minivan,51401.99821511446,1252,537
2023,CO,2023,suv,68745.21088145507,15474,537
2023,CO,2024,car,39356.83942860352,5827,537
2023,CO,2024,cuv,44702.407247105875,17938,537
2023,CO,2024,minivan,47995.275920527776,638,537
2023,CO,2024,pickup,63405.34303776569,3737,537
2023,CO,2024,suv,79704.5396274812,1615,537
2023,CT,2021,cuv,39623.329846864624,46,556
2023,CT,2021,pickup,53805.650349232645,7,556
2023,CT,2021,minivan,85439.52101322256,4,556
2023,CT,2021,suv,68305.89275631441,10,556
2023,CT,2021,car,42644.77012718521,19,556
2023,CT,2022,pickup,58677.880239439175,1685,556
2023,CT,2022,car,40084.93829982941,875,556
2023,CT,2022,cuv,40520.9930118738,2456,556
2023,CT,2022,minivan,55884.90868205247,44,556
2023,CT,2022,suv,56821.16260764223,1025,556
2023,CT,2023,pickup,54602.766502617844,10745,556
2023,CT,2023,car,37934.382589945664,18712,556
2023,CT,2023,cuv,44512.84813051039,48721,556
2023,CT,2023,minivan,50389.41797358574,1590,556
2023,CT,2023,suv,69435.6791400702,8357,556
2023,CT,2024,car,37189.64644506908,5863,556
2023,CT,2024,suv,81533.17783393471,976,556
2023,CT,2024,cuv,45147.869394668865,15957,556
2023,CT,2024,minivan,46557.34575714888,760,556
2023,CT,2024,pickup,61571.58105065195,1641,556
2023,DE,2021,suv,48124.75001453369,5,449
2023,DE,2021,cuv,48399.3694407971,7,449
2023,DE,2021,pickup,72350.312653898,3,449
2023,DE,2022,pickup,58900.47791207296,566,449
2023,DE,2022,cuv,38477.47499623331,536,449
2023,DE,2022,car,40658.24418242592,181,449
2023,DE,2022,suv,55903.53885972632,215,449
2023,DE,2022,minivan,49032.98379235857,18,449
2023,DE,2023,pickup,56514.8514462258,3094,449
2023,DE,2023,car,36770.64720208913,3976,449
2023,DE,2023,cuv,42476.96436765527,10144,449
2023,DE,2023,minivan,48550.310873954644,311,449
2023,DE,2023,suv,70777.80902774108,2548,449
2023,DE,2024,car,37858.715406793286,1348,449
2023,DE,2024,minivan,46484.50673095651,130,449
2023,DE,2024,suv,78563.20886465811,234,449
2023,DE,2024,pickup,59060.76171992559,623,449
2023,DE,2024,cuv,41069.64744858282,3733,449
2023,FL,2021,minivan,71583.1080361402,9,650
2023,FL,2021,suv,55268.25733811852,59,650
2023,FL,2021,pickup,52690.309694861055,92,650
2023,FL,2021,car,40917.61351707528,114,650
2023,FL,2021,cuv,37850.819267803425,157,650
2023,FL,2022,pickup,55395.48120673472,12785,650
2023,FL,2022,car,39740.14343794848,7880,650
2023,FL,2022,cuv,38237.4071988584,12442,650
2023,FL,2022,minivan,53548.62305143811,428,650
2023,FL,2022,suv,59436.43973046743,4680,650
2023,FL,2023,pickup,53395.550792272166,120509,650
2023,FL,2023,car,35930.562354623245,184307,650
2023,FL,2023,cuv,42033.20355502888,338035,650
2023,FL,2023,minivan,48087.655148411926,11506,650
2023,FL,2023,suv,70416.38572374234,68551,650
2023,FL,2024,car,34186.62924977135,78427,650
2023,FL,2024,suv,77818.6038127784,8584,650
2023,FL,2024,cuv,43362.20943823415,116367,650
2023,FL,2024,minivan,45890.32347374199,5283,650
2023,FL,2024,pickup,59509.24376795705,17277,650
2023,GA,2021,car,40350.757247240595,30,598
2023,GA,2021,suv,60241.78361316018,25,598
2023,GA,2021,pickup,58221.914534991745,32,598
2023,GA,2021,cuv,38208.26323819102,87,598
2023,GA,2021,minivan,63613.08309528523,3,598
2023,GA,2022,pickup,57847.997806612475,5953,598
2023,GA,2022,cuv,38710.025016089276,4317,598
2023,GA,2022,minivan,65496.693398152434,252,598
2023,GA,2022,car,41208.48296896559,2770,598
2023,GA,2022,suv,59269.226336607746,2191,598
2023,GA,2023,pickup,56001.02931325386,52408,598
2023,GA,2023,car,36252.11158461165,59858,598
2023,GA,2023,cuv,43154.11119322681,106180,598
2023,GA,2023,minivan,50327.73599677875,4638,598
2023,GA,2023,suv,69958.32699687805,30647,598
2023,GA,2024,car,34783.585961710174,24909,598
2023,GA,2024,suv,78578.8926920547,3051,598
2023,GA,2024,cuv,45114.74975864811,34811,598
2023,GA,2024,minivan,46421.33493732187,2143,598
2023,GA,2024,pickup,62643.953825418226,6745,598
2023,HI,2021,cuv,39673.05343782883,10,458
2023,HI,2021,suv,61998.92803793479,3,458
2023,HI,2021,car,43921.34364674216,4,458
2023,HI,2021,pickup,58344.037847313215,5,458
2023,HI,2022,car,37238.38869152383,440,458
2023,HI,2022,cuv,44146.527730722744,602,458
2023,HI,2022,minivan,56874.16080172466,21,458
2023,HI,2022,suv,59595.64762968348,246,458
2023,HI,2022,pickup,54372.72210503691,612,458
2023,HI,2023,car,36105.62616323711,5117,458
2023,HI,2023,pickup,48234.90251248008,4588,458
2023,HI,2023,cuv,42869.74621773274,9398,458
2023,HI,2023,minivan,48585.36817705461,439,458
2023,HI,2023,suv,56167.125550873294,2366,458
2023,HI,2024,car,33501.34595701238,1502,458
2023,HI,2024,cuv,41301.72371113128,2708,458
2023,HI,2024,minivan,46501.326395843156,202,458
2023,HI,2024,pickup,51708.00420204342,190,458
2023,HI,2024,suv,61138.64374441456,151,458
2023,IA,2021,suv,53886.309432082,7,486
2023,IA,2021,pickup,62608.366427060995,9,486
2023,IA,2021,cuv,35261.3114259644,16,486
2023,IA,2021,car,34070.19852130345,2,486
2023,IA,2022,pickup,59858.79239486506,2390,486
2023,IA,2022,cuv,38228.38848440695,1845,486
2023,IA,2022,minivan,51747.96974747603,90,486
2023,IA,2022,suv,58025.95220866548,766,486
2023,IA,2022,car,45439.46146569822,415,486
2023,IA,2023,pickup,60282.89291845646,17657,486
2023,IA,2023,car,37879.19333025415,6729,486
2023,IA,2023,cuv,43282.51905512931,29384,486
2023,IA,2023,minivan,49857.892897129976,1963,486
2023,IA,2023,suv,67304.57083756373,8936,486
2023,IA,2024,pickup,63612.78635924168,3542,486
2023,IA,2024,suv,76634.4856845037,851,486
2023,IA,2024,car,37148.33920050753,2819,486
2023,IA,2024,cuv,42223.4046068765,10370,486
2023,IA,2024,minivan,48900.34698324437,579,486
2023,ID,2021,car,36445.806308987885,2,450
2023,ID,2021,cuv,39264.077536684774,6,450
2023,ID,2021,suv,86717.62826501808,1,450
2023,ID,2022,pickup,58813.38140249566,1173,450
2023,ID,2022,car,41493.87713546274,309,450
2023,ID,2022,cuv,39232.45379524692,731,450
2023,ID,2022,minivan,52685.080986356,16,450
2023,ID,2022,suv,59349.122792867085,341,450
2023,ID,2023,pickup,57471.69709967944,10732,450
2023,ID,2023,car,36155.840613017346,4322,450
2023,ID,2023,cuv,43340.61210709034,14920,450
2023,ID,2023,minivan,50859.67021763945,326,450
2023,ID,2023,suv,66564.72814504511,4917,450
2023,ID,2024,car,36967.48811827317,1935,450
2023,ID,2024,cuv,42100.09322409399,4474,450
2023,ID,2024,minivan,48015.16759627936,192,450
2023,ID,2024,pickup,63440.64893058616,1689,450
2023,ID,2024,suv,73625.22438200934,494,450
2023,IL,2021,minivan,43497.12753052481,2,626
2023,IL,2021,car,43727.44581885448,68,626
2023,IL,2021,suv,70541.54576619601,61,626
2023,IL,2021,pickup,70745.99160554646,75,626
2023,IL,2021,cuv,42690.24638265702,120,626
2023,IL,2022,pickup,59842.27738726772,5659,626
2023,IL,2022,car,41143.287657216766,2530,626
2023,IL,2022,cuv,38365.95346395803,6223,626
2023,IL,2022,minivan,50082.24774223549,225,626
2023,IL,2022,suv,57934.21260351801,2814,626
2023,IL,2023,pickup,56848.68101167179,35748,626
2023,IL,2023,car,37375.02799299091,49100,626
2023,IL,2023,cuv,43127.82091451296,139377,626
2023,IL,2023,minivan,49317.59126098725,7042,626
2023,IL,2023,suv,68754.82104944203,28283,626
2023,IL,2024,car,37060.02360138073,19372,626
2023,IL,2024,suv,80724.33476354525,3557,626
2023,IL,2024,cuv,43456.913333481025,53122,626
2023,IL,2024,minivan,46895.42116386408,3004,626
2023,IL,2024,pickup,62035.47693718407,6460,626
2023,IN,2021,minivan,56207.74986712859,13,562
2023,IN,2021,suv,67190.80784830148,33,562
2023,IN,2021,pickup,52074.79428296566,44,562
2023,IN,2021,cuv,36864.59423244227,242,562
2023,IN,2021,car,37119.8858040283,141,562
2023,IN,2022,pickup,58110.211637168235,3264,562
2023,IN,2022,cuv,37423.56737898904,3478,562
2023,IN,2022,minivan,62013.165691154514,171,562
2023,IN,2022,car,41785.3888050321,1120,562
2023,IN,2022,suv,56805.955061334644,1378,562
2023,IN,2023,pickup,57150.76377885606,24879,562
2023,IN,2023,car,37158.42115981416,20053,562
2023,IN,2023,cuv,42265.33180570357,57357,562
2023,IN,2023,minivan,50848.21664268434,3597,562
2023,IN,2023,suv,66778.09549016821,16498,562
2023,IN,2024,car,36757.87073121813,7891,562
2023,IN,2024,suv,75438.51079372663,1477,562
2023,IN,2024,cuv,41221.045964203484,21938,562
2023,IN,2024,minivan,46957.54264859802,1453,562
2023,IN,2024,pickup,61630.09572645277,4386,562
2023,KS,2021,pickup,55883.945539977336,14,494
2023,KS,2021,suv,60187.39303315168,7,494
2023,KS,2021,cuv,40740.884419800284,24,494
2023,KS,2021,car,32655.06368625639,4,494
2023,KS,2022,pickup,60652.85745812585,1358,494
2023,KS,2022,cuv,37807.89585436183,1146,494
2023,KS,2022,minivan,53161.53359068852,28,494
2023,KS,2022,car,40399.37075805008,484,494
2023,KS,2022,suv,58359.026781662316,567,494
2023,KS,2023,pickup,58308.84922407285,11703,494
2023,KS,2023,car,35954.0923342024,8210,494
2023,KS,2023,cuv,42216.445948925044,21178,494
2023,KS,2023,minivan,49124.631389106915,955,494
2023,KS,2023,suv,70103.22584154093,6450,494
2023,KS,2024,car,35351.95728440787,3192,494
2023,KS,2024,cuv,42037.547601660335,6812,494
2023,KS,2024,minivan,46391.30264743843,457,494
2023,KS,2024,pickup,61370.17775672335,1926,494
2023,KS,2024,suv,81750.12114149597,568,494
2023,KY,2021,suv,68891.08259683315,7,510
2023,KY,2021,car,33247.12541543767,7,510
2023,KY,2021,cuv,32792.05042786403,14,510
2023,KY,2021,pickup,50728.89082768752,4,510
2023,KY,2021,minivan,88918.57318581408,1,510
2023,KY,2022,pickup,58820.93891207286,2015,510
2023,KY,2022,cuv,36307.3839761941,2513,510
2023,KY,2022,minivan,71172.71227034782,104,510
2023,KY,2022,suv,55655.33696916968,830,510
2023,KY,2022,car,41267.206284190426,860,510
2023,KY,2023,pickup,56481.068089510205,18632,510
2023,KY,2023,car,37701.67318920303,16471,510
2023,KY,2023,cuv,42265.99831371634,39078,510
2023,KY,2023,minivan,51950.10804895362,2294,510
2023,KY,2023,suv,65277.52000586917,12324,510
2023,KY,2024,car,35527.02746035889,6551,510
2023,KY,2024,cuv,41795.05315574209,14261,510
2023,KY,2024,minivan,48185.16711819729,1036,510
2023,KY,2024,suv,74424.2662404976,1122,510
2023,KY,2024,pickup,60543.62648017144,3283,510
2023,LA,2021,pickup,49131.62073980899,27,527
2023,LA,2021,suv,53546.37529339567,18,527
2023,LA,2021,cuv,40927.94107725596,26,527
2023,LA,2021,car,44883.15680152188,8,527
2023,LA,2021,minivan,41349.81107171386,2,527
2023,LA,2022,pickup,58036.882553719704,3286,527
2023,LA,2022,car,35828.457274236986,1343,527
2023,LA,2022,cuv,36300.68396422655,2076,527
2023,LA,2022,minivan,49429.307478290146,23,527
2023,LA,2022,suv,59534.51965811527,1062,527
2023,LA,2023,pickup,57181.81845580359,26978,527
2023,LA,2023,car,36115.99970314414,18629,527
2023,LA,2023,cuv,41874.1184577503,38938,527
2023,LA,2023,minivan,47562.769541606176,1146,527
2023,LA,2023,suv,69573.83819865309,15888,527
2023,LA,2024,suv,76444.95300175984,1476,527
2023,LA,2024,car,35437.6659849509,6130,527
2023,LA,2024,cuv,42276.68632256777,12126,527
2023,LA,2024,minivan,46260.36028693638,531,527
2023,LA,2024,pickup,60484.481350037895,4146,527
2023,MA,2021,suv,65690.67616561658,17,563
2023,MA,2021,pickup,62386.163459781426,21,563
2023,MA,2021,car,55372.25391250781,12,563
2023,MA,2021,minivan,35420.257573159535,2,563
2023,MA,2021,cuv,40399.35486597811,32,563
2023,MA,2022,car,38541.5340475008,1620,563
2023,MA,2022,pickup,58044.11195199485,3699,563
2023,MA,2022,cuv,38923.446417844396,3891,563
2023,MA,2022,minivan,55980.99206717286,60,563
2023,MA,2022,suv,57314.998074610776,1665,563
2023,MA,2023,pickup,54696.17455861453,26688,563
2023,MA,2023,car,36392.09601475381,31079,563
2023,MA,2023,cuv,43210.99644428451,95860,563
2023,MA,2023,minivan,51114.18752365577,2229,563
2023,MA,2023,suv,67787.38643467352,18635,563
2023,MA,2024,car,35879.35943007073,14733,563
2023,MA,2024,pickup,61200.860928036906,3817,563
2023,MA,2024,suv,77647.240759903,2011,563
2023,MA,2024,cuv,43013.63472727232,35407,563
2023,MA,2024,minivan,48114.055684955805,1073,563
2023,MD,2021,pickup,54149.27079025323,23,564
2023,MD,2021,car,31986.380652961514,94,564
2023,MD,2021,cuv,37118.08973897907,117,564
2023,MD,2021,suv,63247.58885117183,18,564
2023,MD,2022,car,38129.81309421087,1888,564
2023,MD,2022,cuv,38718.65153852072,2861,564
2023,MD,2022,minivan,52548.604083812126,69,564
2023,MD,2022,suv,59474.264674133716,1374,564
2023,MD,2022,pickup,58733.89441147348,2827,564
2023,MD,2023,pickup,53580.48577913971,23067,564
2023,MD,2023,car,36719.83278821702,34590,564
2023,MD,2023,cuv,43910.78111722002,79054,564
2023,MD,2023,minivan,50025.69142097561,3931,564
2023,MD,2023,suv,66396.76345298965,16276,564
2023,MD,2024,car,36125.67346659957,14043,564
2023,MD,2024,suv,75442.41077092149,1521,564
2023,MD,2024,cuv,44672.67388001508,27870,564
2023,MD,2024,minivan,47174.71497668623,1772,564
2023,MD,2024,pickup,59246.33611187685,2649,564
2023,ME,2021,cuv,44459.28711427833,12,443
2023,ME,2021,suv,60500.869389463856,3,443
2023,ME,2021,car,47889.03332553397,1,443
2023,ME,2021,pickup,50309.981405794286,1,443
2023,ME,2022,pickup,59054.649395436165,1572,443
2023,ME,2022,cuv,37696.39271092144,1055,443
2023,ME,2022,minivan,50270.121835784885,23,443
2023,ME,2022,suv,54666.989025882234,464,443
2023,ME,2022,car,39928.8398582714,189,443
2023,ME,2023,pickup,55257.42942075562,9725,443
2023,ME,2023,car,35124.51083281957,3760,443
2023,ME,2023,cuv,41483.71975250736,15135,443
2023,ME,2023,minivan,50341.837557966544,373,443
2023,ME,2023,suv,65563.0199688638,3401,443
2023,ME,2024,cuv,40218.11024741814,4413,443
2023,ME,2024,minivan,48414.53469243084,108,443
2023,ME,2024,pickup,61040.202769350966,1864,443
2023,ME,2024,suv,73231.02660216085,302,443
2023,ME,2024,car,36036.326024348105,1275,443
2023,MI,2021,minivan,57360.39546844434,3,587
2023,MI,2021,suv,55961.45835426193,28,587
2023,MI,2021,car,42666.691336839656,28,587
2023,MI,2021,pickup,53849.39031125137,42,587
2023,MI,2021,cuv,39974.92147026569,69,587
2023,MI,2022,pickup,56256.63196777082,8113,587
2023,MI,2022,car,41493.17022885382,2341,587
2023,MI,2022,cuv,36282.96881126645,12230,587
2023,MI,2022,minivan,53223.37894423884,332,587
2023,MI,2022,suv,57208.6246025282,4049,587
2023,MI,2023,pickup,56899.75241418719,74283,587
2023,MI,2023,car,39985.37543881383,32967,587
2023,MI,2023,cuv,40986.5004162783,155472,587
2023,MI,2023,minivan,48816.35744549572,5436,587
2023,MI,2023,suv,62299.62578512154,51484,587
2023,MI,2024,car,37967.36263391712,14687,587
2023,MI,2024,pickup,58791.56874419747,13280,587
2023,MI,2024,suv,66481.23435174335,4555,587
2023,MI,2024,cuv,38746.34834569614,63662,587
2023,MI,2024,minivan,46128.87876907162,1647,587
2023,MN,2021,suv,49877.20472138314,8,529
2023,MN,2021,cuv,59625.96667757922,30,529
2023,MN,2021,minivan,42139.16380318882,1,529
2023,MN,2021,pickup,56855.08359985252,13,529
2023,MN,2021,car,47655.26853543128,6,529
2023,MN,2022,pickup,57871.312727136174,3821,529
2023,MN,2022,car,38363.2391284264,792,529
2023,MN,2022,cuv,38880.272028296786,2732,529
2023,MN,2022,minivan,54824.20145525843,122,529
2023,MN,2022,suv,57554.44170868363,1289,529
2023,MN,2023,pickup,59297.817533938716,26519,529
2023,MN,2023,car,37988.361655608496,14208,529
2023,MN,2023,cuv,42344.97152760503,65938,529
2023,MN,2023,minivan,50642.23624262733,2868,529
2023,MN,2023,suv,67657.1474957195,14901,529
2023,MN,2024,suv,76087.60585159263,1503,529
2023,MN,2024,cuv,41834.712450939754,22911,529
2023,MN,2024,minivan,48183.7194820558,889,529
2023,MN,2024,pickup,63534.43012696122,5058,529
2023,MN,2024,car,37988.01774634555,6961,529
2023,MO,2021,car,51820.783191208706,10,531
2023,MO,2021,suv,70277.63063219686,9,531
2023,MO,2021,pickup,53156.43056260995,19,531
2023,MO,2021,cuv,35344.43420449926,28,531
2023,MO,2022,pickup,58514.315549844796,3119,531
2023,MO,2022,cuv,37110.3312725425,3204,531
2023,MO,2022,minivan,48464.153327827764,75,531
2023,MO,2022,suv,55977.722308682096,1452,531
2023,MO,2022,car,39408.25736636312,1163,531
2023,MO,2023,pickup,57384.8328260409,26479,531
2023,MO,2023,car,36905.36655825912,18888,531
2023,MO,2023,cuv,41798.64286644967,57803,531
2023,MO,2023,minivan,48622.37602115731,2602,531
2023,MO,2023,suv,68377.99900030668,15694,531
2023,MO,2024,pickup,60463.53088843201,5200,531
2023,MO,2024,car,36763.3271324321,6815,531
2023,MO,2024,suv,77493.4744633521,1513,531
2023,MO,2024,cuv,41965.83583273283,18709,531
2023,MO,2024,minivan,46301.54523506427,1083,531
2023,MS,2021,suv,49428.141619915405,31,470
2023,MS,2021,pickup,57192.26549842847,43,470
2023,MS,2021,cuv,31124.818310928913,17,470
2023,MS,2021,car,37789.02980188555,3,470
2023,MS,2021,minivan,52075.341837416854,2,470
2023,MS,2022,pickup,59435.40904498926,1209,470
2023,MS,2022,cuv,35476.974351340716,987,470
2023,MS,2022,minivan,50998.1485822206,17,470
2023,MS,2022,suv,58630.10873588093,494,470
2023,MS,2022,car,40305.65417048209,573,470
2023,MS,2023,pickup,57662.485825549906,13267,470
2023,MS,2023,car,33972.96583722975,11570,470
2023,MS,2023,cuv,41026.46452761871,20289,470
2023,MS,2023,minivan,48190.61009022389,703,470
2023,MS,2023,suv,68911.29920201292,6967,470
2023,MS,2024,suv,75928.01673913826,865,470
2023,MS,2024,cuv,42135.65838552013,6651,470
2023,MS,2024,minivan,46762.045957413604,376,470
2023,MS,2024,car,33540.251886650076,4098,470
2023,MS,2024,pickup,61758.500499292044,2041,470
2023,MT,2021,pickup,57695.8574469919,4,359
2023,MT,2021,car,41405.328826444216,1,359
2023,MT,2021,cuv,42989.970330005584,10,359
2023,MT,2021,suv,71746.35255569249,1,359
2023,MT,2022,pickup,60102.24949157575,741,359
2023,MT,2022,cuv,39093.91231979091,642,359
2023,MT,2022,minivan,50524.41430038198,10,359
2023,MT,2022,suv,61232.124989509895,285,359
2023,MT,2022,car,39768.271154575326,147,359
2023,MT,2023,pickup,59411.21689477003,5990,359
2023,MT,2023,car,39670.46145745046,1692,359
2023,MT,2023,cuv,42781.33946570806,7338,359
2023,MT,2023,minivan,50151.260602461385,228,359
2023,MT,2023,suv,66615.69255978502,3331,359
2023,MT,2024,pickup,64569.0053815977,1120,359
2023,MT,2024,cuv,39475.27170494637,2186,359
2023,MT,2024,minivan,48463.256559069545,76,359
2023,MT,2024,suv,69572.63368430665,297,359
2023,MT,2024,car,39832.43756824654,814,359
2023,NC,2021,cuv,36583.49947356944,216,605
2023,NC,2021,suv,60454.84280739146,59,605
2023,NC,2021,pickup,51689.58078106227,185,605
2023,NC,2021,car,36246.934017330874,60,605
2023,NC,2021,minivan,53960.47000583013,9,605
2023,NC,2022,pickup,57972.65737777588,6419,605
2023,NC,2022,car,39262.027764285405,3592,605
2023,NC,2022,cuv,38500.372280961354,5041,605
2023,NC,2022,minivan,59126.6999109735,110,605
2023,NC,2022,suv,59988.86856409728,1961,605
2023,NC,2023,pickup,54634.40192210739,58813,605
2023,NC,2023,car,37350.518840519966,65211,605
2023,NC,2023,cuv,44133.6045746494,129310,605
2023,NC,2023,minivan,49468.419047122276,6003,605
2023,NC,2023,suv,69499.53146927661,32500,605
2023,NC,2024,pickup,61872.0092655507,8301,605
2023,NC,2024,car,35886.80582337322,28792,605
2023,NC,2024,suv,80099.7334884499,4126,605
2023,NC,2024,cuv,45538.118900955116,46511,605
2023,NC,2024,minivan,46777.902009007696,2928,605
2023,ND,2021,suv,58155.46157901376,4,359
2023,ND,2021,pickup,50240.69499902101,4,359
2023,ND,2021,cuv,37071.24196346054,12,359
2023,ND,2021,car,75806.96971243167,3,359
2023,ND,2022,pickup,60649.71818206666,1160,359
2023,ND,2022,minivan,53296.907656632815,10,359
2023,ND,2022,suv,59561.71950266559,358,359
2023,ND,2022,car,38821.467402883354,135,359
2023,ND,2022,cuv,38963.747842431185,595,359
2023,ND,2023,pickup,61397.875159726005,9262,359
2023,ND,2023,car,38091.937426957236,1585,359
2023,ND,2023,cuv,42861.57194828361,9585,359
2023,ND,2023,minivan,51010.47139193562,337,359
2023,ND,2023,suv,67665.99657585926,4054,359
2023,ND,2024,suv,74963.02314174564,395,359
2023,ND,2024,cuv,42243.25531941364,2974,359
2023,ND,2024,minivan,48123.31910133716,117,359
2023,ND,2024,pickup,66230.26037832345,1824,359
2023,ND,2024,car,37220.82961528688,604,359
2023,NE,2021,cuv,44936.57357874614,5,468
2023,NE,2021,suv,50771.052245956525,2,468
2023,NE,2021,pickup,48478.35513253334,1,468
2023,NE,2022,pickup,59140.372992398356,1178,468
2023,NE,2022,car,44387.962809447556,286,468
2023,NE,2022,cuv,37681.6113039594,1149,468
2023,NE,2022,minivan,50197.775650782816,43,468
2023,NE,2022,suv,56114.36052847956,630,468
2023,NE,2023,pickup,60103.475225231006,12394,468
2023,NE,2023,car,38622.108020804255,5502,468
2023,NE,2023,cuv,43137.23636533519,21149,468
2023,NE,2023,minivan,49611.140015862125,923,468
2023,NE,2023,suv,67918.58729280804,7261,468
2023,NE,2024,car,37697.667383626416,2340,468
2023,NE,2024,suv,76736.72729894995,693,468
2023,NE,2024,cuv,42246.15410870324,6960,468
2023,NE,2024,minivan,48116.7610843021,328,468
2023,NE,2024,pickup,64188.76908737231,2290,468
2023,NH,2021,car,40707.80200889126,1,462
2023,NH,2021,cuv,40820.08884276922,3,462
2023,NH,2021,pickup,66181.45833333334,1,462
2023,NH,2021,suv,53047.72212553547,1,462
2023,NH,2022,pickup,58345.28482764602,1585,462
2023,NH,2022,cuv,37460.97186135978,1188,462
2023,NH,2022,minivan,50574.62758670366,18,462
2023,NH,2022,suv,54014.68704744914,485,462
2023,NH,2022,car,39613.29851760769,449,462
2023,NH,2023,pickup,54167.916182649875,12317,462
2023,NH,2023,car,36020.19737334291,8346,462
2023,NH,2023,cuv,41873.981434591464,25733,462
2023,NH,2023,minivan,50666.3203419016,616,462
2023,NH,2023,suv,65133.7508538837,4781,462
2023,NH,2024,car,36842.09884259273,2842,462
2023,NH,2024,suv,68662.08303686026,560,462
2023,NH,2024,cuv,42147.49740800048,9133,462
2023,NH,2024,minivan,49198.645897274764,204,462
2023,NH,2024,pickup,60680.04781579677,2084,462
2023,NJ,2021,car,42036.73788904583,413,604
2023,NJ,2021,cuv,44151.41594317392,508,604
2023,NJ,2021,pickup,53701.748812795435,18,604
2023,NJ,2021,suv,49563.765517364045,19,604
2023,NJ,2021,minivan,46242.11778921683,1,604
2023,NJ,2022,pickup,58917.77294923411,3422,604
2023,NJ,2022,car,39285.121891136565,2679,604
2023,NJ,2022,cuv,41572.65576180979,7143,604
2023,NJ,2022,minivan,51920.43518613658,105,604
2023,NJ,2022,suv,59035.075457880615,3175,604
2023,NJ,2023,pickup,56654.2846832158,24913,604
2023,NJ,2023,car,39292.37402572886,54735,604
2023,NJ,2023,cuv,44956.415055618534,147016,604
2023,NJ,2023,minivan,50288.773129326444,4580,604
2023,NJ,2023,suv,69718.67029373546,29526,604
2023,NJ,2024,pickup,63036.10374535681,3665,604
2023,NJ,2024,car,38399.75739127125,19471,604
2023,NJ,2024,suv,79507.46156644383,3282,604
2023,NJ,2024,cuv,45193.25939110731,55360,604
2023,NJ,2024,minivan,47538.96283961221,2275,604
2023,NM,2021,pickup,70462.95697825307,3,479
2023,NM,2021,cuv,34824.39825560102,12,479
2023,NM,2021,suv,58034.31053474371,1,479
2023,NM,2021,car,43144.323141179935,5,479
2023,NM,2021,minivan,42638.22911722432,1,479
2023,NM,2022,pickup,59450.86628394969,1234,479
2023,NM,2022,cuv,37929.5449274005,815,479
2023,NM,2022,minivan,51793.721606824976,13,479
2023,NM,2022,suv,56732.871212679114,441,479
2023,NM,2022,car,40485.08440763482,417,479
2023,NM,2023,pickup,57158.7608794184,9103,479
2023,NM,2023,car,35785.792575427826,6727,479
2023,NM,2023,cuv,42143.7389855383,14301,479
2023,NM,2023,minivan,49644.833274669996,449,479
2023,NM,2023,suv,66723.28005467034,4278,479
2023,NM,2024,car,35937.09103335959,2322,479
2023,NM,2024,cuv,41240.23397821124,4038,479
2023,NM,2024,minivan,47832.11466814376,187,479
2023,NM,2024,pickup,61011.29042419789,1280,479
2023,NM,2024,suv,76544.27870442052,381,479
2023,NV,2021,pickup,51127.90716171132,7,501
2023,NV,2021,suv,71893.83220411043,10,501
2023,NV,2021,car,52756.00636109217,5,501
2023,NV,2021,cuv,36942.291522854364,4,501
2023,NV,2022,car,41768.18174089398,798,501
2023,NV,2022,pickup,56191.72207306473,1795,501
2023,NV,2022,cuv,38667.47904068109,1466,501
2023,NV,2022,minivan,52450.880266927656,28,501
2023,NV,2022,suv,59118.247312793756,586,501
2023,NV,2023,pickup,55858.987545988566,11917,501
2023,NV,2023,car,37554.421597026434,13381,501
2023,NV,2023,cuv,43583.31154229377,27692,501
2023,NV,2023,minivan,49511.43209824343,846,501
2023,NV,2023,suv,67420.50182550041,7415,501
2023,NV,2024,car,34494.94670987463,4904,501
2023,NV,2024,cuv,42841.36892822494,8874,501
2023,NV,2024,minivan,47840.28051032465,389,501
2023,NV,2024,pickup,61040.81019555612,1341,501
2023,NV,2024,suv,75363.09254793052,756,501
2023,NY,2021,minivan,49995.87818063984,2,617
2023,NY,2021,car,43221.426423317214,72,617
2023,NY,2021,suv,49811.319115285354,33,617
2023,NY,2021,pickup,56486.1097164202,37,617
2023,NY,2021,cuv,37606.57265887468,106,617
2023,NY,2022,pickup,58293.631072106604,8328,617
2023,NY,2022,car,38273.990948567356,4307,617
2023,NY,2022,cuv,38283.1487687105,14779,617
2023,NY,2022,minivan,50835.799924896324,303,617
2023,NY,2022,suv,57639.962051899485,6399,617
2023,NY,2023,pickup,55847.12650596672,56688,617
2023,NY,2023,car,37647.38346397456,79857,617
2023,NY,2023,cuv,43008.67104464989,255451,617
2023,NY,2023,minivan,50577.3352650456,8293,617
2023,NY,2023,suv,67280.83982197543,50176,617
2023,NY,2024,pickup,60848.695482861054,9871,617
2023,NY,2024,car,36950.06539372092,26693,617
2023,NY,2024,suv,77402.97558804117,5143,617
2023,NY,2024,cuv,42286.8036728645,89942,617
2023,NY,2024,minivan,47356.50947526415,3190,617
2023,OH,2021,car,40764.543490455355,30,593
2023,OH,2021,suv,67305.99278666651,24,593
2023,OH,2021,pickup,58157.645211001465,43,593
2023,OH,2021,cuv,33206.858141806704,78,593
2023,OH,2022,pickup,57409.280854869976,7292,593
2023,OH,2022,car,39612.77769073768,2776,593
2023,OH,2022,cuv,36698.20913084827,9950,593
2023,OH,2022,minivan,51303.42135466371,180,593
2023,OH,2022,suv,57031.82435768412,2825,593
2023,OH,2023,pickup,55022.09634371106,53582,593
2023,OH,2023,car,36085.02923788912,53209,593
2023,OH,2023,cuv,41462.69489062897,146388,593
2023,OH,2023,minivan,48393.1483609614,7299,593
2023,OH,2023,suv,65443.4719262644,32795,593
2023,OH,2024,pickup,60515.14500025766,10012,593
2023,OH,2024,car,35033.715338714326,22390,593
2023,OH,2024,suv,69791.94488824795,3601,593
2023,OH,2024,cuv,39816.58980057823,59855,593
2023,OH,2024,minivan,46533.611318842755,3474,593
2023,OK,2021,suv,71478.3295398327,12,513
2023,OK,2021,car,30435.92869884892,61,513
2023,OK,2021,pickup,49844.33078430201,26,513
2023,OK,2021,cuv,32127.172787419797,104,513
2023,OK,2022,pickup,58987.81208207428,2781,513
2023,OK,2022,cuv,34683.121992302425,1815,513
2023,OK,2022,minivan,55397.48252994269,37,513
2023,OK,2022,suv,57005.66706805594,1118,513
2023,OK,2022,car,41714.59851728151,738,513
2023,OK,2023,pickup,58436.72300488305,20326,513
2023,OK,2023,car,36646.5335000223,12954,513
2023,OK,2023,cuv,41751.797147113226,32506,513
2023,OK,2023,minivan,48180.51966370046,1066,513
2023,OK,2023,suv,70629.62865182865,12052,513
2023,OK,2024,car,34892.98400734009,4939,513
2023,OK,2024,suv,77508.52751219962,1228,513
2023,OK,2024,cuv,41889.173837349874,10543,513
2023,OK,2024,minivan,46864.2823292252,474,513
2023,OK,2024,pickup,60873.3754822882,3554,513
2023,OR,2021,car,33367.24844186688,7,541
2023,OR,2021,suv,70379.63716003252,8,541
2023,OR,2021,cuv,44522.02984754573,16,541
2023,OR,2021,pickup,56554.778272162555,5,541
2023,OR,2022,pickup,60581.54251145405,1897,541
2023,OR,2022,car,40158.8816626804,1346,541
2023,OR,2022,cuv,42566.313626986426,2423,541
2023,OR,2022,minivan,55265.45304302811,58,541
2023,OR,2022,suv,61792.10513137421,826,541
2023,OR,2023,pickup,54002.96551234363,22914,541
2023,OR,2023,car,38334.122696680424,24209,541
2023,OR,2023,cuv,46016.31460368172,60734,541
2023,OR,2023,minivan,50435.88167163633,2212,541
2023,OR,2023,suv,65008.0264382585,10607,541
2023,OR,2024,car,36617.610156335475,10766,541
2023,OR,2024,cuv,44731.31725719999,20436,541
2023,OR,2024,minivan,48195.5388190427,1043,541
2023,OR,2024,pickup,62652.88504129487,2512,541
2023,OR,2024,suv,79103.71880206723,1331,541
2023,PA,2021,car,37682.124007933344,48,605
2023,PA,2021,cuv,42041.62861305936,112,605
2023,PA,2021,suv,60741.44756573672,25,605
2023,PA,2021,pickup,48597.96341433045,42,605
2023,PA,2021,minivan,44765.19750318739,1,605
2023,PA,2022,pickup,58267.56818440651,7624,605
2023,PA,2022,car,40458.923360360066,2700,605
2023,PA,2022,cuv,37322.11248242169,9951,605
2023,PA,2022,minivan,50957.43165872739,153,605
2023,PA,2022,suv,56621.50124156975,3705,605
2023,PA,2023,pickup,54909.90142800321,54364,605
2023,PA,2023,car,36224.6808687173,54583,605
2023,PA,2023,cuv,41996.59468398351,159923,605
2023,PA,2023,minivan,49557.17082945262,4866,605
2023,PA,2023,suv,65851.18160377025,33075,605
2023,PA,2024,car,35607.92060804599,20455,605
2023,PA,2024,suv,75771.15309182949,3371,605
2023,PA,2024,cuv,41721.595743398204,55042,605
2023,PA,2024,minivan,46707.23317533459,2470,605
2023,PA,2024,pickup,60225.45615787505,7877,605
2023,RI,2021,car,47820.81745308537,5,425
2023,RI,2021,suv,46087.80916591674,1,425
2023,RI,2021,pickup,53107.604689604974,2,425
2023,RI,2021,cuv,53354.86791605623,1,425
2023,RI,2022,cuv,37085.7177645504,531,425
2023,RI,2022,car,41340.84414146625,111,425
2023,RI,2022,pickup,58047.77731903265,410,425
2023,RI,2022,suv,65292.28368844668,160,425
2023,RI,2022,minivan,51276.199430257,8,425
2023,RI,2023,cuv,43812.0634423752,9494,425
2023,RI,2023,minivan,52378.19399959112,165,425
2023,RI,2023,car,40563.728767417015,2845,425
2023,RI,2023,pickup,57857.35788740367,3042,425
2023,RI,2023,suv,65697.58092151537,3214,425
2023,RI,2024,suv,77652.74731779538,355,425
2023,RI,2024,cuv,44572.8702430445,2884,425
2023,RI,2024,minivan,46385.8748783028,37,425
2023,RI,2024,car,41125.500809966485,778,425
2023,RI,2024,pickup,63314.25549640846,527,425
2023,SC,2021,suv,74437.83568160995,2,503
2023,SC,2021,car,72303.97656845795,4,503
2023,SC,2021,cuv,35581.65089155404,12,503
2023,SC,2021,pickup,43807.03820211724,2,503
2023,SC,2021,minivan,54846.96597821333,1,503
2023,SC,2022,pickup,58064.94475874777,2687,503
2023,SC,2022,car,41802.860809170794,1206,503
2023,SC,2022,cuv,38217.84124759144,2057,503
2023,SC,2022,minivan,52389.79235871235,32,503
2023,SC,2022,suv,58274.07274388073,965,503
2023,SC,2023,pickup,55689.519156221584,22759,503
2023,SC,2023,car,35970.23426408747,20062,503
2023,SC,2023,cuv,42313.456699116316,44018,503
2023,SC,2023,minivan,49058.593834727326,1802,503
2023,SC,2023,suv,67850.02871875619,12771,503
2023,SC,2024,car,34466.1822789068,8821,503
2023,SC,2024,suv,75080.47236370336,1475,503
2023,SC,2024,cuv,43462.84696599118,15692,503
2023,SC,2024,minivan,46826.45942765325,887,503
2023,SC,2024,pickup,60758.281995259575,3396,503
2023,SD,2021,cuv,31918.480991424345,28,422
2023,SD,2021,pickup,49425.91664209916,27,422
2023,SD,2021,car,30725.670108906932,9,422
2023,SD,2021,suv,47229.99635947367,15,422
2023,SD,2022,pickup,59523.82025281773,825,422
2023,SD,2022,cuv,38698.8190831348,591,422
2023,SD,2022,minivan,51080.340744339694,45,422
2023,SD,2022,car,46504.56074633547,102,422
2023,SD,2022,suv,57227.73488681162,319,422
2023,SD,2023,pickup,62355.733607908514,6411,422
2023,SD,2023,car,39024.96139703169,1931,422
2023,SD,2023,cuv,43692.05693735204,8302,422
2023,SD,2023,minivan,49419.89048868569,323,422
2023,SD,2023,suv,68344.93077526084,3136,422
2023,SD,2024,cuv,42775.55577055049,2851,422
2023,SD,2024,minivan,48015.430212369974,100,422
2023,SD,2024,car,39466.053077158096,747,422
2023,SD,2024,pickup,65550.6112574302,1137,422
2023,SD,2024,suv,76157.20232712822,286,422
2023,TN,2021,car,30325.02519327644,28,532
2023,TN,2021,pickup,53237.05347349753,171,532
2023,TN,2021,suv,55197.922345037296,15,532
2023,TN,2021,cuv,37843.364889318684,23,532
2023,TN,2022,pickup,59230.68870659185,2946,532
2023,TN,2022,cuv,36582.72302447739,2818,532
2023,TN,2022,minivan,51388.43232329411,55,532
2023,TN,2022,suv,58235.57420206171,1286,532
2023,TN,2022,car,37625.83722842778,1696,532
2023,TN,2023,pickup,56144.346193496436,27521,532
2023,TN,2023,car,36592.10540163314,22153,532
2023,TN,2023,cuv,42025.2154584118,55553,532
2023,TN,2023,minivan,49336.692892166524,1793,532
2023,TN,2023,suv,70626.20041434716,17274,532
2023,TN,2024,car,36841.82935401702,8843,532
2023,TN,2024,suv,78445.10279932657,1688,532
2023,TN,2024,cuv,43327.578688541376,18780,532
2023,TN,2024,minivan,48077.76924445148,881,532
2023,TN,2024,pickup,61341.88372442535,4511,532
2023,TX,2021,car,35477.01260059462,129,667
2023,TX,2021,minivan,41139.973991109975,5,667
2023,TX,2021,pickup,45764.48688815542,207,667
2023,TX,2021,suv,62958.0692109179,71,667
2023,TX,2021,cuv,36665.138123228855,267,667
2023,TX,2022,pickup,57004.518678752065,21404,667
2023,TX,2022,car,39707.71208349705,7273,667
2023,TX,2022,cuv,37157.11719860855,14067,667
2023,TX,2022,minivan,49725.09141387957,208,667
2023,TX,2022,suv,59430.709332347724,7797,667
2023,TX,2023,pickup,57321.01520219836,191420,667
2023,TX,2023,car,38114.97178719406,137508,667
2023,TX,2023,cuv,42802.74255935354,308489,667
2023,TX,2023,minivan,48205.56070275376,8937,667
2023,TX,2023,suv,71909.67750730758,109612,667
2023,TX,2024,pickup,60727.57327526045,30578,667
2023,TX,2024,car,36665.87166642092,53037,667
2023,TX,2024,suv,80636.2546568502,11231,667
2023,TX,2024,cuv,43994.310247758876,108460,667
2023,TX,2024,minivan,46684.65411133392,4379,667
2023,UT,2021,suv,48036.416893046524,2,498
2023,UT,2021,pickup,60070.29343036503,13,498
2023,UT,2021,cuv,41645.4205278125,6,498
2023,UT,2021,car,30999.85239843052,7,498
2023,UT,2022,pickup,60338.82536206597,1515,498
2023,UT,2022,car,40923.74638818499,523,498
2023,UT,2022,cuv,40152.59403375889,1014,498
2023,UT,2022,minivan,53658.415350222516,40,498
2023,UT,2022,suv,60582.50264543874,402,498
2023,UT,2023,pickup,57445.12706419603,15553,498
2023,UT,2023,car,35540.01338937899,11972,498
2023,UT,2023,cuv,43629.038667772606,30988,498
2023,UT,2023,minivan,50876.47624155365,1346,498
2023,UT,2023,suv,69537.10229764614,8229,498
2023,UT,2024,pickup,62365.49798609095,1950,498
2023,UT,2024,car,35437.263822674635,4345,498
2023,UT,2024,cuv,44287.5771175327,10070,498
2023,UT,2024,minivan,47366.63964579384,645,498
2023,UT,2024,suv,82776.50821822895,920,498
2023,VA,2021,suv,52781.085498803695,25,568
2023,VA,2021,car,30653.88739245811,22,568
2023,VA,2021,cuv,34610.67998424361,42,568
2023,VA,2021,minivan,48010.18862048315,3,568
2023,VA,2021,pickup,54027.02666366413,14,568
2023,VA,2022,pickup,58541.83826977784,4173,568
2023,VA,2022,car,40259.85952252304,2328,568
2023,VA,2022,cuv,38118.667308328135,4152,568
2023,VA,2022,minivan,52345.9579828655,97,568
2023,VA,2022,suv,58102.727505805786,1792,568
2023,VA,2023,pickup,54093.861839284305,33003,568
2023,VA,2023,car,36802.9777891658,39226,568
2023,VA,2023,cuv,43667.3686407223,87868,568
2023,VA,2023,minivan,50825.40640077353,4437,568
2023,VA,2023,suv,67742.13285878397,20170,568
2023,VA,2024,pickup,60770.10432581668,4008,568
2023,VA,2024,car,35828.25867289815,15039,568
2023,VA,2024,suv,76476.83133970769,2191,568
2023,VA,2024,cuv,44092.34177251299,29049,568
2023,VA,2024,minivan,48648.52061189152,2130,568
2023,VT,2021,suv,83713.43220262782,6,458
2023,VT,2021,cuv,47359.26741899951,29,458
2023,VT,2021,pickup,58402.59865599239,6,458
2023,VT,2021,car,33092.16524682582,6,458
2023,VT,2022,pickup,56002.01849552052,1036,458
2023,VT,2022,car,33859.89709658338,520,458
2023,VT,2022,cuv,40270.535805133695,1582,458
2023,VT,2022,suv,51604.31776519341,444,458
2023,VT,2022,minivan,45076.096513856704,26,458
2023,VT,2023,pickup,53732.848792077166,8555,458
2023,VT,2023,car,35062.63623123455,3143,458
2023,VT,2023,cuv,41053.79292440217,11953,458
2023,VT,2023,minivan,49864.96430677804,295,458
2023,VT,2023,suv,62207.777590535094,2166,458
2023,VT,2024,car,35764.62413880311,1154,458
2023,VT,2024,cuv,39608.049904874846,3418,458
2023,VT,2024,minivan,50486.73653328668,79,458
2023,VT,2024,suv,67446.8782132331,201,458
2023,VT,2024,pickup,60238.011937318595,1130,458
2023,WA,2021,suv,56092.70409792658,12,561
2023,WA,2021,car,35923.67852831782,21,561
2023,WA,2021,cuv,38612.560806537185,46,561
2023,WA,2021,minivan,84075.96704491596,8,561
2023,WA,2021,pickup,53188.5225871784,25,561
2023,WA,2022,pickup,57786.62414713008,3043,561
2023,WA,2022,cuv,41018.92285647944,3364,561
2023,WA,2022,minivan,59910.3462823757,94,561
2023,WA,2022,suv,59761.80938799423,1198,561
2023,WA,2022,car,39639.07778029391,1825,561
2023,WA,2023,pickup,54248.91781812684,31947,561
2023,WA,2023,car,37632.63315919462,36122,561
2023,WA,2023,cuv,45060.197945730564,90919,561
2023,WA,2023,minivan,51051.188661228975,3602,561
2023,WA,2023,suv,67867.36468191462,15403,561
2023,WA,2024,car,37354.70018237353,15202,561
2023,WA,2024,suv,85853.63858467636,2049,561
2023,WA,2024,cuv,44151.262817967174,30755,561
2023,WA,2024,minivan,49011.11866237396,1341,561
2023,WA,2024,pickup,63105.01377815893,3398,561
2023,WI,2021,minivan,45416.98762321323,15,543
2023,WI,2021,car,29171.81753164607,55,543
2023,WI,2021,pickup,58065.699680176316,31,543
2023,WI,2021,suv,61740.89518938506,14,543
2023,WI,2021,cuv,34676.45846462037,50,543
2023,WI,2022,pickup,59779.58070680337,4162,543
2023,WI,2022,cuv,38508.39578430954,2984,543
2023,WI,2022,minivan,51943.08440624667,191,543
2023,WI,2022,car,43051.104427328704,745,543
2023,WI,2022,suv,57523.78489998844,1374,543
2023,WI,2023,pickup,58475.90153913136,26493,543
2023,WI,2023,car,36691.76511868632,15453,543
2023,WI,2023,cuv,42038.767789919606,57906,543
2023,WI,2023,minivan,49872.617388551815,3632,543
2023,WI,2023,suv,66380.6879061137,14382,543
2023,WI,2024,pickup,62317.214900693456,5201,543
2023,WI,2024,car,37052.7449940077,7039,543
2023,WI,2024,suv,74375.54274239857,1288,543
2023,WI,2024,cuv,40529.05694837893,21712,543
2023,WI,2024,minivan,47402.44556842947,940,543
2023,WV,2021,suv,62592.003003619284,3,445
2023,WV,2021,car,42242.72095543156,5,445
2023,WV,2021,cuv,40602.77095502576,13,445
2023,WV,2021,pickup,58200.25474005587,10,445
2023,WV,2022,pickup,58679.19295692087,1228,445
2023,WV,2022,cuv,35714.75455156942,1345,445
2023,WV,2022,suv,56355.476280196584,466,445
2023,WV,2022,car,39230.78850157853,362,445
2023,WV,2022,minivan,51743.13305561867,23,445
2023,WV,2023,pickup,53706.80725241799,10757,445
2023,WV,2023,car,34408.86355821323,6796,445
2023,WV,2023,cuv,40801.4372509197,19081,445
2023,WV,2023,minivan,49939.95001570017,727,445
2023,WV,2023,suv,65055.99747737401,4912,445
2023,WV,2024,suv,72003.40941493578,435,445
2023,WV,2024,cuv,38986.17621842976,5927,445
2023,WV,2024,minivan,47983.46096721624,316,445
2023,WV,2024,pickup,58731.75002731053,1622,445
2023,WV,2024,car,35020.74067430898,2630,445
2023,WY,2021,cuv,34573.50750945845,6,296
2023,WY,2021,suv,58732.84551016439,2,296
2023,WY,2021,pickup,65990.31489873127,8,296
2023,WY,2022,suv,58863.75664711177,146,296
2023,WY,2022,car,39384.1701561757,75,296
2023,WY,2022,pickup,62516.23444905147,391,296
2023,WY,2022,cuv,38034.845720860845,258,296
2023,WY,2022,minivan,56426.51745660626,2,296
2023,WY,2023,pickup,58232.88285080184,3973,296
2023,WY,2023,cuv,41543.723569643444,3637,296
2023,WY,2023,minivan,52394.52000349604,164,296
2023,WY,2023,suv,64209.18663899248,2048,296
2023,WY,2023,car,37396.85856180394,905,296
2023,WY,2024,suv,71832.36254072365,194,296
2023,WY,2024,minivan,53510.19164876041,56,296
2023,WY,2024,car,37099.872569717816,327,296
2023,WY,2024,pickup,65887.3611430435,638,296
2023,WY,2024,cuv,39891.55891398612,755,296
2024,AK,2022,cuv,50570.14719357234,1,347
2024,AK,2022,pickup,49049.08375385884,1,347
2024,AK,2022,suv,68609.47111447052,3,347
2024,AK,2023,pickup,57636.10214767016,362,347
2024,AK,2023,car,42009.42763375314,121,347
2024,AK,2023,cuv,40939.59700375804,418,347
2024,AK,2023,suv,61312.03125501989,136,347
2024,AK,2023,minivan,53188.919995335236,17,347
2024,AK,2024,pickup,57924.43702053338,3210,347
2024,AK,2024,car,37604.06365181016,711,347
2024,AK,2024,suv,63329.02002720688,922,347
2024,AK,2024,cuv,39986.334261382886,4229,347
2024,AK,2024,minivan,47388.434126536835,88,347
2024,AK,2025,car,39491.064569370574,419,347
2024,AK,2025,suv,61452.709213684684,97,347
2024,AK,2025,pickup,64322.08260562095,262,347
2024,AK,2025,cuv,40694.237419989055,944,347
2024,AK,2025,minivan,49787.428762156436,8,347
2024,AL,2022,suv,63325.73228070516,21,530
2024,AL,2022,pickup,52285.8853203993,24,530
2024,AL,2022,car,49619.41401120946,18,530
2024,AL,2022,cuv,50819.22988574087,9,530
2024,AL,2023,pickup,56245.15634990801,4452,530
2024,AL,2023,car,42331.1111058383,2039,530
2024,AL,2023,cuv,39659.17416507483,3554,530
2024,AL,2023,minivan,46781.58233051731,64,530
2024,AL,2023,suv,56412.94091171303,1802,530
2024,AL,2024,pickup,53953.601953631915,33799,530
2024,AL,2024,car,31898.31451556521,26288,530
2024,AL,2024,suv,66637.12485677653,15000,530
2024,AL,2024,cuv,40662.29705087603,48837,530
2024,AL,2024,minivan,47538.95848965046,2078,530
2024,AL,2025,pickup,60139.3034025001,3603,530
2024,AL,2025,car,33711.960516274674,10718,530
2024,AL,2025,cuv,40947.20751615347,12867,530
2024,AL,2025,minivan,49188.67497864201,934,530
2024,AL,2025,suv,72942.22158015383,2381,530
2024,AR,2022,pickup,67319.04592141544,17,472
2024,AR,2022,cuv,32461.18641671945,10,472
2024,AR,2022,suv,59100.07566498785,7,472
2024,AR,2022,car,36520.59232695952,7,472
2024,AR,2023,pickup,57603.489566942575,2377,472
2024,AR,2023,car,44176.14150860426,1330,472
2024,AR,2023,cuv,39761.9645580473,2304,472
2024,AR,2023,minivan,48564.32485691282,40,472
2024,AR,2023,suv,59358.09032661293,891,472
2024,AR,2024,pickup,56607.09604125799,21445,472
2024,AR,2024,car,32061.037985388935,11143,472
2024,AR,2024,cuv,40065.31781064066,28507,472
2024,AR,2024,minivan,47296.81983223045,911,472
2024,AR,2024,suv,70066.1590221265,10460,472
2024,AR,2025,pickup,61687.64955495727,2351,472
2024,AR,2025,cuv,38825.15522405942,8983,472
2024,AR,2025,minivan,49106.2911776809,426,472
2024,AR,2025,suv,77584.26435622218,1423,472
2024,AR,2025,car,34551.674073839735,3956,472
2024,AZ,2022,suv,59445.44129645787,20,544
2024,AZ,2022,pickup,55266.39590097803,38,544
2024,AZ,2022,cuv,53669.93819420271,16,544
2024,AZ,2022,car,49611.28785082567,5,544
2024,AZ,2023,car,43974.48816496106,2989,544
2024,AZ,2023,pickup,57173.18262439369,4160,544
2024,AZ,2023,cuv,41163.094709232035,5827,544
2024,AZ,2023,minivan,49558.78000140966,91,544
2024,AZ,2023,suv,60326.1625087426,2051,544
2024,AZ,2024,pickup,53275.02161762712,38495,544
2024,AZ,2024,car,33394.981613945,31498,544
2024,AZ,2024,suv,69202.9300133882,15689,544
2024,AZ,2024,cuv,41249.28013737137,66497,544
2024,AZ,2024,minivan,45951.65461720702,2379,544
2024,AZ,2025,car,34650.551252466685,11593,544
2024,AZ,2025,pickup,57767.06165211686,4540,544
2024,AZ,2025,cuv,41017.804139146116,18343,544
2024,AZ,2025,minivan,48344.25143225929,1259,544
2024,AZ,2025,suv,80324.46401264946,2569,544
2024,CA,2022,car,51685.44906149329,123,652
2024,CA,2022,cuv,48080.04656981507,122,652
2024,CA,2022,suv,57063.353849567204,144,652
2024,CA,2022,pickup,54960.62236473562,413,652
2024,CA,2022,minivan,47723.94752060682,10,652
2024,CA,2023,pickup,57196.17969245679,13873,652
2024,CA,2023,car,44873.47472628023,14146,652
2024,CA,2023,cuv,47682.55090394901,33851,652
2024,CA,2023,minivan,51977.35612493739,1302,652
2024,CA,2023,suv,60597.62720507616,9480,652
2024,CA,2024,pickup,53026.47111000145,150119,652
2024,CA,2024,car,36336.2841049755,230387,652
2024,CA,2024,suv,74729.04300303214,53929,652
2024,CA,2024,cuv,45354.20948065141,411758,652
2024,CA,2024,minivan,50011.28567175756,14378,652
2024,CA,2025,pickup,59451.94455709649,12835,652
2024,CA,2025,car,35781.18730332185,91927,652
2024,CA,2025,suv,89594.69119360669,10705,652
2024,CA,2025,cuv,44384.85647586532,102941,652
2024,CA,2025,minivan,50933.31312896282,7451,652
2024,CO,2022,cuv,46985.09273541211,17,546
2024,CO,2022,suv,59529.19418431665,17,546
2024,CO,2022,pickup,65825.41670967662,41,546
2024,CO,2022,car,56203.03657548679,10,546
2024,CO,2022,minivan,69386.76087101878,2,546
2024,CO,2023,pickup,61025.5516775777,3315,546
2024,CO,2023,car,43058.9466423872,998,546
2024,CO,2023,cuv,42624.115648791914,5140,546
2024,CO,2023,suv,61254.53549222732,1384,546
2024,CO,2023,minivan,53298.43511061468,127,546
2024,CO,2024,pickup,56726.00616844895,27638,546
2024,CO,2024,car,36873.72479945821,14158,546
2024,CO,2024,cuv,43579.49382878928,67715,546
2024,CO,2024,minivan,48964.02179873158,1452,546
2024,CO,2024,suv,69788.48473708962,14099,546
2024,CO,2025,pickup,63317.28720053779,2926,546
2024,CO,2025,car,34564.84449041275,8393,546
2024,CO,2025,cuv,45084.91608271515,13940,546
2024,CO,2025,minivan,51031.26123030435,585,546
2024,CO,2025,suv,81972.17746422406,2105,546
2024,CT,2022,suv,53022.232308890176,33,541
2024,CT,2022,cuv,39196.13684342592,38,541
2024,CT,2022,pickup,61005.71168163309,39,541
2024,CT,2022,minivan,48724.51693778411,2,541
2024,CT,2022,car,35818.26580692579,7,541
2024,CT,2023,pickup,57638.67448973036,1485,541
2024,CT,2023,car,44621.29344601178,920,541
2024,CT,2023,cuv,41344.55054667521,4536,541
2024,CT,2023,minivan,50259.375317001395,95,541
2024,CT,2023,suv,60378.26187745858,1167,541
2024,CT,2024,car,35776.132671057174,17643,541
2024,CT,2024,pickup,54449.268649371086,12038,541
2024,CT,2024,suv,68493.04398133613,7660,541
2024,CT,2024,cuv,42901.41600123815,49915,541
2024,CT,2024,minivan,47751.71460006416,1968,541
2024,CT,2025,car,37015.60787411663,5885,541
2024,CT,2025,suv,81199.24632835538,1240,541
2024,CT,2025,cuv,44377.179796532575,14708,541
2024,CT,2025,minivan,47536.37661693036,902,541
2024,CT,2025,pickup,59237.342418017324,1393,541
2024,DE,2022,pickup,72174.7334000672,5,459
2024,DE,2022,car,57160.118103087705,1,459
2024,DE,2022,cuv,39882.72120298405,2,459
2024,DE,2022,suv,83080.24010259629,2,459
2024,DE,2022,minivan,46599.44465497573,1,459
2024,DE,2023,pickup,56202.43963039156,452,459
2024,DE,2023,car,45035.88001208346,240,459
2024,DE,2023,cuv,42238.55104908325,932,459
2024,DE,2023,minivan,49436.80165273119,60,459
2024,DE,2023,suv,59967.44418429132,298,459
2024,DE,2024,pickup,54689.10842468395,3554,459
2024,DE,2024,car,35039.52186337404,4493,459
2024,DE,2024,cuv,41849.33239513012,10852,459
2024,DE,2024,minivan,46589.459803970756,343,459
2024,DE,2024,suv,72882.73561402118,2085,459
2024,DE,2025,car,35720.241270234066,1539,459
2024,DE,2025,cuv,40307.17811969769,4393,459
2024,DE,2025,minivan,47568.20670261033,217,459
2024,DE,2025,pickup,60659.91115233776,306,459
2024,DE,2025,suv,83106.87878927021,318,459
2024,FL,2022,pickup,54987.08835128501,160,636
2024,FL,2022,cuv,43890.32228971156,108,636
2024,FL,2022,minivan,67064.76582799338,13,636
2024,FL,2022,car,41941.83429062386,53,636
2024,FL,2022,suv,57521.95085897314,72,636
2024,FL,2023,pickup,54046.208149232145,15557,636
2024,FL,2023,car,46297.976047469565,11799,636
2024,FL,2023,cuv,40225.83931118425,21804,636
2024,FL,2023,minivan,51343.970380550905,644,636
2024,FL,2023,suv,60369.72913919392,6746,636
2024,FL,2024,pickup,51903.03446607135,131757,636
2024,FL,2024,car,33607.53787712235,183214,636
2024,FL,2024,suv,69493.98254421046,69699,636
2024,FL,2024,cuv,41163.58326729213,361284,636
2024,FL,2024,minivan,47131.365153873,12523,636
2024,FL,2025,pickup,57374.02586120637,15690,636
2024,FL,2025,car,34173.24413498576,72490,636
2024,FL,2025,suv,84408.2286838949,11808,636
2024,FL,2025,cuv,41423.92556089412,109966,636
2024,FL,2025,minivan,48448.74230489571,5917,636
2024,GA,2022,cuv,36637.63791737403,81,619
2024,GA,2022,car,36544.98178927048,43,619
2024,GA,2022,suv,54496.900667559865,67,619
2024,GA,2022,pickup,50474.262001539704,132,619
2024,GA,2022,minivan,44553.88897499165,1,619
2024,GA,2023,pickup,57006.160588479506,7266,619
2024,GA,2023,car,45409.94108239628,5001,619
2024,GA,2023,cuv,41990.67443737287,8166,619
2024,GA,2023,minivan,50755.71519753492,123,619
2024,GA,2023,suv,60182.165825787946,3600,619
2024,GA,2024,pickup,54100.07145800119,57313,619
2024,GA,2024,car,33255.75613440322,62037,619
2024,GA,2024,suv,68580.05514982656,30196,619
2024,GA,2024,cuv,42217.32070182341,115185,619
2024,GA,2024,minivan,47244.63353152156,5181,619
2024,GA,2025,car,34273.78066257058,24119,619
2024,GA,2025,pickup,59187.593024422255,5584,619
2024,GA,2025,suv,74784.01846002766,4709,619
2024,GA,2025,cuv,42064.699649735965,33699,619
2024,GA,2025,minivan,48623.796958824314,2566,619
2024,HI,2022,cuv,53976.97031889391,12,477
2024,HI,2022,suv,62013.66548884427,9,477
2024,HI,2022,pickup,59155.45167310483,9,477
2024,HI,2022,car,39119.25663655783,12,477
2024,HI,2023,car,44094.619910370006,358,477
2024,HI,2023,pickup,53199.585618797035,879,477
2024,HI,2023,cuv,43469.827991118116,1568,477
2024,HI,2023,minivan,54883.57184307832,19,477
2024,HI,2023,suv,60318.422429889964,253,477
2024,HI,2024,pickup,48239.83621774196,5879,477
2024,HI,2024,car,33366.91411631682,6090,477
2024,HI,2024,cuv,41612.25085208568,9820,477
2024,HI,2024,minivan,46446.360470319596,836,477
2024,HI,2024,suv,56220.57885104091,2146,477
2024,HI,2025,pickup,53493.920374785535,240,477
2024,HI,2025,car,32498.631118494242,1051,477
2024,HI,2025,cuv,40867.4508515389,2887,477
2024,HI,2025,minivan,48342.36752660174,259,477
2024,HI,2025,suv,80449.57758825703,80,477
2024,IA,2022,cuv,40325.63555636321,17,492
2024,IA,2022,pickup,52010.36944454447,52,492
2024,IA,2022,car,45294.33783751295,4,492
2024,IA,2022,suv,62326.583943491285,8,492
2024,IA,2023,pickup,59301.22167739453,2351,492
2024,IA,2023,car,43882.39470732652,565,492
2024,IA,2023,cuv,40759.98943786272,2584,492
2024,IA,2023,minivan,50441.17044011975,115,492
2024,IA,2023,suv,59426.820123015386,1042,492
2024,IA,2024,pickup,57097.54957796137,20028,492
2024,IA,2024,car,34321.71954046984,6805,492
2024,IA,2024,suv,66490.35216277257,8513,492
2024,IA,2024,cuv,41561.88855305267,29136,492
2024,IA,2024,minivan,47807.79447682094,1912,492
2024,IA,2025,pickup,60796.535313807806,2680,492
2024,IA,2025,car,35524.5004539838,2551,492
2024,IA,2025,suv,66175.58082321697,1571,492
2024,IA,2025,cuv,40509.42171037358,9499,492
2024,IA,2025,minivan,49420.730714132944,719,492
2024,ID,2022,pickup,80376.26142413722,3,470
2024,ID,2022,suv,64133.11598241253,13,470
2024,ID,2022,cuv,35222.83103777455,5,470
2024,ID,2022,car,33615.44054512427,4,470
2024,ID,2023,pickup,56107.812502198474,1131,470
2024,ID,2023,car,38881.56800501067,282,470
2024,ID,2023,cuv,40304.53116290155,1154,470
2024,ID,2023,minivan,52312.696865354206,23,470
2024,ID,2023,suv,59024.83835848621,547,470
2024,ID,2024,pickup,56564.405974671776,11208,470
2024,ID,2024,car,35112.599826673075,4600,470
2024,ID,2024,cuv,41097.879929043695,15519,470
2024,ID,2024,minivan,48645.04656064791,456,470
2024,ID,2024,suv,66800.16470488203,4150,470
2024,ID,2025,car,37024.4268730979,1892,470
2024,ID,2025,pickup,60637.46437316132,994,470
2024,ID,2025,cuv,42035.62302400443,3996,470
2024,ID,2025,minivan,49508.63502558713,229,470
2024,ID,2025,suv,73474.89012241528,664,470
2024,IL,2022,car,63308.096601919024,36,573
2024,IL,2022,pickup,62288.38253592015,121,573
2024,IL,2022,minivan,44565.15439323749,4,573
2024,IL,2022,cuv,36458.49318436308,46,573
2024,IL,2022,suv,56971.32945362263,43,573
2024,IL,2023,pickup,57969.27252522507,5328,573
2024,IL,2023,car,46303.41857915896,3592,573
2024,IL,2023,cuv,40739.45899297262,10907,573
2024,IL,2023,minivan,50707.373015651785,375,573
2024,IL,2023,suv,60128.03722366465,3340,573
2024,IL,2024,pickup,55250.2095365728,39928,573
2024,IL,2024,car,33858.66935453789,50030,573
2024,IL,2024,suv,66838.1717098347,29157,573
2024,IL,2024,cuv,41452.12033560215,148396,573
2024,IL,2024,minivan,46975.4379582007,7716,573
2024,IL,2025,pickup,60380.80775536337,5116,573
2024,IL,2025,car,36166.664263990075,18342,573
2024,IL,2025,suv,79364.332754408,5009,573
2024,IL,2025,cuv,41556.920593463175,51183,573
2024,IL,2025,minivan,48199.17213408193,3474,573
2024,IN,2022,minivan,45937.23022267737,3,535
2024,IN,2022,suv,52494.407826958544,32,535
2024,IN,2022,pickup,55603.57408704271,35,535
2024,IN,2022,cuv,35392.18842973672,28,535
2024,IN,2022,car,60374.77540940631,9,535
2024,IN,2023,pickup,57862.15247887038,3533,535
2024,IN,2023,car,43941.99618361838,1660,535
2024,IN,2023,cuv,40774.41206006712,5380,535
2024,IN,2023,minivan,54162.42002261322,194,535
2024,IN,2023,suv,59479.90767198053,1916,535
2024,IN,2024,pickup,54469.21477831881,27749,535
2024,IN,2024,car,34562.43840614492,19506,535
2024,IN,2024,suv,66446.82303802062,14664,535
2024,IN,2024,cuv,40563.9583157245,59422,535
2024,IN,2024,minivan,54107.25689021225,4021,535
2024,IN,2025,pickup,60050.327667481135,3264,535
2024,IN,2025,car,35284.43124345409,7183,535
2024,IN,2025,suv,70721.410793935,2465,535
2024,IN,2025,cuv,39662.33804857744,21542,535
2024,IN,2025,minivan,48710.91879913859,1660,535
2024,KS,2022,pickup,58389.32076266538,8,494
2024,KS,2022,cuv,32136.00794279541,19,494
2024,KS,2022,car,43425.7215350061,3,494
2024,KS,2022,suv,55893.46928045778,7,494
2024,KS,2023,pickup,60256.52837475475,1678,494
2024,KS,2023,car,46505.499902725394,561,494
2024,KS,2023,cuv,40238.4637321426,2218,494
2024,KS,2023,minivan,50662.503914182875,42,494
2024,KS,2023,suv,60522.822533399805,809,494
2024,KS,2024,pickup,55188.58914729267,13434,494
2024,KS,2024,car,33727.64735692024,8468,494
2024,KS,2024,cuv,40972.3152041572,22083,494
2024,KS,2024,minivan,46062.09217371935,1174,494
2024,KS,2024,suv,69930.11070696909,6013,494
2024,KS,2025,pickup,60517.45269137943,1402,494
2024,KS,2025,car,35198.17376215178,2699,494
2024,KS,2025,cuv,40309.3187879441,6511,494
2024,KS,2025,minivan,47975.053677221884,531,494
2024,KS,2025,suv,73769.13599460827,1016,494
2024,KY,2022,suv,54136.66036301307,12,516
2024,KY,2022,car,37757.55300703804,13,516
2024,KY,2022,pickup,59559.181883618934,17,516
2024,KY,2022,cuv,35837.1454382426,16,516
2024,KY,2022,minivan,45834.184980075675,1,516
2024,KY,2023,pickup,56450.340870744476,2287,516
2024,KY,2023,car,49152.07015043143,1641,516
2024,KY,2023,cuv,39721.734119280285,2754,516
2024,KY,2023,minivan,61454.79474867684,135,516
2024,KY,2023,suv,55154.97239949212,1883,516
2024,KY,2024,pickup,53845.51557591174,21678,516
2024,KY,2024,car,33542.008693583084,16387,516
2024,KY,2024,suv,66774.31994465891,11097,516
2024,KY,2024,cuv,40946.83449839395,40918,516
2024,KY,2024,minivan,50822.03321519913,2347,516
2024,KY,2025,pickup,57848.51090187615,2592,516
2024,KY,2025,car,35053.26855137002,6055,516
2024,KY,2025,suv,70244.85667731195,1772,516
2024,KY,2025,cuv,40171.818140400224,14702,516
2024,KY,2025,minivan,48276.37668055274,1076,516
2024,LA,2022,cuv,40527.68772112984,16,533
2024,LA,2022,suv,54808.4059442585,21,533
2024,LA,2022,car,52894.57166316872,7,533
2024,LA,2022,pickup,68305.85028596586,9,533
2024,LA,2023,pickup,58095.48265302021,3739,533
2024,LA,2023,car,43627.864370307376,1740,533
2024,LA,2023,cuv,38868.70914321584,3454,533
2024,LA,2023,minivan,47390.533394697966,50,533
2024,LA,2023,suv,59318.93067171562,1715,533
2024,LA,2024,pickup,54389.40289104632,29648,533
2024,LA,2024,car,32799.53198896584,19014,533
2024,LA,2024,suv,68431.99576639582,15540,533
2024,LA,2024,cuv,40393.28432512377,39851,533
2024,LA,2024,minivan,45612.038066699446,1369,533
2024,LA,2025,pickup,56302.84613490596,3834,533
2024,LA,2025,suv,76296.79321712264,2009,533
2024,LA,2025,car,34315.94415420885,5606,533
2024,LA,2025,cuv,39279.990146574666,13504,533
2024,LA,2025,minivan,47739.97939206771,611,533
2024,MA,2022,car,65693.35338929936,9,565
2024,MA,2022,pickup,62854.566174089734,38,565
2024,MA,2022,suv,63841.875798768786,22,565
2024,MA,2022,cuv,44174.898700383514,36,565
2024,MA,2023,car,45514.06338027014,1337,565
2024,MA,2023,pickup,55872.056074529544,3129,565
2024,MA,2023,cuv,41784.13599099011,6233,565
2024,MA,2023,minivan,49853.283130417076,330,565
2024,MA,2023,suv,60173.489318347085,1894,565
2024,MA,2024,pickup,54480.897638912145,31307,565
2024,MA,2024,car,34218.96542768255,36829,565
2024,MA,2024,suv,66652.96234131516,17375,565
2024,MA,2024,cuv,41354.32934201737,112152,565
2024,MA,2024,minivan,48149.62569890711,3089,565
2024,MA,2025,car,36004.94475208202,13149,565
2024,MA,2025,pickup,58719.70699790292,3413,565
2024,MA,2025,cuv,42748.6785164347,32501,565
2024,MA,2025,minivan,49049.64822474837,1360,565
2024,MA,2025,suv,78740.50624385249,2739,565
2024,MD,2022,pickup,55249.3905731636,60,554
2024,MD,2022,car,41500.707780226716,11,554
2024,MD,2022,cuv,36028.30221508181,33,554
2024,MD,2022,suv,55170.97850385745,34,554
2024,MD,2022,minivan,45879.505192645025,1,554
2024,MD,2023,car,40507.83523752485,2246,554
2024,MD,2023,pickup,53989.91647131089,3706,554
2024,MD,2023,cuv,39920.34605900107,6922,554
2024,MD,2023,minivan,51254.261381231554,364,554
2024,MD,2023,suv,59128.16053086708,2178,554
2024,MD,2024,pickup,52764.1907030626,24141,554
2024,MD,2024,car,34249.75781932947,38510,554
2024,MD,2024,suv,65491.15968558903,15540,554
2024,MD,2024,cuv,42652.31842213954,86812,554
2024,MD,2024,minivan,47056.891565420265,4401,554
2024,MD,2025,pickup,57809.85274919114,2379,554
2024,MD,2025,suv,72947.11200355845,2455,554
2024,MD,2025,cuv,42921.34820072548,26787,554
2024,MD,2025,minivan,48035.21880323063,2437,554
2024,MD,2025,car,35188.821555449045,13125,554
2024,ME,2022,suv,67919.95627303416,3,462
2024,ME,2022,pickup,42573.83494981145,18,462
2024,ME,2022,cuv,31442.377396542655,17,462
2024,ME,2023,pickup,57653.71294413501,1247,462
2024,ME,2023,car,42386.02058763968,216,462
2024,ME,2023,cuv,40130.604202710456,1503,462
2024,ME,2023,minivan,47742.995057621294,74,462
2024,ME,2023,suv,58866.59349103204,515,462
2024,ME,2024,pickup,55417.99222759868,12251,462
2024,ME,2024,car,32668.71392693083,3730,462
2024,ME,2024,cuv,39996.60401687301,16020,462
2024,ME,2024,minivan,46363.44884285855,393,462
2024,ME,2024,suv,65127.647183372246,3126,462
2024,ME,2025,pickup,58302.72958205962,1603,462
2024,ME,2025,cuv,39783.52744515218,4312,462
2024,ME,2025,minivan,48857.16998738285,168,462
2024,ME,2025,suv,65441.40726665495,564,462
2024,ME,2025,car,34409.54529430055,1347,462
2024,MI,2022,pickup,55742.269594210295,143,577
2024,MI,2022,cuv,40088.845394801,90,577
2024,MI,2022,minivan,51686.826513223576,9,577
2024,MI,2022,suv,58062.3206215552,51,577
2024,MI,2022,car,48417.86449125826,31,577
2024,MI,2023,pickup,57137.04145367839,8936,577
2024,MI,2023,car,50179.04604710766,2649,577
2024,MI,2023,cuv,42382.51492917354,12421,577
2024,MI,2023,minivan,52487.27927632675,308,577
2024,MI,2023,suv,57423.88977744046,5837,577
2024,MI,2024,pickup,54525.03988178957,74356,577
2024,MI,2024,car,36874.44544455352,31294,577
2024,MI,2024,suv,60369.33135331834,46229,577
2024,MI,2024,cuv,39019.11868573147,169069,577
2024,MI,2024,minivan,46400.74802282942,4902,577
2024,MI,2025,pickup,57540.51818970213,10605,577
2024,MI,2025,car,36732.99592539095,10654,577
2024,MI,2025,suv,63277.23678538838,6561,577
2024,MI,2025,cuv,36170.557187764316,49384,577
2024,MI,2025,minivan,47991.373011867894,1602,577
2024,MN,2022,pickup,56122.4134336687,63,550
2024,MN,2022,suv,69603.7173437011,31,550
2024,MN,2022,minivan,60106.0390482193,2,550
2024,MN,2022,cuv,37846.05827338899,64,550
2024,MN,2022,car,44213.284473911765,15,550
2024,MN,2023,pickup,58028.92880626913,3173,550
2024,MN,2023,car,43350.466030532894,967,550
2024,MN,2023,cuv,40353.29450604267,5158,550
2024,MN,2023,minivan,62394.29308311196,149,550
2024,MN,2023,suv,59162.39838621109,1565,550
2024,MN,2024,pickup,57381.08210955951,29102,550
2024,MN,2024,suv,66594.13732699456,14052,550
2024,MN,2024,car,35802.172092579334,15182,550
2024,MN,2024,cuv,40527.637007694226,67422,550
2024,MN,2024,minivan,48647.52758941672,3369,550
2024,MN,2025,pickup,59065.034570408294,4060,550
2024,MN,2025,suv,68474.28878933577,2614,550
2024,MN,2025,cuv,40678.83118645251,20356,550
2024,MN,2025,minivan,48275.908207856264,1199,550
2024,MN,2025,car,36674.68152355481,6445,550
2024,MO,2022,minivan,45637.40328241814,4,552
2024,MO,2022,suv,59216.14717367724,28,552
2024,MO,2022,pickup,53495.399452865204,47,552
2024,MO,2022,cuv,38440.78587630582,41,552
2024,MO,2022,car,36415.98330662563,4,552
2024,MO,2023,pickup,57848.61671599325,4104,552
2024,MO,2023,car,43601.89470691148,1669,552
2024,MO,2023,cuv,39098.86972235345,6105,552
2024,MO,2023,minivan,49507.29693892637,126,552
2024,MO,2023,suv,59296.39967684703,1883,552
2024,MO,2024,pickup,55090.48854439122,33894,552
2024,MO,2024,car,33331.92359054652,21054,552
2024,MO,2024,suv,67034.96053832686,16130,552
2024,MO,2024,cuv,40103.798848579565,62150,552
2024,MO,2024,minivan,46052.533159501676,3243,552
2024,MO,2025,pickup,58826.6482471549,4069,552
2024,MO,2025,car,35605.355790979746,6433,552
2024,MO,2025,cuv,39363.96778356549,18814,552
2024,MO,2025,minivan,47730.81027568994,1329,552
2024,MO,2025,suv,70944.02425263452,2357,552
2024,MS,2022,car,45820.51473749278,12,470
2024,MS,2022,pickup,62302.82067626757,27,470
2024,MS,2022,minivan,48596.01933014719,2,470
2024,MS,2022,suv,52910.25971483019,28,470
2024,MS,2022,cuv,34238.802251038665,6,470
2024,MS,2023,pickup,58479.4104851963,1936,470
2024,MS,2023,cuv,38764.64318379195,1903,470
2024,MS,2023,minivan,49039.10063129807,24,470
2024,MS,2023,suv,56856.687059038355,855,470
2024,MS,2023,car,43101.844112470186,823,470
2024,MS,2024,pickup,55689.959594752334,15148,470
2024,MS,2024,suv,67044.94950694697,7650,470
2024,MS,2024,cuv,40044.08214566775,20435,470
2024,MS,2024,minivan,46560.31335400591,995,470
2024,MS,2024,car,31500.875261531583,11957,470
2024,MS,2025,suv,76357.57042296746,1049,470
2024,MS,2025,cuv,40117.18748525995,7099,470
2024,MS,2025,minivan,47679.27905419183,344,470
2024,MS,2025,car,34544.499841711884,3827,470
2024,MS,2025,pickup,58705.580315011895,1605,470
2024,MT,2022,cuv,40687.12635938688,5,368
2024,MT,2022,pickup,47129.90660346699,3,368
2024,MT,2022,suv,57699.32563217981,2,368
2024,MT,2023,pickup,60817.06040753466,688,368
2024,MT,2023,car,42133.36634489248,203,368
2024,MT,2023,cuv,42123.26189855254,660,368
2024,MT,2023,minivan,50611.50061249157,18,368
2024,MT,2023,suv,58792.27297690469,325,368
2024,MT,2024,pickup,58071.6446107628,7764,368
2024,MT,2024,cuv,40198.225399528004,8480,368
2024,MT,2024,minivan,49102.60509459412,276,368
2024,MT,2024,suv,67434.7977154016,3216,368
2024,MT,2024,car,38289.37982696495,1892,368
2024,MT,2025,minivan,50617.68604671105,106,368
2024,MT,2025,suv,67965.89534397417,438,368
2024,MT,2025,car,39189.73562400774,928,368
2024,MT,2025,pickup,61247.740921709905,1031,368
2024,MT,2025,cuv,40298.67844118844,2209,368
2024,NC,2022,pickup,51368.17765764731,233,599
2024,NC,2022,cuv,42424.255682710485,64,599
2024,NC,2022,suv,61820.899467900585,56,599
2024,NC,2022,car,36734.48882118738,49,599
2024,NC,2022,minivan,62138.68283439818,3,599
2024,NC,2023,pickup,55930.851768271685,8249,599
2024,NC,2023,car,45371.075204618035,4293,599
2024,NC,2023,cuv,43215.67165778335,9908,599
2024,NC,2023,minivan,52044.36255333816,218,599
2024,NC,2023,suv,59817.99068150834,3468,599
2024,NC,2024,pickup,54010.47571707566,59279,599
2024,NC,2024,car,34781.711887514066,65242,599
2024,NC,2024,suv,69647.49945989907,32590,599
2024,NC,2024,cuv,42763.19365418814,132323,599
2024,NC,2024,minivan,47674.11265753406,6677,599
2024,NC,2025,pickup,59642.74541784769,6571,599
2024,NC,2025,car,35642.65432695958,25813,599
2024,NC,2025,suv,80140.22842189946,5537,599
2024,NC,2025,cuv,43647.78688976485,43254,599
2024,NC,2025,minivan,49004.86234267196,3324,599
2024,ND,2022,pickup,54680.04593214482,19,348
2024,ND,2022,suv,64375.01025033262,2,348
2024,ND,2022,cuv,35657.80301957382,3,348
2024,ND,2022,car,42605.191145578996,2,348
2024,ND,2023,pickup,58742.95506227568,925,348
2024,ND,2023,car,47416.49442051263,157,348
2024,ND,2023,cuv,39931.74441683534,800,348
2024,ND,2023,minivan,50378.73232441055,13,348
2024,ND,2023,suv,60012.37039980774,337,348
2024,ND,2024,pickup,59415.82168899143,9558,348
2024,ND,2024,suv,68541.81405741411,4303,348
2024,ND,2024,cuv,41045.05455875965,9943,348
2024,ND,2024,minivan,48788.610370417,392,348
2024,ND,2024,car,35773.89694498868,1589,348
2024,ND,2025,pickup,61490.77886428156,1278,348
2024,ND,2025,minivan,48501.294012363534,149,348
2024,ND,2025,suv,62400.76070153216,658,348
2024,ND,2025,car,34724.546377201645,654,348
2024,ND,2025,cuv,41454.44051136509,2667,348
2024,NE,2022,pickup,58713.39849280889,12,488
2024,NE,2022,car,46059.67516046095,3,488
2024,NE,2022,cuv,38520.34863201745,9,488
2024,NE,2022,minivan,44245.62274118566,1,488
2024,NE,2022,suv,66909.06765379381,6,488
2024,NE,2023,car,47105.679366383745,437,488
2024,NE,2023,cuv,40895.03641062784,1706,488
2024,NE,2023,minivan,51207.76979833199,64,488
2024,NE,2023,pickup,59462.628596633534,1580,488
2024,NE,2023,suv,59840.16670091246,652,488
2024,NE,2024,pickup,56814.457871278035,13595,488
2024,NE,2024,car,35856.87798381337,5843,488
2024,NE,2024,suv,67268.106676478,7649,488
2024,NE,2024,cuv,41258.52783119172,22561,488
2024,NE,2024,minivan,48299.92926183038,885,488
2024,NE,2025,pickup,59422.83991827285,2009,488
2024,NE,2025,car,36879.860541529946,2101,488
2024,NE,2025,suv,71166.35485630922,947,488
2024,NE,2025,cuv,41366.49600366395,7483,488
2024,NE,2025,minivan,48917.81180045722,308,488
2024,NH,2022,suv,71789.00407990905,5,494
2024,NH,2022,cuv,50235.87116420857,12,494
2024,NH,2022,pickup,65724.4917447383,8,494
2024,NH,2022,car,66963.40093098271,3,494
2024,NH,2023,pickup,56125.34415191956,1471,494
2024,NH,2023,car,44274.67897643976,385,494
2024,NH,2023,cuv,39955.93067691131,1863,494
2024,NH,2023,minivan,52415.19558052294,61,494
2024,NH,2023,suv,59482.803584676185,590,494
2024,NH,2024,pickup,54437.57941686291,13160,494
2024,NH,2024,car,38278.961740331375,7996,494
2024,NH,2024,cuv,40878.631317566076,26199,494
2024,NH,2024,suv,62914.00444422401,4846,494
2024,NH,2024,minivan,48468.187943273944,671,494
2024,NH,2025,pickup,59286.95845911062,1595,494
2024,NH,2025,car,39362.75344728027,2658,494
2024,NH,2025,cuv,42947.22805603939,7998,494
2024,NH,2025,minivan,49084.251885975886,340,494
2024,NH,2025,suv,69821.83049759195,833,494
2024,NJ,2022,suv,62134.76188427015,41,591
2024,NJ,2022,car,62080.50148261502,35,591
2024,NJ,2022,pickup,61097.8964137316,49,591
2024,NJ,2022,cuv,44400.862529483755,104,591
2024,NJ,2022,minivan,47012.224783669255,6,591
2024,NJ,2023,pickup,57390.93164500134,3203,591
2024,NJ,2023,car,48145.22494158789,2570,591
2024,NJ,2023,cuv,41880.90197505503,11251,591
2024,NJ,2023,minivan,53096.749525977924,361,591
2024,NJ,2023,suv,60649.231794490595,3330,591
2024,NJ,2024,pickup,55665.31895496144,27395,591
2024,NJ,2024,car,36476.83757236517,53913,591
2024,NJ,2024,suv,68246.38151381903,28111,591
2024,NJ,2024,cuv,43380.927784139094,158407,591
2024,NJ,2024,minivan,47846.434820240385,5289,591
2024,NJ,2025,pickup,61262.142066864624,3262,591
2024,NJ,2025,car,37518.07557408682,16915,591
2024,NJ,2025,suv,78275.21379607145,5203,591
2024,NJ,2025,cuv,44477.86640191835,49945,591
2024,NJ,2025,minivan,48017.87639492144,2782,591
2024,NM,2022,suv,54188.171715502955,12,494
2024,NM,2022,cuv,36192.206835198056,20,494
2024,NM,2022,car,30150.159615608034,9,494
2024,NM,2022,pickup,55247.87095305603,26,494
2024,NM,2023,pickup,58627.70099295286,1506,494
2024,NM,2023,car,45156.31042252277,702,494
2024,NM,2023,cuv,41092.823606148806,1668,494
2024,NM,2023,minivan,51179.28513219315,30,494
2024,NM,2023,suv,59376.942642207854,683,494
2024,NM,2024,pickup,54650.646378137506,10248,494
2024,NM,2024,car,33061.50374115008,6745,494
2024,NM,2024,cuv,40244.75145979535,14501,494
2024,NM,2024,minivan,48068.810904612386,440,494
2024,NM,2024,suv,67470.73352364956,4249,494
2024,NM,2025,pickup,59927.676140553645,950,494
2024,NM,2025,car,34934.54528618426,2081,494
2024,NM,2025,minivan,49800.21183215181,164,494
2024,NM,2025,suv,68294.21453880366,581,494
2024,NM,2025,cuv,39519.49321468676,4251,494
2024,NV,2022,suv,53696.252456331706,8,516
2024,NV,2022,cuv,66830.38204113915,34,516
2024,NV,2022,minivan,52013.18396197356,1,516
2024,NV,2022,pickup,61987.16143002109,33,516
2024,NV,2022,car,114509.25136578537,23,516
2024,NV,2023,pickup,58300.938020888956,1732,516
2024,NV,2023,car,44232.23606359162,1479,516
2024,NV,2023,cuv,42197.34271313542,2291,516
2024,NV,2023,minivan,50726.288650176444,17,516
2024,NV,2023,suv,62264.5398023642,946,516
2024,NV,2024,car,32939.14062506158,14579,516
2024,NV,2024,pickup,54682.68869902169,14847,516
2024,NV,2024,suv,70410.27557099456,6818,516
2024,NV,2024,cuv,42289.85792380039,31401,516
2024,NV,2024,minivan,48462.58376316197,1143,516
2024,NV,2025,car,34873.744039465426,5199,516
2024,NV,2025,pickup,58932.0070483043,1464,516
2024,NV,2025,suv,81664.11392150198,1045,516
2024,NV,2025,cuv,40783.61855909606,8314,516
2024,NV,2025,minivan,49347.86834633421,560,516
2024,NY,2022,pickup,60765.28619212207,112,615
2024,NY,2022,cuv,39668.5227074958,285,615
2024,NY,2022,minivan,50142.93526570603,21,615
2024,NY,2022,car,45861.94719523932,64,615
2024,NY,2022,suv,57270.346306918174,124,615
2024,NY,2023,pickup,56750.764233701484,6117,615
2024,NY,2023,car,47131.595956647594,4647,615
2024,NY,2023,cuv,40404.502497213936,21967,615
2024,NY,2023,minivan,51060.36337369629,747,615
2024,NY,2023,suv,60741.34118048902,5204,615
2024,NY,2024,pickup,55279.318022616775,65743,615
2024,NY,2024,car,35137.50754181404,78249,615
2024,NY,2024,suv,66687.12735622843,46387,615
2024,NY,2024,cuv,41376.803081869155,276383,615
2024,NY,2024,minivan,47672.435472344594,9241,615
2024,NY,2025,pickup,59248.062677133865,8486,615
2024,NY,2025,car,36543.353008288126,25347,615
2024,NY,2025,suv,72951.68909019533,8906,615
2024,NY,2025,cuv,41817.86648714647,82992,615
2024,NY,2025,minivan,47675.58291593262,3983,615
2024,OH,2022,pickup,60836.988369655,100,578
2024,OH,2022,cuv,35589.846122921204,85,578
2024,OH,2022,suv,57581.558808597045,35,578
2024,OH,2022,car,72291.49224526688,29,578
2024,OH,2022,minivan,52527.67137511875,2,578
2024,OH,2023,pickup,54951.73329605726,7392,578
2024,OH,2023,car,45739.31029051563,3511,578
2024,OH,2023,cuv,40376.50210317139,12486,578
2024,OH,2023,minivan,50033.32545761123,386,578
2024,OH,2023,suv,58378.05220614598,3968,578
2024,OH,2024,pickup,54019.91325178391,58358,578
2024,OH,2024,car,33180.850134324355,55571,578
2024,OH,2024,suv,63557.70380905005,32376,578
2024,OH,2024,cuv,39573.832812210254,158720,578
2024,OH,2024,minivan,46315.0077238218,7968,578
2024,OH,2025,pickup,57154.737900007225,7903,578
2024,OH,2025,suv,69326.04073838251,5113,578
2024,OH,2025,car,34426.81669170482,20335,578
2024,OH,2025,cuv,38676.715878368756,57599,578
2024,OH,2025,minivan,48070.01041467095,3618,578
2024,OK,2022,car,42225.04734514257,13,520
2024,OK,2022,pickup,63538.938214985785,53,520
2024,OK,2022,cuv,46280.36713333026,19,520
2024,OK,2022,suv,49929.482870485066,23,520
2024,OK,2023,pickup,58374.496180156675,2994,520
2024,OK,2023,car,43855.51648191434,1551,520
2024,OK,2023,cuv,38111.23882887489,3128,520
2024,OK,2023,minivan,49366.98760742439,30,520
2024,OK,2023,suv,58962.053686158644,1554,520
2024,OK,2024,pickup,54939.55923378802,24236,520
2024,OK,2024,car,32428.719057286453,13604,520
2024,OK,2024,suv,68826.1496056931,12074,520
2024,OK,2024,cuv,39993.51640705496,34396,520
2024,OK,2024,minivan,46535.13446782279,1326,520
2024,OK,2025,pickup,58313.411292973615,2760,520
2024,OK,2025,car,35228.4655870431,4487,520
2024,OK,2025,suv,75950.96710825912,1655,520
2024,OK,2025,cuv,38307.82742339916,11389,520
2024,OK,2025,minivan,48340.779541548465,557,520
2024,OR,2022,pickup,65931.65055316979,23,553
2024,OR,2022,cuv,39384.91316610478,14,553
2024,OR,2022,suv,52269.8030529341,9,553
2024,OR,2022,car,45584.55840507916,11,553
2024,OR,2023,pickup,56769.673482099926,3171,553
2024,OR,2023,car,48214.344790973766,1386,553
2024,OR,2023,cuv,46717.37194546755,4334,553
2024,OR,2023,minivan,49067.4345600582,259,553
2024,OR,2023,suv,59692.39729974149,1633,553
2024,OR,2024,pickup,54491.31099443972,24682,553
2024,OR,2024,car,36356.40124448948,25674,553
2024,OR,2024,cuv,43401.10444264676,66791,553
2024,OR,2024,minivan,47789.95656511698,2595,553
2024,OR,2024,suv,65277.66226335215,11411,553
2024,OR,2025,pickup,59792.46913334664,2002,553
2024,OR,2025,car,36254.23746960288,9718,553
2024,OR,2025,cuv,43954.99929343907,17885,553
2024,OR,2025,minivan,48859.83947113837,1343,553
2024,OR,2025,suv,79102.1917885119,1924,553
2024,PA,2022,cuv,36768.448972554615,142,603
2024,PA,2022,suv,59449.40877703493,107,603
2024,PA,2022,car,56779.81312029336,40,603
2024,PA,2022,pickup,58174.34753552631,139,603
2024,PA,2022,minivan,48384.48931342701,6,603
2024,PA,2023,pickup,56133.7745269518,7305,603
2024,PA,2023,car,43962.7106870477,3261,603
2024,PA,2023,cuv,40343.32081087102,13748,603
2024,PA,2023,minivan,49448.238223609325,513,603
2024,PA,2023,suv,57962.82868632154,5001,603
2024,PA,2024,pickup,54186.11500531999,57659,603
2024,PA,2024,car,33934.05849646944,55477,603
2024,PA,2024,suv,64965.321797610435,29491,603
2024,PA,2024,cuv,40322.06597400867,169968,603
2024,PA,2024,minivan,47168.82783920347,6146,603
2024,PA,2025,pickup,58628.67701299229,5891,603
2024,PA,2025,car,35751.76770431009,19364,603
2024,PA,2025,suv,70807.06328695804,4992,603
2024,PA,2025,cuv,40756.52088489434,50835,603
2024,PA,2025,minivan,48154.4456101899,2995,603
2024,RI,2022,suv,53377.669408988026,9,449
2024,RI,2022,cuv,37992.783104428265,12,449
2024,RI,2022,pickup,57554.28576968164,4,449
2024,RI,2023,cuv,42075.81603549033,771,449
2024,RI,2023,car,50149.81376706787,225,449
2024,RI,2023,pickup,57879.87983684908,361,449
2024,RI,2023,suv,63300.286873770594,299,449
2024,RI,2023,minivan,55128.61228570585,49,449
2024,RI,2024,suv,64512.166607824205,3118,449
2024,RI,2024,cuv,41639.361042023615,12676,449
2024,RI,2024,minivan,47914.004018706866,213,449
2024,RI,2024,car,36501.99991097226,3703,449
2024,RI,2024,pickup,56057.75745328051,4477,449
2024,RI,2025,suv,77969.83886908687,442,449
2024,RI,2025,cuv,44161.64521803417,3029,449
2024,RI,2025,minivan,49314.14724027494,92,449
2024,RI,2025,car,37420.54664281266,1155,449
2024,RI,2025,pickup,59778.01000517153,568,449
2024,SC,2022,cuv,52620.210517017294,13,534
2024,SC,2022,suv,62796.07907008044,10,534
2024,SC,2022,pickup,56564.85556168815,19,534
2024,SC,2022,car,64989.19122669765,8,534
2024,SC,2023,pickup,56916.78541141982,3127,534
2024,SC,2023,car,43734.39828765637,1742,534
2024,SC,2023,cuv,40036.47501655417,3914,534
2024,SC,2023,minivan,47339.32169278884,57,534
2024,SC,2023,suv,59686.14469784811,1542,534
2024,SC,2024,pickup,53445.885819831645,26240,534
2024,SC,2024,car,32267.661260636363,22719,534
2024,SC,2024,suv,68483.74344063984,12873,534
2024,SC,2024,cuv,41046.58504334861,50937,534
2024,SC,2024,minivan,46773.979595887795,2238,534
2024,SC,2025,car,33552.73757423706,8582,534
2024,SC,2025,pickup,58291.890573739714,3185,534
2024,SC,2025,suv,76013.0166477768,2049,534
2024,SC,2025,cuv,41004.515784592,16462,534
2024,SC,2025,minivan,48068.88879525544,1186,534
2024,SD,2022,pickup,60694.295065265134,16,392
2024,SD,2022,minivan,52456.876716743034,1,392
2024,SD,2022,cuv,33650.99975479579,4,392
2024,SD,2022,car,36148.997928330195,2,392
2024,SD,2022,suv,53322.19396001422,2,392
2024,SD,2023,pickup,60335.5234738918,836,392
2024,SD,2023,cuv,40946.224113100645,786,392
2024,SD,2023,minivan,48710.66255486362,26,392
2024,SD,2023,car,44620.3759012087,127,392
2024,SD,2023,suv,60035.32242462949,327,392
2024,SD,2024,pickup,58683.43989270347,6686,392
2024,SD,2024,car,38083.23827878558,1777,392
2024,SD,2024,cuv,41475.36846037615,8450,392
2024,SD,2024,minivan,47475.626116827916,326,392
2024,SD,2024,suv,69618.74008518565,3176,392
2024,SD,2025,pickup,61992.83243512936,1013,392
2024,SD,2025,cuv,42652.59963763018,2783,392
2024,SD,2025,minivan,47945.111489321986,127,392
2024,SD,2025,car,38458.528260490304,723,392
2024,SD,2025,suv,65221.259480413195,522,392
2024,TN,2022,minivan,45620.22526830424,2,547
2024,TN,2022,car,41123.75995042841,15,547
2024,TN,2022,pickup,54859.0418881926,29,547
2024,TN,2022,cuv,36510.254354386,21,547
2024,TN,2022,suv,56032.40920960384,22,547
2024,TN,2023,pickup,56693.43740213004,3923,547
2024,TN,2023,car,41840.66973769312,2032,547
2024,TN,2023,cuv,39335.693634701776,5463,547
2024,TN,2023,minivan,49048.11715441572,99,547
2024,TN,2023,suv,59116.448035914385,1865,547
2024,TN,2024,pickup,53652.884939461605,35209,547
2024,TN,2024,car,33044.95935678007,25618,547
2024,TN,2024,suv,69833.92450244274,17284,547
2024,TN,2024,cuv,41234.778596422606,65768,547
2024,TN,2024,minivan,47100.89105062777,2274,547
2024,TN,2025,pickup,58793.72981088725,3971,547
2024,TN,2025,suv,79015.00745304555,2589,547
2024,TN,2025,car,34987.82744694057,9553,547
2024,TN,2025,cuv,41269.25036397828,18733,547
2024,TN,2025,minivan,48956.30309885022,1265,547
2024,TX,2022,car,43588.014997711274,114,673
2024,TX,2022,cuv,45261.32452629574,343,673
2024,TX,2022,suv,65229.42068682488,186,673
2024,TX,2022,pickup,56275.94738968665,294,673
2024,TX,2022,minivan,47508.69324771694,4,673
2024,TX,2023,pickup,56074.12069114102,27702,673
2024,TX,2023,car,44974.11130937335,12828,673
2024,TX,2023,cuv,39702.48288972207,26913,673
2024,TX,2023,minivan,48875.47590198056,411,673
2024,TX,2023,suv,58737.06856002556,12497,673
2024,TX,2024,pickup,54167.43762729962,223896,673
2024,TX,2024,car,34847.326886984476,160268,673
2024,TX,2024,suv,71633.1241314469,110619,673
2024,TX,2024,cuv,42099.10561757801,359270,673
2024,TX,2024,minivan,47049.51444921022,11938,673
2024,TX,2025,pickup,58496.578174918344,24478,673
2024,TX,2025,car,36534.157772198334,56268,673
2024,TX,2025,suv,83832.45307484097,16847,673
2024,TX,2025,cuv,42400.76045417689,114002,673
2024,TX,2025,minivan,49159.70266606379,5122,673
2024,UT,2022,car,91020.3458110405,7,523
2024,UT,2022,minivan,47364.204401986426,2,523
2024,UT,2022,suv,67082.62230449286,6,523
2024,UT,2022,pickup,67066.42281700553,24,523
2024,UT,2022,cuv,44582.581467704185,10,523
2024,UT,2023,pickup,58543.294150574395,2282,523
2024,UT,2023,car,43992.54879489296,864,523
2024,UT,2023,cuv,42464.558997047745,2890,523
2024,UT,2023,minivan,52695.80846838311,35,523
2024,UT,2023,suv,62275.34273779999,825,523
2024,UT,2024,pickup,56081.337709412765,15077,523
2024,UT,2024,car,34432.60360488417,9713,523
2024,UT,2024,suv,73025.74466710535,6691,523
2024,UT,2024,cuv,42782.92835756355,29200,523
2024,UT,2024,minivan,48671.84467425504,1210,523
2024,UT,2025,car,36178.840025344,2694,523
2024,UT,2025,pickup,61473.975532326454,1337,523
2024,UT,2025,cuv,44150.82196645021,7355,523
2024,UT,2025,minivan,49251.31726311731,681,523
2024,UT,2025,suv,82104.03945838922,1063,523
2024,VA,2022,pickup,53653.92608787007,45,565
2024,VA,2022,suv,63577.12197463987,13,565
2024,VA,2022,car,47859.02332928164,20,565
2024,VA,2022,cuv,43144.65523549933,33,565
2024,VA,2022,minivan,43704.55612938557,2,565
2024,VA,2023,pickup,55224.964787715595,4540,565
2024,VA,2023,car,45208.74857587996,2865,565
2024,VA,2023,cuv,40120.02994413573,7165,565
2024,VA,2023,minivan,48791.34873572384,104,565
2024,VA,2023,suv,59255.05180020987,2295,565
2024,VA,2024,pickup,53193.32520361868,34849,565
2024,VA,2024,car,34151.56719721175,38514,565
2024,VA,2024,suv,67127.67211898752,19623,565
2024,VA,2024,cuv,41547.775738330514,89123,565
2024,VA,2024,minivan,48061.32926241481,4609,565
2024,VA,2025,pickup,58271.1722684945,3313,565
2024,VA,2025,car,35255.13623205822,14089,565
2024,VA,2025,suv,73980.74894389205,3276,565
2024,VA,2025,cuv,43141.97365304997,28265,565
2024,VA,2025,minivan,48833.61810468109,2594,565
2024,VT,2022,cuv,36825.459505634746,20,448
2024,VT,2022,suv,57601.12470599165,6,448
2024,VT,2022,pickup,45559.920912035464,23,448
2024,VT,2022,car,27444.115194115526,17,448
2024,VT,2022,minivan,47417.30240550943,1,448
2024,VT,2023,car,39894.012446569,169,448
2024,VT,2023,pickup,55952.822925471,859,448
2024,VT,2023,cuv,42981.78485915959,1049,448
2024,VT,2023,minivan,48989.08021586305,36,448
2024,VT,2023,suv,60633.989451983034,293,448
2024,VT,2024,pickup,54028.56751749803,8055,448
2024,VT,2024,car,34550.78925374716,2864,448
2024,VT,2024,suv,63657.027801074866,1775,448
2024,VT,2024,cuv,40222.606767052835,12225,448
2024,VT,2024,minivan,48143.729872195945,309,448
2024,VT,2025,pickup,58078.34181699081,875,448
2024,VT,2025,car,36453.76342832905,1206,448
2024,VT,2025,cuv,41760.47685491296,3334,448
2024,VT,2025,minivan,49268.314814475794,160,448
2024,VT,2025,suv,64829.51719308028,261,448
2024,WA,2022,suv,60013.984957658344,37,554
2024,WA,2022,car,60628.29581295373,12,554
2024,WA,2022,pickup,54144.48625907781,69,554
2024,WA,2022,cuv,37110.659068678295,38,554
2024,WA,2022,minivan,92347.52978815636,2,554
2024,WA,2023,pickup,55154.947054177894,3903,554
2024,WA,2023,car,43175.49513689947,2047,554
2024,WA,2023,cuv,45446.209022313626,6573,554
2024,WA,2023,minivan,50746.51700884236,461,554
2024,WA,2023,suv,59199.882037964715,1655,554
2024,WA,2024,pickup,54403.2371739022,30468,554
2024,WA,2024,car,37469.457066498035,38632,554
2024,WA,2024,suv,69970.71252575585,13855,554
2024,WA,2024,cuv,43822.47015329001,99333,554
2024,WA,2024,minivan,48536.679085236705,3384,554
2024,WA,2025,car,37345.25141740762,14302,554
2024,WA,2025,pickup,60017.67491228408,2590,554
2024,WA,2025,suv,89264.69340670394,2606,554
2024,WA,2025,cuv,45097.3149526983,27294,554
2024,WA,2025,minivan,49972.4612268791,1535,554
2024,WI,2022,pickup,61658.26758208032,54,525
2024,WI,2022,suv,57804.65501936215,13,525
2024,WI,2022,car,79503.77042106722,13,525
2024,WI,2022,minivan,46893.30205125718,2,525
2024,WI,2022,cuv,40101.003291237656,24,525
2024,WI,2023,pickup,58827.57250904474,3472,525
2024,WI,2023,car,43934.68569796889,1079,525
2024,WI,2023,cuv,40188.46269128109,5285,525
2024,WI,2023,minivan,50562.38019940949,245,525
2024,WI,2023,suv,60203.86282561465,1744,525
2024,WI,2024,pickup,56135.6730525642,30818,525
2024,WI,2024,car,34364.83866705198,16759,525
2024,WI,2024,suv,64994.59493791403,13401,525
2024,WI,2024,cuv,40024.52599808473,63536,525
2024,WI,2024,minivan,47351.36184483928,3390,525
2024,WI,2025,pickup,59970.88228447026,3735,525
2024,WI,2025,car,36012.54287389678,6930,525
2024,WI,2025,suv,64712.73144544404,2402,525
2024,WI,2025,cuv,39657.32632941654,21804,525
2024,WI,2025,minivan,47909.15192956647,1307,525
2024,WV,2022,suv,60517.112281245885,8,466
2024,WV,2022,pickup,63345.15206383797,23,466
2024,WV,2022,car,80653.81366387845,5,466
2024,WV,2022,cuv,37928.56267105312,15,466
2024,WV,2023,car,44281.54537967071,535,466
2024,WV,2023,cuv,40225.55814745056,1470,466
2024,WV,2023,minivan,50927.15028823632,45,466
2024,WV,2023,pickup,55325.84783221009,1257,466
2024,WV,2023,suv,58928.59999571716,597,466
2024,WV,2024,pickup,53146.209388065385,11900,466
2024,WV,2024,car,32136.817342757087,6453,466
2024,WV,2024,suv,63841.82465102997,4849,466
2024,WV,2024,cuv,38779.55807534621,19426,466
2024,WV,2024,minivan,48086.61013336199,819,466
2024,WV,2025,pickup,57522.813690039584,1277,466
2024,WV,2025,suv,65397.46944439,723,466
2024,WV,2025,cuv,38043.869073938185,5385,466
2024,WV,2025,minivan,48912.53792357689,358,466
2024,WV,2025,car,34698.04621445306,2433,466
2024,WY,2022,cuv,35460.907163553864,3,302
2024,WY,2022,suv,62966.68505658344,3,302
2024,WY,2022,pickup,53553.05123216108,3,302
2024,WY,2023,cuv,39952.23370988745,413,302
2024,WY,2023,minivan,49256.66821533812,12,302
2024,WY,2023,suv,62121.64240788807,209,302
2024,WY,2023,car,39784.28946893929,111,302
2024,WY,2023,pickup,59197.3157929826,472,302
2024,WY,2024,pickup,58454.43080675627,3870,302
2024,WY,2024,suv,66167.87026104199,1732,302
2024,WY,2024,cuv,39858.9961599561,3008,302
2024,WY,2024,minivan,51042.83359140399,149,302
2024,WY,2024,car,33535.969626655795,619,302
2024,WY,2025,cuv,39331.378314544774,572,302
2024,WY,2025,minivan,52653.44144824768,56,302
2024,WY,2025,suv,62427.62935960337,257,302
2024,WY,2025,car,36100.02668140425,275,302
2024,WY,2025,pickup,62171.9259906006,506,302
2025,AK,2023,pickup,56415.69209160833,9,336
2025,AK,2023,car,46595.260940256754,3,336
2025,AK,2023,cuv,57311.07967516811,6,336
2025,AK,2023,suv,59811.806293738984,1,336
2025,AK,2024,pickup,52254.84503115742,624,336
2025,AK,2024,suv,61729.004905499554,199,336
2025,AK,2024,cuv,40603.855905566445,390,336
2025,AK,2024,car,39739.653685694044,78,336
2025,AK,2025,pickup,57919.28431699445,2769,336
2025,AK,2025,suv,61895.40020724184,1079,336
2025,AK,2025,car,38775.05869395312,815,336
2025,AK,2025,cuv,40314.875432770554,3831,336
2025,AK,2025,minivan,50112.678465284254,134,336
2025,AK,2026,cuv,41245.41269434476,714,336
2025,AK,2026,minivan,47146.93323628956,22,336
2025,AK,2026,pickup,60095.55535819734,535,336
2025,AK,2026,suv,66822.03648605522,113,336
2025,AK,2026,car,39255.00110057639,67,336
2025,AL,2023,car,47508.41343158563,64,543
2025,AL,2023,cuv,42131.08914632926,65,543
2025,AL,2023,pickup,48664.777029247736,80,543
2025,AL,2023,suv,57767.710404257174,22,543
2025,AL,2023,minivan,51619,3,543
2025,AL,2024,pickup,49024.63612059634,6069,543
2025,AL,2024,car,35830.52685482352,1179,543
2025,AL,2024,cuv,37797.83359139969,3098,543
2025,AL,2024,minivan,44041.0328749967,49,543
2025,AL,2024,suv,63154.26518558109,2279,543
2025,AL,2025,pickup,52192.771792576146,33808,543
2025,AL,2025,car,31885.986031322456,28343,543
2025,AL,2025,suv,63538.39484248363,17373,543
2025,AL,2025,cuv,39208.557990266745,50847,543
2025,AL,2025,minivan,48526.326942997395,2698,543
2025,AL,2026,pickup,55763.69536112013,7943,543
2025,AL,2026,cuv,41044.78916480195,13557,543
2025,AL,2026,minivan,46879.5967704524,863,543
2025,AL,2026,suv,72327.02510495266,3172,543
2025,AL,2026,car,32608.533562424345,7345,543
2025,AR,2023,cuv,42212.67183410693,37,505
2025,AR,2023,pickup,51634.115229220464,35,505
2025,AR,2023,suv,50724.71578671435,12,505
2025,AR,2023,car,44099.38046181702,67,505
2025,AR,2024,pickup,50741.01382799629,3558,505
2025,AR,2024,car,38037.262133445656,600,505
2025,AR,2024,suv,63728.19729370859,2408,505
2025,AR,2024,cuv,36792.64582946273,2184,505
2025,AR,2024,minivan,45498.595410896196,25,505
2025,AR,2025,pickup,53241.728950106124,22078,505
2025,AR,2025,car,32177.374679314817,11119,505
2025,AR,2025,suv,66663.84988256427,11093,505
2025,AR,2025,cuv,38793.001900682015,32162,505
2025,AR,2025,minivan,49022.218882854184,1214,505
2025,AR,2026,pickup,56553.59280663532,5524,505
2025,AR,2026,car,33936.37620370878,2078,505
2025,AR,2026,suv,79537.7584677928,1910,505
2025,AR,2026,cuv,40251.26381247698,9344,505
2025,AR,2026,minivan,45964.901112051404,514,505
2025,AZ,2023,pickup,59143.25201890683,44,551
2025,AZ,2023,cuv,39124.62244165749,40,551
2025,AZ,2023,suv,60760.70332934879,22,551
2025,AZ,2023,car,53999.917417968434,69,551
2025,AZ,2023,minivan,54707.973558715035,5,551
2025,AZ,2024,pickup,49890.91915262959,5684,551
2025,AZ,2024,car,38144.70910259258,1260,551
2025,AZ,2024,suv,66437.36770981687,2611,551
2025,AZ,2024,cuv,39706.07168303815,5209,551
2025,AZ,2024,minivan,43445.276345119186,37,551
2025,AZ,2025,pickup,50540.00701847457,42740,551
2025,AZ,2025,car,34020.35775336248,30990,551
2025,AZ,2025,suv,67276.8237418951,19185,551
2025,AZ,2025,cuv,39779.6972078056,65768,551
2025,AZ,2025,minivan,47828.514856250884,3244,551
2025,AZ,2026,pickup,52832.77295972925,9799,551
2025,AZ,2026,car,34718.28637424915,8311,551
2025,AZ,2026,cuv,41335.93753360324,17686,551
2025,AZ,2026,minivan,45586.941566687674,1311,551
2025,AZ,2026,suv,75238.14786226251,3180,551
2025,CA,2023,pickup,48587.006911961354,443,694
2025,CA,2023,car,50278.332230314365,457,694
2025,CA,2023,cuv,44311.40217682745,577,694
2025,CA,2023,minivan,45404.876831019195,52,694
2025,CA,2023,suv,57231.149174986924,323,694
2025,CA,2024,pickup,50774.7430336014,23524,694
2025,CA,2024,car,41892.736756117214,10775,694
2025,CA,2024,suv,68215.6034375906,10099,694
2025,CA,2024,cuv,45279.32162465617,32546,694
2025,CA,2024,minivan,44841.16720760974,205,694
2025,CA,2025,pickup,50171.84365108495,167859,694
2025,CA,2025,car,35522.24474034734,260950,694
2025,CA,2025,suv,74628.25571588354,72656,694
2025,CA,2025,cuv,42674.08848307096,421467,694
2025,CA,2025,minivan,51024.095076338446,27142,694
2025,CA,2026,pickup,53977.69015466041,30393,694
2025,CA,2026,car,34212.552302645396,74515,694
2025,CA,2026,suv,78967.60472648179,13634,694
2025,CA,2026,cuv,46058.46055638493,86295,694
2025,CA,2026,minivan,47589.086597031695,6424,694
2025,CO,2023,pickup,59891.71798241394,60,557
2025,CO,2023,suv,64832.455290653365,13,557
2025,CO,2023,cuv,40922.30127811464,49,557
2025,CO,2023,car,53112.01049182995,12,557
2025,CO,2023,minivan,43650.7354541062,1,557
2025,CO,2024,pickup,52924.892610352086,5131,557
2025,CO,2024,car,36875.446963193106,1400,557
2025,CO,2024,suv,67973.06034178678,2322,557
2025,CO,2024,cuv,41115.885512923065,6569,557
2025,CO,2024,minivan,60161.20603547217,23,557
2025,CO,2025,pickup,55137.05684078839,28025,557
2025,CO,2025,car,36882.07476389859,14819,557
2025,CO,2025,suv,68241.90893414033,15433,557
2025,CO,2025,cuv,42271.386606335975,68140,557
2025,CO,2025,minivan,54388.087175643785,2516,557
2025,CO,2026,pickup,59438.34404306019,5438,557
2025,CO,2026,car,40518.1638497621,1624,557
2025,CO,2026,cuv,46534.044872135695,10478,557
2025,CO,2026,minivan,49380.98713341715,362,557
2025,CO,2026,suv,77078.65750019891,2614,557
2025,CT,2023,car,42696.166442020796,20,562
2025,CT,2023,suv,60179.12328077809,32,562
2025,CT,2023,cuv,44252.62631115508,77,562
2025,CT,2023,pickup,55500.51631856232,46,562
2025,CT,2023,minivan,45869.738125519536,17,562
2025,CT,2024,car,38700.321796407894,1112,562
2025,CT,2024,pickup,50572.8215784508,2163,562
2025,CT,2024,suv,65123.25844544996,1549,562
2025,CT,2024,cuv,41227.38635946914,3956,562
2025,CT,2024,minivan,56522.45640654177,19,562
2025,CT,2025,car,35509.41837249737,18650,562
2025,CT,2025,pickup,52408.73226129869,12620,562
2025,CT,2025,suv,68595.78540791338,8965,562
2025,CT,2025,cuv,41739.80048600524,56295,562
2025,CT,2025,minivan,47900.48642600896,3308,562
2025,CT,2026,car,38412.30492283689,3819,562
2025,CT,2026,pickup,57179.104848178766,2777,562
2025,CT,2026,cuv,45420.27172531875,13027,562
2025,CT,2026,minivan,45958.29172768679,808,562
2025,CT,2026,suv,77575.22578857512,1717,562
2025,DE,2023,suv,49201.49806541474,10,475
2025,DE,2023,pickup,48110.11118686655,4,475
2025,DE,2023,cuv,33564.023158042364,15,475
2025,DE,2023,car,42563.69449724363,4,475
2025,DE,2023,minivan,39663,2,475
2025,DE,2024,pickup,49923.70558562745,721,475
2025,DE,2024,car,40111.09154554195,275,475
2025,DE,2024,cuv,40772.36572641179,1036,475
2025,DE,2024,suv,67964.35424826312,397,475
2025,DE,2024,minivan,46197.81679211276,7,475
2025,DE,2025,car,34349.70144610593,4622,475
2025,DE,2025,cuv,40113.055294156824,13174,475
2025,DE,2025,minivan,48967.326228559745,761,475
2025,DE,2025,pickup,51998.995011412015,4249,475
2025,DE,2025,suv,68137.42658875209,2711,475
2025,DE,2026,pickup,55511.370466354005,1100,475
2025,DE,2026,car,35222.87139555241,1049,475
2025,DE,2026,cuv,41864.22270581037,3907,475
2025,DE,2026,minivan,46275.89657352645,240,475
2025,DE,2026,suv,75774.92701470513,616,475
2025,FL,2023,car,47447.513568253096,439,647
2025,FL,2023,cuv,40615.001793180185,362,647
2025,FL,2023,minivan,57915.02645488731,14,647
2025,FL,2023,suv,54064.46450181304,142,647
2025,FL,2023,pickup,49424.571769560294,215,647
2025,FL,2024,pickup,47502.256151344234,20372,647
2025,FL,2024,car,41440.859430365366,6317,647
2025,FL,2024,suv,65363.683934174456,11119,647
2025,FL,2024,cuv,39792.91119679732,20734,647
2025,FL,2024,minivan,65955.41790067311,544,647
2025,FL,2025,pickup,49793.116099686,153889,647
2025,FL,2025,car,33261.29775270928,207281,647
2025,FL,2025,suv,68755.69314648338,86691,647
2025,FL,2025,cuv,39377.445751581356,398244,647
2025,FL,2025,minivan,48267.09673759064,19117,647
2025,FL,2026,pickup,53581.352884887405,29985,647
2025,FL,2026,car,33389.34812017364,56708,647
2025,FL,2026,suv,76330.51649373177,15610,647
2025,FL,2026,cuv,42134.29382398561,104534,647
2025,FL,2026,minivan,45650.770139838205,5530,647
2025,GA,2023,pickup,50696.98125765966,173,614
2025,GA,2023,cuv,39899.931506513174,134,614
2025,GA,2023,car,45895.58296935326,257,614
2025,GA,2023,suv,56521.77177328339,89,614
2025,GA,2023,minivan,49999.74487063475,8,614
2025,GA,2024,pickup,49360.928213981126,12427,614
2025,GA,2024,car,37055.40333123529,3035,614
2025,GA,2024,suv,64393.93754119389,5953,614
2025,GA,2024,cuv,39693.14106408082,7730,614
2025,GA,2024,minivan,48965.68149853767,91,614
2025,GA,2025,car,32945.48899730167,68214,614
2025,GA,2025,pickup,52495.344398561705,59674,614
2025,GA,2025,suv,67414.97610178936,35887,614
2025,GA,2025,cuv,40423.39863342536,128550,614
2025,GA,2025,minivan,48303.2124482251,7820,614
2025,GA,2026,car,33143.312552471485,17172,614
2025,GA,2026,pickup,55757.46832145596,11413,614
2025,GA,2026,suv,76470.01486323356,5632,614
2025,GA,2026,cuv,43232.12308308326,33450,614
2025,GA,2026,minivan,46525.59693939342,2434,614
2025,HI,2023,cuv,39911.32009184561,109,484
2025,HI,2023,suv,81612.02393149605,17,484
2025,HI,2023,pickup,58360.86914466765,9,484
2025,HI,2023,car,46707.19680661993,19,484
2025,HI,2024,pickup,49065.354747031415,1969,484
2025,HI,2024,cuv,43114.01629821496,1108,484
2025,HI,2024,minivan,47212.78229155998,18,484
2025,HI,2024,car,39278.82293378805,325,484
2025,HI,2024,suv,65522.74149358343,289,484
2025,HI,2025,pickup,47563.313031261045,5809,484
2025,HI,2025,car,32769.90014206972,4807,484
2025,HI,2025,cuv,39758.34000010132,10597,484
2025,HI,2025,minivan,47893.380342788085,948,484
2025,HI,2025,suv,57111.838283082274,2494,484
2025,HI,2026,car,30937.82809497551,865,484
2025,HI,2026,cuv,40712.550705023314,2212,484
2025,HI,2026,minivan,47188.9777878088,310,484
2025,HI,2026,suv,61980.03602548253,188,484
2025,HI,2026,pickup,52531.474707044246,515,484
2025,IA,2023,pickup,54569.01082169624,50,491
2025,IA,2023,cuv,40134.70786271727,27,491
2025,IA,2023,suv,54190.97488095006,10,491
2025,IA,2023,car,40725.61313190065,36,491
2025,IA,2024,pickup,50128.69407910948,3426,491
2025,IA,2024,suv,65024.278275008175,1526,491
2025,IA,2024,car,36635.100292479656,465,491
2025,IA,2024,cuv,37383.01626990559,1844,491
2025,IA,2024,minivan,44127.084565870835,71,491
2025,IA,2025,pickup,55131.75946397106,20308,491
2025,IA,2025,car,34098.849689568626,7024,491
2025,IA,2025,suv,64370.795755201376,9690,491
2025,IA,2025,cuv,40518.32293130792,31683,491
2025,IA,2025,minivan,48842.17216904664,2487,491
2025,IA,2026,pickup,58052.749930822414,5302,491
2025,IA,2026,car,34847.22557059269,1609,491
2025,IA,2026,suv,72382.53235100921,1489,491
2025,IA,2026,cuv,41888.20859748983,9670,491
2025,IA,2026,minivan,46704.38194310688,952,491
2025,ID,2023,pickup,48927.38890746421,20,466
2025,ID,2023,suv,52764.166318455886,4,466
2025,ID,2023,car,49448.66349484915,10,466
2025,ID,2023,cuv,32900.34974303759,15,466
2025,ID,2024,pickup,52106.175340205504,1712,466
2025,ID,2024,car,36736.36881770724,332,466
2025,ID,2024,cuv,37298.72556195383,1027,466
2025,ID,2024,minivan,44914.80249464407,8,466
2025,ID,2024,suv,65741.61260720625,717,466
2025,ID,2025,pickup,53838.301075645126,11990,466
2025,ID,2025,suv,64981.09222488934,4722,466
2025,ID,2025,cuv,39983.48333402327,16893,466
2025,ID,2025,minivan,50394.6367902626,935,466
2025,ID,2025,car,34534.75813039283,5187,466
2025,ID,2026,pickup,57130.97868060766,2766,466
2025,ID,2026,cuv,44273.58940823574,3155,466
2025,ID,2026,minivan,48138.50922753955,183,466
2025,ID,2026,suv,71521.34828872586,963,466
2025,ID,2026,car,35064.193849971685,1003,466
2025,IL,2023,cuv,38511.2665604513,126,599
2025,IL,2023,suv,59045.13893158098,69,599
2025,IL,2023,car,56055.47928257895,151,599
2025,IL,2023,pickup,56036.738942961194,170,599
2025,IL,2023,minivan,71755.49324703106,3,599
2025,IL,2024,pickup,50433.523924057394,7822,599
2025,IL,2024,car,38216.63482286456,2330,599
2025,IL,2024,suv,64234.86934617407,5226,599
2025,IL,2024,cuv,38575.88579068958,10235,599
2025,IL,2024,minivan,44768.81558575077,186,599
2025,IL,2025,pickup,53577.34809947891,40667,599
2025,IL,2025,car,34222.59295256046,52747,599
2025,IL,2025,suv,66178.0896851841,33102,599
2025,IL,2025,cuv,40285.11693871308,160620,599
2025,IL,2025,minivan,48268.88250027939,10420,599
2025,IL,2026,pickup,57341.15863341018,10002,599
2025,IL,2026,car,35730.56322448012,11779,599
2025,IL,2026,suv,74571.5220408177,5922,599
2025,IL,2026,cuv,42937.20726034555,46802,599
2025,IL,2026,minivan,46252.72375766778,3617,599
2025,IN,2023,cuv,45062.744403004115,161,562
2025,IN,2023,minivan,76839.07173053475,13,562
2025,IN,2023,car,47257.967542593804,89,562
2025,IN,2023,suv,60858.65955845606,29,562
2025,IN,2023,pickup,54901.9852213909,59,562
2025,IN,2024,pickup,50084.73560652712,4941,562
2025,IN,2024,car,37411.3580611755,1268,562
2025,IN,2024,suv,62043.08678063994,3182,562
2025,IN,2024,cuv,38270.13949850588,4993,562
2025,IN,2024,minivan,70478.9819927799,596,562
2025,IN,2025,pickup,52968.4326053397,28293,562
2025,IN,2025,car,33640.95060561809,22311,562
2025,IN,2025,suv,64223.81804521349,15877,562
2025,IN,2025,cuv,39364.268643721625,70186,562
2025,IN,2025,minivan,53126.39198857982,5691,562
2025,IN,2026,pickup,56213.03298522207,7615,562
2025,IN,2026,suv,71981.80938332074,3197,562
2025,IN,2026,cuv,39924.48035075521,22638,562
2025,IN,2026,minivan,46704.93068507558,1883,562
2025,IN,2026,car,35756.83693133508,5048,562
2025,KS,2023,cuv,34958.81691103029,49,526
2025,KS,2023,pickup,51814.278786707444,47,526
2025,KS,2023,car,42827.66373057345,36,526
2025,KS,2023,suv,54215.252118302284,24,526
2025,KS,2023,minivan,45870,2,526
2025,KS,2024,pickup,48780.877182869444,3126,526
2025,KS,2024,car,33826.31318786059,602,526
2025,KS,2024,cuv,37878.67060967994,1995,526
2025,KS,2024,minivan,43337.047512963916,40,526
2025,KS,2024,suv,65131.651216362996,1426,526
2025,KS,2025,pickup,53805.32990431713,14185,526
2025,KS,2025,car,33112.404910745805,8704,526
2025,KS,2025,suv,67245.22384851286,7041,526
2025,KS,2025,cuv,39425.14605657163,23633,526
2025,KS,2025,minivan,48322.601220817014,1448,526
2025,KS,2026,pickup,57424.97111453587,3025,526
2025,KS,2026,cuv,40479.98962621826,6934,526
2025,KS,2026,minivan,45252.07811281709,643,526
2025,KS,2026,car,33580.28808818499,2023,526
2025,KS,2026,suv,73570.55348171122,1184,526
2025,KY,2023,cuv,44691.53747976306,24,536
2025,KY,2023,suv,50366.75473481594,29,536
2025,KY,2023,car,49539.49549288543,36,536
2025,KY,2023,pickup,48793.46463926868,20,536
2025,KY,2023,minivan,50540.51408415391,1,536
2025,KY,2024,pickup,49304.99125174431,3813,536
2025,KY,2024,car,37638.65967085553,703,536
2025,KY,2024,suv,65629.7517877446,2088,536
2025,KY,2024,cuv,37810.3141925852,2469,536
2025,KY,2024,minivan,58017.751748210096,122,536
2025,KY,2025,pickup,51199.675434875535,23742,536
2025,KY,2025,car,33951.01095916838,17602,536
2025,KY,2025,suv,63703.21393392224,12723,536
2025,KY,2025,cuv,39775.40650567603,46559,536
2025,KY,2025,minivan,50629.80404499714,3274,536
2025,KY,2026,pickup,54739.20054753986,6099,536
2025,KY,2026,suv,69252.69098126216,2232,536
2025,KY,2026,cuv,40012.089634896925,15537,536
2025,KY,2026,minivan,45826.55731078158,1287,536
2025,KY,2026,car,32913.985305206756,4940,536
2025,LA,2023,pickup,56122.416238841186,129,534
2025,LA,2023,cuv,38848.70350031866,75,534
2025,LA,2023,minivan,39910.76558142187,3,534
2025,LA,2023,car,48831.700385859425,44,534
2025,LA,2023,suv,55946.995930795616,65,534
2025,LA,2024,pickup,49939.36193050093,4762,534
2025,LA,2024,suv,65260.28122949227,3052,534
2025,LA,2024,car,37208.83495491727,883,534
2025,LA,2024,cuv,38277.94045397592,2784,534
2025,LA,2024,minivan,41729.22794969062,35,534
2025,LA,2025,pickup,52250.053306964764,31424,534
2025,LA,2025,suv,65272.002387465924,17062,534
2025,LA,2025,car,32146.66566811526,19163,534
2025,LA,2025,cuv,38925.53823728663,45721,534
2025,LA,2025,minivan,47371.6622064344,1998,534
2025,LA,2026,pickup,54857.40622881806,8121,534
2025,LA,2026,suv,76884.1320427655,2809,534
2025,LA,2026,cuv,39580.514254930655,13595,534
2025,LA,2026,minivan,45738.1395544323,657,534
2025,LA,2026,car,33646.896307239,4082,534
2025,MA,2023,pickup,52134.80404724794,126,588
2025,MA,2023,car,48814.68263979794,56,588
2025,MA,2023,cuv,38586.311997921635,151,588
2025,MA,2023,suv,57128.420166898504,59,588
2025,MA,2023,minivan,46083.529871052495,18,588
2025,MA,2024,pickup,52008.92363564252,4860,588
2025,MA,2024,car,37867.839235409665,1948,588
2025,MA,2024,suv,64546.30025830958,2527,588
2025,MA,2024,cuv,40107.76616566621,6661,588
2025,MA,2024,minivan,51643.54091094962,18,588
2025,MA,2025,pickup,52043.55155519524,32932,588
2025,MA,2025,car,34027.629343109955,38109,588
2025,MA,2025,suv,64194.66559103449,20618,588
2025,MA,2025,cuv,40449.965878299234,116621,588
2025,MA,2025,minivan,48627.48378364104,5367,588
2025,MA,2026,car,34284.63621467218,7474,588
2025,MA,2026,pickup,56960.820391380206,6409,588
2025,MA,2026,suv,70627.41196558843,3328,588
2025,MA,2026,cuv,44080.166265438296,21888,588
2025,MA,2026,minivan,46086.896281391884,1185,588
2025,MD,2023,cuv,37440.23821071202,71,579
2025,MD,2023,car,38231.9828734679,68,579
2025,MD,2023,pickup,52937.55106499816,86,579
2025,MD,2023,suv,59255.74881874984,29,579
2025,MD,2023,minivan,47466.23764517025,9,579
2025,MD,2024,pickup,49316.22519560938,5225,579
2025,MD,2024,car,37025.10777180791,1516,579
2025,MD,2024,suv,62746.335104706035,3351,579
2025,MD,2024,cuv,39093.854919682126,6119,579
2025,MD,2024,minivan,44277.16821250088,56,579
2025,MD,2025,pickup,50749.576303152746,25216,579
2025,MD,2025,car,33915.88135739799,42649,579
2025,MD,2025,suv,64690.25804180505,17372,579
2025,MD,2025,cuv,41342.4322694481,94828,579
2025,MD,2025,minivan,48724.0434346626,7240,579
2025,MD,2026,pickup,56028.370880428236,4940,579
2025,MD,2026,car,34290.177272699155,9625,579
2025,MD,2026,cuv,44183.267396200456,23230,579
2025,MD,2026,minivan,45961.50754092983,2162,579
2025,MD,2026,suv,72482.98821704133,3220,579
2025,ME,2023,pickup,55621.994373328234,18,466
2025,ME,2023,suv,50761.107019804964,12,466
2025,ME,2023,car,50287.88599149247,9,466
2025,ME,2023,minivan,52472.27928980875,1,466
2025,ME,2023,cuv,37767.51504983949,14,466
2025,ME,2024,pickup,52928.39122552263,1721,466
2025,ME,2024,suv,63598.3132458966,547,466
2025,ME,2024,cuv,39355.403156259694,1215,466
2025,ME,2024,minivan,42132.42891187653,13,466
2025,ME,2024,car,36325.1734645508,250,466
2025,ME,2025,pickup,53055.13049086565,12622,466
2025,ME,2025,suv,61952.817904988384,3848,466
2025,ME,2025,cuv,39476.6310569138,17251,466
2025,ME,2025,minivan,48103.60900235746,749,466
2025,ME,2025,car,32708.90275369934,4309,466
2025,ME,2026,pickup,57153.43518159179,2846,466
2025,ME,2026,cuv,40625.37305510823,4004,466
2025,ME,2026,minivan,46015.40111351821,181,466
2025,ME,2026,suv,70605.19328842923,663,466
2025,ME,2026,car,32941.72344032214,665,466
2025,MI,2023,pickup,52933.681625797806,159,574
2025,MI,2023,cuv,38924.98358154175,141,574
2025,MI,2023,suv,65230.35397375792,95,574
2025,MI,2023,car,59307.80117438692,205,574
2025,MI,2024,pickup,52332.06925214559,11585,574
2025,MI,2024,car,42015.832109731164,1939,574
2025,MI,2024,suv,62920.913422865386,6995,574
2025,MI,2024,cuv,39152.31248362024,13530,574
2025,MI,2024,minivan,45492.200624737234,75,574
2025,MI,2025,pickup,54295.125430920656,81066,574
2025,MI,2025,car,36408.64390202454,27916,574
2025,MI,2025,suv,57589.30806147216,51815,574
2025,MI,2025,cuv,37631.418688100974,153700,574
2025,MI,2025,minivan,47595.97951652401,6007,574
2025,MI,2026,pickup,53421.099226772014,22616,574
2025,MI,2026,suv,63973.75155219156,8364,574
2025,MI,2026,car,36391.29279264175,5560,574
2025,MI,2026,cuv,37017.90177708765,48076,574
2025,MI,2026,minivan,45352.46017372813,2504,574
2025,MN,2023,suv,62381.312331997004,15,555
2025,MN,2023,pickup,52661.378619483905,36,555
2025,MN,2023,car,50591.71844811651,41,555
2025,MN,2023,cuv,38725.8035868976,52,555
2025,MN,2023,minivan,64115.90924248579,4,555
2025,MN,2024,pickup,52014.71545299242,4608,555
2025,MN,2024,suv,66240.54104695872,2056,555
2025,MN,2024,cuv,38144.31579160243,4223,555
2025,MN,2024,minivan,58039.700604675156,94,555
2025,MN,2024,car,39228.94309933487,832,555
2025,MN,2025,pickup,54422.46589188281,30453,555
2025,MN,2025,suv,63624.603996248756,15331,555
2025,MN,2025,cuv,39693.12992667817,71812,555
2025,MN,2025,minivan,49769.156556572074,4876,555
2025,MN,2025,car,35216.34556185964,17261,555
2025,MN,2026,pickup,57891.935768630254,7518,555
2025,MN,2026,cuv,40770.354775259766,19849,555
2025,MN,2026,minivan,45931.89171969232,1399,555
2025,MN,2026,suv,70558.5909479973,2927,555
2025,MN,2026,car,35931.17440404381,3565,555
2025,MO,2023,pickup,53662.41952843868,76,546
2025,MO,2023,car,43434.663386556094,48,546
2025,MO,2023,cuv,36701.15423162467,80,546
2025,MO,2023,suv,62175.67674329543,29,546
2025,MO,2024,pickup,50100.465163546956,6965,546
2025,MO,2024,car,36340.758757874384,1160,546
2025,MO,2024,suv,63693.136924882136,3539,546
2025,MO,2024,cuv,37016.94005718371,5673,546
2025,MO,2024,minivan,43780.317616116736,81,546
2025,MO,2025,pickup,52322.773430567206,36768,546
2025,MO,2025,car,33769.55214361306,20452,546
2025,MO,2025,suv,63662.34630586944,18283,546
2025,MO,2025,cuv,38916.021765859965,67180,546
2025,MO,2025,minivan,47698.867690982755,3945,546
2025,MO,2026,pickup,55802.84122636703,9492,546
2025,MO,2026,car,34644.33409084273,4025,546
2025,MO,2026,suv,75542.64309638231,3838,546
2025,MO,2026,cuv,39463.446884901314,19704,546
2025,MO,2026,minivan,45335.211205186664,1529,546
2025,MS,2023,cuv,36568.1543248739,31,490
2025,MS,2023,pickup,54956.36081539687,21,490
2025,MS,2023,car,42053.786403073645,30,490
2025,MS,2023,suv,50195.63394196069,21,490
2025,MS,2023,minivan,45943.23753670274,1,490
2025,MS,2024,pickup,51065.656638259185,2886,490
2025,MS,2024,suv,63439.06872104075,1586,490
2025,MS,2024,cuv,37743.95260199224,2359,490
2025,MS,2024,minivan,44452.73214916648,26,490
2025,MS,2024,car,32618.942188336783,786,490
2025,MS,2025,pickup,52950.54388595953,15598,490
2025,MS,2025,suv,64797.99308022207,8252,490
2025,MS,2025,car,31668.88398341866,12061,490
2025,MS,2025,cuv,39069.67860349967,23304,490
2025,MS,2025,minivan,47949.05675500595,1147,490
2025,MS,2026,pickup,56098.388730248065,3885,490
2025,MS,2026,suv,75483.75608483821,1778,490
2025,MS,2026,cuv,40288.38044581016,7655,490
2025,MS,2026,minivan,45936.84718068786,335,490
2025,MS,2026,car,33470.020250368514,3292,490
2025,MT,2023,cuv,39446.12740748269,15,368
2025,MT,2023,minivan,39492.08707810305,1,368
2025,MT,2023,suv,58171.908149273964,8,368
2025,MT,2023,car,51164.05004479327,5,368
2025,MT,2023,pickup,55676.20982143424,5,368
2025,MT,2024,pickup,52816.036874560865,1218,368
2025,MT,2024,cuv,37689.96102424614,796,368
2025,MT,2024,suv,67939.16766504421,586,368
2025,MT,2024,car,37557.73378666416,171,368
2025,MT,2024,minivan,41263.40336204903,4,368
2025,MT,2025,pickup,55842.670406947065,7070,368
2025,MT,2025,suv,66101.86856324444,3091,368
2025,MT,2025,cuv,39668.01353709241,8557,368
2025,MT,2025,minivan,50011.77411352042,425,368
2025,MT,2025,car,37617.02137039471,1977,368
2025,MT,2026,cuv,41293.66214923652,1931,368
2025,MT,2026,minivan,49571.957897572385,68,368
2025,MT,2026,suv,72699.79669504263,639,368
2025,MT,2026,car,38302.22512485412,291,368
2025,MT,2026,pickup,58243.74233192345,1864,368
2025,NC,2023,pickup,47494.01532363312,635,606
2025,NC,2023,cuv,37291.39966411091,306,606
2025,NC,2023,minivan,42794.924078686854,12,606
2025,NC,2023,car,45279.58625196049,252,606
2025,NC,2023,suv,61597.6646562936,143,606
2025,NC,2024,pickup,49855.65756144421,11175,606
2025,NC,2024,car,43557.09372209712,2943,606
2025,NC,2024,suv,64667.39377640063,5349,606
2025,NC,2024,cuv,43209.278552847434,8115,606
2025,NC,2024,minivan,49137.67250462854,153,606
2025,NC,2025,pickup,52327.175801961544,62288,606
2025,NC,2025,car,35891.29202986393,72900,606
2025,NC,2025,suv,70057.19077319927,38122,606
2025,NC,2025,cuv,41893.78709378982,154882,606
2025,NC,2025,minivan,48332.35302241455,9975,606
2025,NC,2026,pickup,55777.228740154525,14671,606
2025,NC,2026,car,35930.132658926574,18333,606
2025,NC,2026,cuv,45896.3032698188,45837,606
2025,NC,2026,minivan,46825.14182768077,3254,606
2025,NC,2026,suv,79034.34371576842,8126,606
2025,ND,2023,pickup,59118.1403519248,16,355
2025,ND,2023,car,41996.4209041428,4,355
2025,ND,2023,minivan,39392.61823035023,1,355
2025,ND,2023,cuv,40005.828491989516,11,355
2025,ND,2023,suv,59915.56063779958,3,355
2025,ND,2024,pickup,52564.2124887743,1348,355
2025,ND,2024,suv,66272.46066367543,625,355
2025,ND,2024,cuv,38254.652105601,587,355
2025,ND,2024,minivan,44216.97094004304,12,355
2025,ND,2024,car,36040.472100120656,136,355
2025,ND,2025,pickup,55424.97009893016,10987,355
2025,ND,2025,suv,63911.870348563934,4560,355
2025,ND,2025,cuv,40669.84269592179,11622,355
2025,ND,2025,minivan,50644.14766610623,744,355
2025,ND,2025,car,34560.41816375487,2333,355
2025,ND,2026,pickup,58710.77782816291,2566,355
2025,ND,2026,suv,71034.55136648311,782,355
2025,ND,2026,cuv,41162.3631026851,3235,355
2025,ND,2026,minivan,46573.76241146391,212,355
2025,ND,2026,car,35346.43664177519,647,355
2025,NE,2023,car,52505.93128543229,17,507
2025,NE,2023,pickup,47940.982878176124,12,507
2025,NE,2023,minivan,46868.507642345496,3,507
2025,NE,2023,suv,73074.56388090027,12,507
2025,NE,2023,cuv,42254.02803261028,20,507
2025,NE,2024,pickup,52821.630655501336,2468,507
2025,NE,2024,car,43372.16061910856,359,507
2025,NE,2024,cuv,39030.254542428105,1302,507
2025,NE,2024,minivan,46824.962738264716,37,507
2025,NE,2024,suv,67511.1766093594,1394,507
2025,NE,2025,pickup,54715.27929426986,13980,507
2025,NE,2025,car,35441.16714477385,6047,507
2025,NE,2025,suv,65267.956978178845,7483,507
2025,NE,2025,cuv,41088.00219106557,24864,507
2025,NE,2025,minivan,50223.11291966238,1219,507
2025,NE,2026,pickup,58299.08982746154,3034,507
2025,NE,2026,car,36015.63567672883,1034,507
2025,NE,2026,suv,75208.36553524293,1148,507
2025,NE,2026,cuv,43401.40430906015,6701,507
2025,NE,2026,minivan,46845.136960579584,386,507
2025,NH,2023,suv,55228.322098481935,14,503
2025,NH,2023,pickup,47893.59742338781,37,503
2025,NH,2023,minivan,47789.322601470885,12,503
2025,NH,2023,cuv,43502.2855917398,16,503
2025,NH,2023,car,57743.30397313882,11,503
2025,NH,2024,pickup,51409.62924318435,2537,503
2025,NH,2024,car,34913.26004762482,431,503
2025,NH,2024,suv,58706.29294702465,851,503
2025,NH,2024,cuv,38069.342907430924,1734,503
2025,NH,2024,minivan,51612.23771469517,11,503
2025,NH,2025,pickup,52649.68239962042,14301,503
2025,NH,2025,car,39356.71747534414,8898,503
2025,NH,2025,suv,59251.528546429305,5522,503
2025,NH,2025,cuv,40446.95759238706,29358,503
2025,NH,2025,minivan,49062.234054474255,1219,503
2025,NH,2026,pickup,56776.88158952642,2927,503
2025,NH,2026,car,39725.2800501958,1822,503
2025,NH,2026,cuv,44647.27703317061,7243,503
2025,NH,2026,minivan,47015.65411656359,343,503
2025,NH,2026,suv,68574.61991049252,963,503
2025,NJ,2023,car,51899.67533723224,73,595
2025,NJ,2023,cuv,39502.138635049254,152,595
2025,NJ,2023,pickup,54330.5673455288,60,595
2025,NJ,2023,suv,57680.447909581126,66,595
2025,NJ,2023,minivan,48872.57221480257,26,595
2025,NJ,2024,pickup,52308.42868220347,4936,595
2025,NJ,2024,car,37415.05266754108,2348,595
2025,NJ,2024,suv,65914.93835071087,4517,595
2025,NJ,2024,cuv,41687.55181149622,10706,595
2025,NJ,2024,minivan,45048.84319323953,198,595
2025,NJ,2025,pickup,53454.196636839544,27270,595
2025,NJ,2025,car,36103.5117470969,52872,595
2025,NJ,2025,suv,66353.48594305999,33447,595
2025,NJ,2025,cuv,42520.03690389222,159425,595
2025,NJ,2025,minivan,48401.24332001797,7949,595
2025,NJ,2026,pickup,57963.61104966035,6099,595
2025,NJ,2026,car,38318.113764305956,10364,595
2025,NJ,2026,suv,73737.85627288518,5868,595
2025,NJ,2026,cuv,45285.031299266695,43381,595
2025,NJ,2026,minivan,45943.04886202774,2791,595
2025,NM,2023,pickup,55801.76451471046,34,506
2025,NM,2023,minivan,60085.43457929921,3,506
2025,NM,2023,car,48840.31645365408,22,506
2025,NM,2023,cuv,37284.373740324445,25,506
2025,NM,2023,suv,57257.09328766539,15,506
2025,NM,2024,pickup,51913.30209361605,1774,506
2025,NM,2024,car,33409.021006040544,509,506
2025,NM,2024,suv,66080.5890028875,947,506
2025,NM,2024,cuv,40374.34476795155,1353,506
2025,NM,2024,minivan,44614.40824873019,11,506
2025,NM,2025,pickup,53310.76973120305,11835,506
2025,NM,2025,car,33258.438085522575,7322,506
2025,NM,2025,suv,63725.66527186459,4817,506
2025,NM,2025,cuv,38711.27097510686,16752,506
2025,NM,2025,minivan,49663.506652011834,576,506
2025,NM,2026,pickup,54668.27891859696,2361,506
2025,NM,2026,car,34117.50238391863,1161,506
2025,NM,2026,cuv,40930.28289558756,3783,506
2025,NM,2026,minivan,46782.983212160645,144,506
2025,NM,2026,suv,73174.83251477659,787,506
2025,NV,2023,cuv,56314.750747631064,33,552
2025,NV,2023,pickup,60070.77185642797,48,552
2025,NV,2023,suv,62181.55671696303,36,552
2025,NV,2023,car,45221.97019839371,36,552
2025,NV,2024,car,37756.81112201884,618,552
2025,NV,2024,pickup,50858.777746548905,2397,552
2025,NV,2024,cuv,44130.55607511917,2568,552
2025,NV,2024,suv,73749.18592956867,1053,552
2025,NV,2024,minivan,49381.85478976759,16,552
2025,NV,2025,pickup,52775.96554066017,18324,552
2025,NV,2025,car,34234.875248770804,18103,552
2025,NV,2025,suv,72038.99241493341,8556,552
2025,NV,2025,cuv,41352.56726999828,36892,552
2025,NV,2025,minivan,49747.49683909038,2294,552
2025,NV,2026,car,34921.13925830765,3519,552
2025,NV,2026,pickup,55821.42470802003,3019,552
2025,NV,2026,suv,77133.14431550601,1252,552
2025,NV,2026,cuv,43125.102744353135,8038,552
2025,NV,2026,minivan,46422.5526820096,551,552
2025,NY,2023,pickup,53828.72494097388,195,630
2025,NY,2023,car,53698.16500900113,147,630
2025,NY,2023,cuv,39292.17606757566,294,630
2025,NY,2023,minivan,46480.03707726314,67,630
2025,NY,2023,suv,58057.77693934834,174,630
2025,NY,2024,pickup,51832.888342311606,10311,630
2025,NY,2024,car,37187.28454504292,3582,630
2025,NY,2024,suv,66384.47767467442,6073,630
2025,NY,2024,cuv,41045.15832159825,15820,630
2025,NY,2024,minivan,44081.415812856925,84,630
2025,NY,2025,pickup,53129.27019028726,65754,630
2025,NY,2025,car,35315.92972374357,75241,630
2025,NY,2025,suv,63600.67745884804,57277,630
2025,NY,2025,cuv,40482.595857145505,280180,630
2025,NY,2025,minivan,48188.75728852096,13524,630
2025,NY,2026,pickup,56614.67144100569,15988,630
2025,NY,2026,car,37829.4349535008,13888,630
2025,NY,2026,suv,72096.52391098296,9977,630
2025,NY,2026,cuv,42571.03983114386,73760,630
2025,NY,2026,minivan,46072.53310343756,3775,630
2025,OH,2023,pickup,54291.60059994421,158,595
2025,OH,2023,cuv,41322.526451598875,135,595
2025,OH,2023,minivan,48660.15407657567,8,595
2025,OH,2023,suv,59057.99316263747,104,595
2025,OH,2023,car,53503.28382786008,146,595
2025,OH,2024,pickup,49602.29382894545,10953,595
2025,OH,2024,suv,62938.22234920266,6239,595
2025,OH,2024,car,37846.059618788895,2403,595
2025,OH,2024,cuv,38592.68905790869,10994,595
2025,OH,2024,minivan,44187.78516715853,112,595
2025,OH,2025,pickup,51488.07835680281,63926,595
2025,OH,2025,car,33413.742127534664,57443,595
2025,OH,2025,suv,62466.2810061688,35515,595
2025,OH,2025,cuv,38869.98381430284,172276,595
2025,OH,2025,minivan,47473.256285044416,10871,595
2025,OH,2026,pickup,55531.895107266166,14680,595
2025,OH,2026,suv,67834.97852972934,6652,595
2025,OH,2026,car,33956.35497348813,12787,595
2025,OH,2026,cuv,39442.126588641186,53287,595
2025,OH,2026,minivan,45467.57060743362,4311,595
2025,OK,2023,cuv,36196.81261471962,56,534
2025,OK,2023,suv,54054.34856852976,41,534
2025,OK,2023,car,47628.57944826361,60,534
2025,OK,2023,pickup,55210.40101602729,47,534
2025,OK,2023,minivan,43394.934631353295,4,534
2025,OK,2024,pickup,50589.434745978004,4210,534
2025,OK,2024,car,37934.368939341184,616,534
2025,OK,2024,cuv,37721.42594703648,2186,534
2025,OK,2024,minivan,44978.89603290462,27,534
2025,OK,2024,suv,64393.25998183074,3034,534
2025,OK,2025,pickup,53071.60564583328,26169,534
2025,OK,2025,suv,66572.07634349905,13632,534
2025,OK,2025,cuv,38158.38162165499,37433,534
2025,OK,2025,car,32999.80059824928,12741,534
2025,OK,2025,minivan,48765.80019379667,1808,534
2025,OK,2026,pickup,55828.57661826752,5623,534
2025,OK,2026,cuv,39321.851555716465,10578,534
2025,OK,2026,minivan,46395.67391026458,674,534
2025,OK,2026,suv,79975.28435244382,2059,534
2025,OK,2026,car,34435.69122366673,2761,534
2025,OR,2023,pickup,51101.06945681384,41,575
2025,OR,2023,suv,61026.921239863856,44,575
2025,OR,2023,car,82501.34076860436,63,575
2025,OR,2023,minivan,43332.11658742924,7,575
2025,OR,2023,cuv,66720.49485123831,101,575
2025,OR,2024,pickup,50595.674700390744,5320,575
2025,OR,2024,car,39026.088372819446,1694,575
2025,OR,2024,cuv,42688.11157672828,5242,575
2025,OR,2024,minivan,44645.66583549738,23,575
2025,OR,2024,suv,64781.352458020556,1967,575
2025,OR,2025,pickup,51700.491812576955,29764,575
2025,OR,2025,car,36009.09682097701,31892,575
2025,OR,2025,cuv,41539.82977311936,81400,575
2025,OR,2025,minivan,49792.49120455604,5198,575
2025,OR,2025,suv,65304.938127561465,14873,575
2025,OR,2026,car,35343.62272169796,8513,575
2025,OR,2026,pickup,56594.96847415449,6236,575
2025,OR,2026,cuv,46211.63621526766,17690,575
2025,OR,2026,minivan,46637.698494254946,1363,575
2025,OR,2026,suv,75437.48742976638,2993,575
2025,PA,2023,pickup,52968.91355264173,125,614
2025,PA,2023,car,43946.77453027617,75,614
2025,PA,2023,cuv,40695.97879036618,199,614
2025,PA,2023,suv,63707.376100851674,136,614
2025,PA,2023,minivan,44995.97074637885,15,614
2025,PA,2024,pickup,50182.91672416789,11863,614
2025,PA,2024,car,37080.043209077434,2864,614
2025,PA,2024,suv,63937.13213234307,5501,614
2025,PA,2024,cuv,38221.002502174284,13108,614
2025,PA,2024,minivan,44534.508420344384,89,614
2025,PA,2025,pickup,52078.41854338098,60862,614
2025,PA,2025,car,34078.6116809274,57022,614
2025,PA,2025,suv,62855.1963295752,36166,614
2025,PA,2025,cuv,39477.59612665486,180212,614
2025,PA,2025,minivan,48471.84152286143,10175,614
2025,PA,2026,pickup,56409.688736837954,12909,614
2025,PA,2026,car,35071.89213022955,11445,614
2025,PA,2026,suv,69920.44473036959,6110,614
2025,PA,2026,cuv,41670.47965334365,46108,614
2025,PA,2026,minivan,46388.44913920553,2771,614
2025,RI,2023,car,45741.041613484216,13,464
2025,RI,2023,suv,66053.81257706335,13,464
2025,RI,2023,pickup,54663.15055234366,12,464
2025,RI,2023,minivan,44299.23598322688,2,464
2025,RI,2023,cuv,47576.24559262234,7,464
2025,RI,2024,suv,61905.61995128552,359,464
2025,RI,2024,cuv,41712.940278567294,756,464
2025,RI,2024,car,43039.190129201466,178,464
2025,RI,2024,pickup,53392.92296234213,567,464
2025,RI,2024,minivan,43842,1,464
2025,RI,2025,suv,61306.94976866083,3598,464
2025,RI,2025,cuv,41069.3021045086,13306,464
2025,RI,2025,minivan,49449.919723852574,523,464
2025,RI,2025,car,35380.435680796196,3631,464
2025,RI,2025,pickup,53748.73556449122,4737,464
2025,RI,2026,suv,74460.59648900677,460,464
2025,RI,2026,cuv,45222.028800328306,3175,464
2025,RI,2026,minivan,47530.66295326527,132,464
2025,RI,2026,car,36677.45598219097,1149,464
2025,RI,2026,pickup,58395.37997804603,1089,464
2025,SC,2023,cuv,38057.92548483293,63,554
2025,SC,2023,suv,59619.344577951415,33,554
2025,SC,2023,pickup,53902.096984563184,151,554
2025,SC,2023,car,49544.97427878063,61,554
2025,SC,2024,car,38309.02073481768,1131,554
2025,SC,2024,pickup,49494.36872304395,4753,554
2025,SC,2024,suv,66082.86691644404,2431,554
2025,SC,2024,cuv,38732.29097529008,3223,554
2025,SC,2024,minivan,43321.51025457873,48,554
2025,SC,2025,pickup,51715.13351299785,27761,554
2025,SC,2025,car,32290.274543359334,23517,554
2025,SC,2025,suv,67187.9873196354,14539,554
2025,SC,2025,cuv,39533.267305762405,55430,554
2025,SC,2025,minivan,47766.72623912921,2978,554
2025,SC,2026,pickup,55976.796813877416,5649,554
2025,SC,2026,car,32235.915104415086,5819,554
2025,SC,2026,cuv,40637.56124262146,15372,554
2025,SC,2026,minivan,47091.921040738634,1130,554
2025,SC,2026,suv,73676.03732695925,2523,554
2025,SD,2023,pickup,73652.08771741338,9,399
2025,SD,2023,car,67768.98524559486,7,399
2025,SD,2023,suv,44519.36828720484,5,399
2025,SD,2023,cuv,39996.44155256834,8,399
2025,SD,2024,pickup,52722.01579325613,1078,399
2025,SD,2024,suv,67815.8724551669,495,399
2025,SD,2024,cuv,37009.625393187365,751,399
2025,SD,2024,minivan,43719.14577371396,10,399
2025,SD,2024,car,40050.879229653096,108,399
2025,SD,2025,pickup,55979.44203777467,6992,399
2025,SD,2025,suv,64723.068277802995,3399,399
2025,SD,2025,cuv,41149.70651726109,9395,399
2025,SD,2025,minivan,48820.49768637048,485,399
2025,SD,2025,car,37117.46608328083,1804,399
2025,SD,2026,pickup,59714.59003514732,1500,399
2025,SD,2026,cuv,43117.269879455765,2764,399
2025,SD,2026,minivan,46199.05140827043,191,399
2025,SD,2026,car,38909.94583094327,288,399
2025,SD,2026,suv,73925.06430121542,548,399
2025,TN,2023,pickup,40586.562344841084,144,558
2025,TN,2023,cuv,39177.14946288852,71,558
2025,TN,2023,car,41021.09569785251,63,558
2025,TN,2023,suv,59899.68690991181,41,558
2025,TN,2023,minivan,53094.064098005685,3,558
2025,TN,2024,pickup,48119.44021749747,6833,558
2025,TN,2024,car,36770.72435100967,1473,558
2025,TN,2024,suv,65248.43801103852,3304,558
2025,TN,2024,cuv,36783.326249384605,5201,558
2025,TN,2024,minivan,44872.7294289155,50,558
2025,TN,2025,pickup,51626.36476649822,39531,558
2025,TN,2025,car,33055.61066719478,27575,558
2025,TN,2025,suv,68896.8156843311,19436,558
2025,TN,2025,cuv,39820.5015416782,71576,558
2025,TN,2025,minivan,48953.873087367945,3475,558
2025,TN,2026,pickup,56732.187072327826,8487,558
2025,TN,2026,car,33987.948511254086,5834,558
2025,TN,2026,cuv,41994.845179311174,16635,558
2025,TN,2026,minivan,46884.49605691276,1206,558
2025,TN,2026,suv,78042.4933057036,3405,558
2025,TX,2023,pickup,56614.47859279445,566,684
2025,TX,2023,car,45977.09372934846,326,684
2025,TX,2023,cuv,41245.648460435026,567,684
2025,TX,2023,minivan,44750.94006959192,10,684
2025,TX,2023,suv,60047.95773001451,262,684
2025,TX,2024,pickup,48881.86748527347,35724,684
2025,TX,2024,car,41344.22243628731,6693,684
2025,TX,2024,suv,65234.16371601574,20906,684
2025,TX,2024,cuv,38600.796008507816,24508,684
2025,TX,2024,minivan,45470.52030190831,200,684
2025,TX,2025,pickup,52096.988850004585,245752,684
2025,TX,2025,car,34610.67205337101,175656,684
2025,TX,2025,suv,69756.77322768493,126703,684
2025,TX,2025,cuv,40666.01153028031,395813,684
2025,TX,2025,minivan,49032.224314795334,18324,684
2025,TX,2026,pickup,54653.217181959524,56614,684
2025,TX,2026,car,34968.19227348593,45220,684
2025,TX,2026,cuv,43080.43977799857,111577,684
2025,TX,2026,suv,83778.56412598366,22016,684
2025,TX,2026,minivan,46834.70567178639,5510,684
2025,UT,2023,suv,70048.23791856771,18,522
2025,UT,2023,car,52815.40128229927,19,522
2025,UT,2023,cuv,35018.03687238145,32,522
2025,UT,2023,minivan,48512.92036970651,1,522
2025,UT,2023,pickup,55176.13823745567,49,522
2025,UT,2024,pickup,52814.23995079161,2426,522
2025,UT,2024,car,41991.163745916936,507,522
2025,UT,2024,suv,69309.31573073035,1036,522
2025,UT,2024,cuv,41468.956908440974,1884,522
2025,UT,2024,minivan,51484.39718747228,20,522
2025,UT,2025,pickup,54332.370739719554,16205,522
2025,UT,2025,car,35058.28678194998,8130,522
2025,UT,2025,suv,70365.91600901258,7607,522
2025,UT,2025,cuv,41310.032496020096,28471,522
2025,UT,2025,minivan,50088.73655204765,1801,522
2025,UT,2026,pickup,55655.702203088345,3586,522
2025,UT,2026,car,35196.1654642923,1524,522
2025,UT,2026,suv,77935.7155463153,1474,522
2025,UT,2026,cuv,44489.33639377127,6672,522
2025,UT,2026,minivan,46845.904206992156,685,522
2025,VA,2023,pickup,50298.613403160256,99,582
2025,VA,2023,car,46758.88704782972,104,582
2025,VA,2023,cuv,40060.48283313479,117,582
2025,VA,2023,minivan,43566.53773521521,5,582
2025,VA,2023,suv,54964.75640329573,34,582
2025,VA,2024,pickup,49568.504064112705,7519,582
2025,VA,2024,car,37521.573896063746,2178,582
2025,VA,2024,suv,63645.66734405151,4116,582
2025,VA,2024,cuv,38362.64766090014,7551,582
2025,VA,2024,minivan,43855.481638738165,38,582
2025,VA,2025,pickup,51387.32582727358,36730,582
2025,VA,2025,car,34097.87377729064,41264,582
2025,VA,2025,suv,66170.9823543928,22508,582
2025,VA,2025,cuv,40817.61244957309,98426,582
2025,VA,2025,minivan,48807.340287447354,7367,582
2025,VA,2026,pickup,55850.61708402233,7863,582
2025,VA,2026,car,33802.578104323155,8844,582
2025,VA,2026,suv,71308.72121106324,3807,582
2025,VA,2026,cuv,42683.122660615416,24860,582
2025,VA,2026,minivan,46637.68388808612,2243,582
2025,VT,2023,car,47598.55106180847,17,497
2025,VT,2023,pickup,74252.61948015279,163,497
2025,VT,2023,suv,89905.52293389775,24,497
2025,VT,2023,cuv,49607.056157858264,60,497
2025,VT,2023,minivan,51582.73161988185,1,497
2025,VT,2024,pickup,52424.56279966039,1335,497
2025,VT,2024,car,36387.35462632366,404,497
2025,VT,2024,suv,70770.84191500212,397,497
2025,VT,2024,cuv,41026.18589971523,1740,497
2025,VT,2024,minivan,47634.02413900356,16,497
2025,VT,2025,pickup,51289.99702967646,10023,497
2025,VT,2025,car,33836.69418648184,5466,497
2025,VT,2025,suv,61406.97880609912,2694,497
2025,VT,2025,cuv,39497.473538918275,15883,497
2025,VT,2025,minivan,49402.12675282849,1127,497
2025,VT,2026,pickup,56434.54187767452,2085,497
2025,VT,2026,car,31975.065028982288,1640,497
2025,VT,2026,cuv,39979.05851643855,2601,497
2025,VT,2026,minivan,49174.14604283518,160,497
2025,VT,2026,suv,66613.03634466649,409,497
2025,WA,2023,cuv,41162.3844414548,124,602
2025,WA,2023,suv,58668.21689979528,35,602
2025,WA,2023,car,45610.482980040164,54,602
2025,WA,2023,pickup,51348.94862460738,66,602
2025,WA,2023,minivan,46020.26102371713,7,602
2025,WA,2024,pickup,50608.44845346769,5641,602
2025,WA,2024,car,39895.035997975705,2491,602
2025,WA,2024,suv,66361.66338256895,2080,602
2025,WA,2024,cuv,43644.28381907794,7502,602
2025,WA,2024,minivan,46217.66021776743,58,602
2025,WA,2025,pickup,53171.30046152268,27466,602
2025,WA,2025,car,36215.92384432362,29948,602
2025,WA,2025,suv,71237.47554344118,12993,602
2025,WA,2025,cuv,42103.49663163215,90776,602
2025,WA,2025,minivan,51681.695222182265,4969,602
2025,WA,2026,pickup,57770.31430448375,4666,602
2025,WA,2026,car,35808.08846395352,5512,602
2025,WA,2026,cuv,45465.902481211415,15710,602
2025,WA,2026,minivan,48866.11390054646,914,602
2025,WA,2026,suv,73140.42584567989,2199,602
2025,WI,2023,suv,55947.01463173136,28,533
2025,WI,2023,car,56671.07890224076,65,533
2025,WI,2023,pickup,50782.85983407157,48,533
2025,WI,2023,cuv,43467.29848558784,22,533
2025,WI,2023,minivan,52964.69932818908,1,533
2025,WI,2024,pickup,51996.09056283033,5645,533
2025,WI,2024,suv,66658.22371362764,2649,533
2025,WI,2024,cuv,37679.98675900206,4355,533
2025,WI,2024,minivan,51848.45187009467,139,533
2025,WI,2024,car,40283.72962105667,763,533
2025,WI,2025,pickup,54504.501493279946,31010,533
2025,WI,2025,car,34186.179222878636,17722,533
2025,WI,2025,suv,62053.35750802411,14893,533
2025,WI,2025,cuv,39179.50622535444,69238,533
2025,WI,2025,minivan,47507.61550295646,4556,533
2025,WI,2026,pickup,57702.164419753186,7517,533
2025,WI,2026,suv,68388.44903120791,2700,533
2025,WI,2026,car,35732.894663813495,3429,533
2025,WI,2026,cuv,40314.15181670382,19473,533
2025,WI,2026,minivan,45753.994649323955,1530,533
2025,WV,2023,car,39813.17978964366,19,464
2025,WV,2023,suv,59839.20566894347,14,464
2025,WV,2023,cuv,39003.66859490469,21,464
2025,WV,2023,pickup,50523.884170284306,15,464
2025,WV,2024,pickup,49309.88708554326,2230,464
2025,WV,2024,cuv,36240.52452951302,1638,464
2025,WV,2024,suv,62369.86207168138,872,464
2025,WV,2024,car,35391.467595186354,458,464
2025,WV,2024,minivan,46929.679874849615,19,464
2025,WV,2025,pickup,50978.43856169193,12886,464
2025,WV,2025,cuv,38525.15416720073,21913,464
2025,WV,2025,suv,60235.37937637064,5815,464
2025,WV,2025,minivan,49574.57242018002,1145,464
2025,WV,2025,car,32333.29280793651,6665,464
2025,WV,2026,pickup,54280.140138239774,3082,464
2025,WV,2026,cuv,38945.45617081179,5911,464
2025,WV,2026,minivan,46144.83947201312,315,464
2025,WV,2026,suv,64055.60901613531,956,464
2025,WV,2026,car,33870.018471583506,1099,464
2025,WY,2023,pickup,68212.79989722613,4,304
2025,WY,2023,cuv,39018.69640342416,9,304
2025,WY,2023,suv,63253.577265184766,5,304
2025,WY,2023,car,45966.080755622745,3,304
2025,WY,2024,pickup,53150.8491036475,728,304
2025,WY,2024,cuv,38894.10099765094,376,304
2025,WY,2024,minivan,44231.68863764937,4,304
2025,WY,2024,suv,67721.66234966241,286,304
2025,WY,2024,car,38189.868595815205,89,304
2025,WY,2025,pickup,56282.66168330343,4114,304
2025,WY,2025,suv,62657.311114462886,1895,304
2025,WY,2025,cuv,39350.22895943257,3455,304
2025,WY,2025,minivan,51450.62654118578,321,304
2025,WY,2025,car,33550.95546050193,772,304
2025,WY,2026,cuv,41776.70553051362,735,304
2025,WY,2026,minivan,50174.394793424755,49,304
2025,WY,2026,suv,70737.84862236858,284,304
2025,WY,2026,pickup,59863.04381875216,917,304
2025,WY,2026,car,35418.485705291176,149,304
